kode_sid,password
OGI9W,OGI9W
H1YP1,H1YP1
8FDQS,8FDQS
LGLKG,LGLKG
BI7Z6,BI7Z6
D0PAN,D0PAN
G5APP,G5APP
L5QR0,L5QR0
F9ZL4,F9ZL4
ZLBFG,ZLBFG
9LP4W,9LP4W
CNXZ3,CNXZ3
A0810,A0810
RPCXB,RPCXB
QB26O,QB26O
MQ4FU,MQ4FU
9S80U,9S80U
XK0E0,XK0E0
0S4IN,0S4IN
LDUFK,LDUFK
NYWI7,NYWI7
ZLM23,ZLM23
KI8ZB,KI8ZB
3WYOX,3WYOX
5UFJ1,5UFJ1
I2TJL,I2TJL
T49ED,T49ED
C646H,C646H
0G7PP,0G7PP
Y9XOF,Y9XOF
6LGPH,6LGPH
NUUPL,NUUPL
3ISAC,3ISAC
MB5QZ,MB5QZ
P3O9X,P3O9X
PUOEP,PUOEP
G4R59,G4R59
D6SVI,D6SVI
IQNIG,IQNIG
P6ZNH,P6ZNH
WL95Q,WL95Q
Z013R,Z013R
498UE,498UE
0O012,0O012
UE7OK,UE7OK
8CNEP,8CNEP
EU1EL,EU1EL
T9UN6,T9UN6
KRFVG,KRFVG
GFWPV,GFWPV
U5DMY,U5DMY
DM8QB,DM8QB
6N2E4,6N2E4
TLW0X,TLW0X
U0XZ5,U0XZ5
9SGPC,9SGPC
1WITT,1WITT
4UV5H,4UV5H
2JXO2,2JXO2
FXZFG,FXZFG
QK2KZ,QK2KZ
NUDTL,NUDTL
LJTGX,LJTGX
B0VDQ,B0VDQ
RAOG6,RAOG6
ZLOIH,ZLOIH
8ANWM,8ANWM
J4SVA,J4SVA
76BQT,76BQT
DYWAI,DYWAI
J4466,J4466
O5B27,O5B27
AV0WJ,AV0WJ
RE5N8,RE5N8
TNL9B,TNL9B
X1ZVT,X1ZVT
ZNCQA,ZNCQA
7U5L5,7U5L5
Q9NI4,Q9NI4
A3NAN,A3NAN
Q1QQE,Q1QQE
9W6UG,9W6UG
IWJB6,IWJB6
P3JJ1,P3JJ1
79PXD,79PXD
EO4P4,EO4P4
C96QR,C96QR
1Q89A,1Q89A
A5ZJG,A5ZJG
OE969,OE969
8NPRZ,8NPRZ
QDTLW,QDTLW
KVRZM,KVRZM
P6GZ3,P6GZ3
TDCL7,TDCL7
L6WUH,L6WUH
DFUSP,DFUSP
XVAVV,XVAVV
HKZBS,HKZBS
REO98,REO98
2O5RD,2O5RD
FFDJU,FFDJU
F758M,F758M
WP60M,WP60M
HPYLJ,HPYLJ
XLCUL,XLCUL
TR4K0,TR4K0
656IB,656IB
X6YH8,X6YH8
H1PSN,H1PSN
C3GZN,C3GZN
2MRGX,2MRGX
YAQO6,YAQO6
VFQ00,VFQ00
XNOQY,XNOQY
E5BU8,E5BU8
IOZO4,IOZO4
H9ZCU,H9ZCU
CZVUS,CZVUS
9LKBD,9LKBD
PBAHU,PBAHU
4QWDP,4QWDP
CBK40,CBK40
T48BH,T48BH
S6YBD,S6YBD
QAOGA,QAOGA
WGGDN,WGGDN
BH3GK,BH3GK
9HX8Z,9HX8Z
PUE1V,PUE1V
PCP3O,PCP3O
68MDK,68MDK
XYYAI,XYYAI
LSNHD,LSNHD
RO3P5,RO3P5
JG8LX,JG8LX
NVI76,NVI76
6A7B3,6A7B3
8ER0C,8ER0C
BQZX4,BQZX4
WUIUV,WUIUV
FOX6N,FOX6N
WY3RD,WY3RD
UFTBT,UFTBT
Z8W2O,Z8W2O
DDVWK,DDVWK
MS3MS,MS3MS
6XHH3,6XHH3
WZN62,WZN62
686AM,686AM
JKO8L,JKO8L
EU4QT,EU4QT
EYNG5,EYNG5
UI6XY,UI6XY
9UVWZ,9UVWZ
WVCTL,WVCTL
K97DY,K97DY
KM7U1,KM7U1
8WXB0,8WXB0
0AIJJ,0AIJJ
3Z6QV,3Z6QV
HCIOZ,HCIOZ
QA3FJ,QA3FJ
34I4L,34I4L
DRRHR,DRRHR
BTW93,BTW93
F7XZ8,F7XZ8
LQLCI,LQLCI
U867W,U867W
3OQYR,3OQYR
TTM2W,TTM2W
WH4ZJ,WH4ZJ
9P30B,9P30B
QUDIA,QUDIA
IOO2T,IOO2T
YTCAH,YTCAH
3V70L,3V70L
7UXHG,7UXHG
SLOFT,SLOFT
DWWSU,DWWSU
L4T0K,L4T0K
06YF7,06YF7
VZP2R,VZP2R
JTWY4,JTWY4
O70MP,O70MP
GMYT7,GMYT7
HG908,HG908
43O79,43O79
AZDLY,AZDLY
LQG2D,LQG2D
803EF,803EF
P7MUM,P7MUM
FU5OW,FU5OW
NCZVL,NCZVL
Z9ZXM,Z9ZXM
NJKGJ,NJKGJ
5GQLB,5GQLB
XJRVU,XJRVU
XNKZ1,XNKZ1
MXHDC,MXHDC
STK9B,STK9B
QMT6K,QMT6K
ZKB09,ZKB09
F3ZEL,F3ZEL
Z6Y2U,Z6Y2U
34UML,34UML
CD3LZ,CD3LZ
KOVA4,KOVA4
ZJBR6,ZJBR6
6K359,6K359
UP18J,UP18J
OXFF4,OXFF4
85V3V,85V3V
MKCZ0,MKCZ0
XQNZN,XQNZN
FJYLU,FJYLU
CPEJX,CPEJX
GCUDD,GCUDD
1J9R0,1J9R0
RIGXC,RIGXC
3HDJG,3HDJG
KGZZW,KGZZW
2RHTY,2RHTY
WUGKC,WUGKC
05CLJ,05CLJ
SH7VH,SH7VH
AZTWN,AZTWN
AA780,AA780
HMRQO,HMRQO
EEP3O,EEP3O
XZCOF,XZCOF
E10RP,E10RP
8QXZY,8QXZY
Q6634,Q6634
1G1PT,1G1PT
0A1HP,0A1HP
0RJN1,0RJN1
PZE6A,PZE6A
LCSFU,LCSFU
XAIZ2,XAIZ2
6M1YC,6M1YC
OKZNA,OKZNA
D4AP4,D4AP4
UVNXA,UVNXA
UGXQ5,UGXQ5
ZT6N9,ZT6N9
XGOTH,XGOTH
W4P63,W4P63
Q8IJ9,Q8IJ9
J474Z,J474Z
LSDEV,LSDEV
7KYT9,7KYT9
K8GV5,K8GV5
BGGP4,BGGP4
6ONRN,6ONRN
8IY1Q,8IY1Q
5ZHJW,5ZHJW
O3FJK,O3FJK
FI7ZJ,FI7ZJ
C2K3K,C2K3K
ZKXGR,ZKXGR
G11WN,G11WN
J44ES,J44ES
ZJU5E,ZJU5E
9GT17,9GT17
7KLHT,7KLHT
A4ZOE,A4ZOE
N4EMR,N4EMR
AC6GX,AC6GX
2L5K7,2L5K7
EU6CW,EU6CW
ES9HC,ES9HC
0D6HO,0D6HO
HDS8Z,HDS8Z
7PTRX,7PTRX
EF1RL,EF1RL
4M4AK,4M4AK
90AHV,90AHV
3PZ7S,3PZ7S
4OJY5,4OJY5
IMX79,IMX79
JF1SY,JF1SY
F0E84,F0E84
FN6WG,FN6WG
69W3Q,69W3Q
9S3A3,9S3A3
NB63E,NB63E
SC8GJ,SC8GJ
GV4VN,GV4VN
QFZJ8,QFZJ8
2F3K8,2F3K8
TOLH0,TOLH0
UGWZN,UGWZN
6F5FY,6F5FY
UJHG3,UJHG3
KT85D,KT85D
7NJTI,7NJTI
OS5W4,OS5W4
85YXM,85YXM
SSIQB,SSIQB
EBU86,EBU86
DJN6V,DJN6V
WSKXL,WSKXL
GCKA1,GCKA1
DSIYW,DSIYW
J9KQP,J9KQP
PYF0I,PYF0I
PS5R0,PS5R0
2Z8D4,2Z8D4
ZLQTQ,ZLQTQ
MPFPA,MPFPA
L7PTV,L7PTV
BOM9T,BOM9T
EZ08N,EZ08N
WSCA0,WSCA0
0779U,0779U
CZ6PG,CZ6PG
NDNFJ,NDNFJ
9PW7C,9PW7C
A9IC9,A9IC9
S1AZP,S1AZP
MMYIC,MMYIC
2YZPQ,2YZPQ
CPHR5,CPHR5
4MBCM,4MBCM
UC9NZ,UC9NZ
2OU5F,2OU5F
JW6DI,JW6DI
RZ2V7,RZ2V7
9L7PL,9L7PL
SLFOC,SLFOC
VSDTZ,VSDTZ
SUP6Y,SUP6Y
R8QD7,R8QD7
N38PB,N38PB
LE5VS,LE5VS
HQ4VD,HQ4VD
6NM47,6NM47
6P12Y,6P12Y
Y83O2,Y83O2
V28NY,V28NY
P9IHU,P9IHU
VNCBV,VNCBV
RB94K,RB94K
9NGA0,9NGA0
CPIA9,CPIA9
BPQ59,BPQ59
NV6YJ,NV6YJ
UA0FV,UA0FV
3OZ91,3OZ91
VVWK3,VVWK3
L3AC4,L3AC4
2SA9C,2SA9C
2MC6V,2MC6V
GZK52,GZK52
IY1GC,IY1GC
OULTQ,OULTQ
C97GA,C97GA
0CVEQ,0CVEQ
RX01S,RX01S
8DB1M,8DB1M
7TS3H,7TS3H
S6PVL,S6PVL
J0QH9,J0QH9
F2CD8,F2CD8
9CTCQ,9CTCQ
5193Q,5193Q
5DRAG,5DRAG
OZSPE,OZSPE
252BM,252BM
5VD18,5VD18
MEAHB,MEAHB
BLWLJ,BLWLJ
DCT9M,DCT9M
DXXGW,DXXGW
L2L96,L2L96
7PWYE,7PWYE
20G2H,20G2H
SC6YG,SC6YG
IG4QL,IG4QL
PFVSJ,PFVSJ
AXRW1,AXRW1
PKBIW,PKBIW
PWNFQ,PWNFQ
4FRDF,4FRDF
IECHT,IECHT
B431T,B431T
W2BQK,W2BQK
OQ8TH,OQ8TH
O9W0D,O9W0D
GWVGT,GWVGT
EZQUO,EZQUO
YT5R9,YT5R9
9ETFJ,9ETFJ
V9L8K,V9L8K
GHUY5,GHUY5
4HHYC,4HHYC
5II9F,5II9F
GS72K,GS72K
Y1HT6,Y1HT6
P3OTI,P3OTI
XGUIK,XGUIK
UA18H,UA18H
DUM0E,DUM0E
31J9O,31J9O
069B9,069B9
DLVII,DLVII
QXQK9,QXQK9
7FSRT,7FSRT
3RC8Q,3RC8Q
YMCCR,YMCCR
AT320,AT320
SY4NM,SY4NM
BAI1L,BAI1L
HJESU,HJESU
NXEOB,NXEOB
OS4W6,OS4W6
YSOTT,YSOTT
741Q5,741Q5
T5LCO,T5LCO
Y64ZX,Y64ZX
H01GG,H01GG
JLIK9,JLIK9
ROI8K,ROI8K
QPG3S,QPG3S
5T3M1,5T3M1
9KWOO,9KWOO
84Q3D,84Q3D
5VBIB,5VBIB
F38EZ,F38EZ
5P42I,5P42I
OJJNU,OJJNU
7QMTI,7QMTI
EFW2F,EFW2F
GA4DP,GA4DP
CSV7V,CSV7V
YTEHT,YTEHT
WO4NW,WO4NW
8Q9NA,8Q9NA
FUFEI,FUFEI
W4N90,W4N90
7VL8W,7VL8W
A64KG,A64KG
KAON1,KAON1
QUNFZ,QUNFZ
UCFK8,UCFK8
ZNM2D,ZNM2D
M7N6H,M7N6H
LF9NH,LF9NH
4I9WE,4I9WE
YBT3P,YBT3P
3XRN9,3XRN9
LNWO5,LNWO5
4LAQS,4LAQS
TAD1G,TAD1G
8VK20,8VK20
G1KC6,G1KC6
TNHZ2,TNHZ2
2SGVL,2SGVL
N14P3,N14P3
5QD58,5QD58
CYUDC,CYUDC
BYKVQ,BYKVQ
23RQB,23RQB
33OEC,33OEC
L9GYQ,L9GYQ
S08UV,S08UV
QY9QH,QY9QH
DB6KN,DB6KN
R8GCK,R8GCK
R7DKO,R7DKO
KTVGX,KTVGX
O3NMC,O3NMC
GVGAI,GVGAI
ZWL5T,ZWL5T
YX4JA,YX4JA
1I5ES,1I5ES
CSTYD,CSTYD
J15DX,J15DX
RG7S6,RG7S6
XGNGT,XGNGT
IF1DK,IF1DK
BEHJW,BEHJW
ST0B3,ST0B3
S1QP9,S1QP9
SM3K9,SM3K9
A5XIO,A5XIO
M414F,M414F
VG1O7,VG1O7
7TZCM,7TZCM
YMB2R,YMB2R
TFKPN,TFKPN
DHIQJ,DHIQJ
82QS3,82QS3
T66FG,T66FG
AZFZG,AZFZG
I6FDB,I6FDB
E1KS3,E1KS3
Z66XO,Z66XO
WZBTT,WZBTT
K78LA,K78LA
NF7TS,NF7TS
GM459,GM459
WPNDE,WPNDE
PYX8M,PYX8M
HVERZ,HVERZ
WLUHX,WLUHX
TANEL,TANEL
VT2ZZ,VT2ZZ
TMJ4Q,TMJ4Q
2BNCL,2BNCL
TIRN7,TIRN7
HHNJF,HHNJF
TPVDG,TPVDG
0PS44,0PS44
WBP2E,WBP2E
ISBWP,ISBWP
F47XL,F47XL
BN9BF,BN9BF
QEYXM,QEYXM
HXVD7,HXVD7
SMKGC,SMKGC
TIGGH,TIGGH
7H6IP,7H6IP
54V79,54V79
HIX64,HIX64
V18VF,V18VF
ZW7YE,ZW7YE
JOIN4,JOIN4
OH038,OH038
X42WT,X42WT
THZYI,THZYI
RCMTB,RCMTB
0BVRF,0BVRF
UCKZ3,UCKZ3
RE9JJ,RE9JJ
0LG7U,0LG7U
BWXYT,BWXYT
8LL6X,8LL6X
8GR5K,8GR5K
BGSD6,BGSD6
EMPT3,EMPT3
O7IYG,O7IYG
T8MDP,T8MDP
U6GT1,U6GT1
4HOAL,4HOAL
FJAVJ,FJAVJ
FVIQ9,FVIQ9
59OUI,59OUI
RQRDF,RQRDF
E7OCO,E7OCO
TQPRE,TQPRE
YJTTY,YJTTY
WCH2A,WCH2A
INM7H,INM7H
0IPZP,0IPZP
CADRF,CADRF
M6PBI,M6PBI
N8X0J,N8X0J
O9JO0,O9JO0
KG2SL,KG2SL
7ANJI,7ANJI
AKO20,AKO20
R2ZY2,R2ZY2
RXKIO,RXKIO
7V4JI,7V4JI
4YVTZ,4YVTZ
X9ZLC,X9ZLC
XGPDM,XGPDM
8GRKF,8GRKF
JG4W4,JG4W4
M22GH,M22GH
LC3TZ,LC3TZ
R2YJU,R2YJU
H106Y,H106Y
Q5458,Q5458
CK0R0,CK0R0
8AVDY,8AVDY
2Z9EN,2Z9EN
JJWMB,JJWMB
U51NQ,U51NQ
0AHO6,0AHO6
QE1DP,QE1DP
ELXOH,ELXOH
1SG57,1SG57
96JRH,96JRH
2KVIC,2KVIC
VDQEG,VDQEG
BUIQH,BUIQH
4DFHZ,4DFHZ
QZQVC,QZQVC
D420W,D420W
US9XL,US9XL
8C3JX,8C3JX
6GM8J,6GM8J
JG9O2,JG9O2
CJSMS,CJSMS
4HQ4E,4HQ4E
SUJ01,SUJ01
LVSK2,LVSK2
7HTJR,7HTJR
L95S3,L95S3
CDOD9,CDOD9
ACF43,ACF43
E4ZYN,E4ZYN
NF36O,NF36O
O6PR9,O6PR9
BG8KP,BG8KP
OC2D4,OC2D4
PQQCM,PQQCM
HMGZQ,HMGZQ
Q6DYO,Q6DYO
35I4B,35I4B
89D1Y,89D1Y
6WXPY,6WXPY
J4MA1,J4MA1
Y5IHQ,Y5IHQ
9172D,9172D
Q6AZ5,Q6AZ5
1NCCX,1NCCX
J678N,J678N
6L8MX,6L8MX
3PX6K,3PX6K
XWPEU,XWPEU
U5TDW,U5TDW
EJB9T,EJB9T
A0C53,A0C53
NZEUG,NZEUG
YKSHU,YKSHU
166H1,166H1
1GW8L,1GW8L
YA8DB,YA8DB
9FSZI,9FSZI
4K93P,4K93P
BSH77,BSH77
Z9N1I,Z9N1I
T75TA,T75TA
G0O55,G0O55
RQBQP,RQBQP
EX9E9,EX9E9
VJW4W,VJW4W
XMENB,XMENB
MH1AM,MH1AM
L81IJ,L81IJ
HWKBW,HWKBW
383FN,383FN
J61SD,J61SD
LORO1,LORO1
L40D5,L40D5
M71J7,M71J7
LM2BV,LM2BV
O6AU0,O6AU0
X5RC9,X5RC9
9KZU2,9KZU2
I8G5A,I8G5A
WYOST,WYOST
SS51Y,SS51Y
YUHWY,YUHWY
JPLRM,JPLRM
AWSA3,AWSA3
HCZHB,HCZHB
JTC2E,JTC2E
25S4Q,25S4Q
QGJT3,QGJT3
3FKPM,3FKPM
WTWRS,WTWRS
K9WXG,K9WXG
4F1XR,4F1XR
C21YV,C21YV
W8OZG,W8OZG
A0FAW,A0FAW
1BBT2,1BBT2
TLIZL,TLIZL
7IKOE,7IKOE
HQGH9,HQGH9
QQRUZ,QQRUZ
T1BY7,T1BY7
JYD75,JYD75
8I4NK,8I4NK
ZEJBA,ZEJBA
7WA3J,7WA3J
BX6Y0,BX6Y0
H5NC6,H5NC6
FK9HG,FK9HG
KREXG,KREXG
2OCMB,2OCMB
Q6JAZ,Q6JAZ
PADTV,PADTV
69K7I,69K7I
MMBCN,MMBCN
PJIP7,PJIP7
A5RIZ,A5RIZ
N77OV,N77OV
Q5WA5,Q5WA5
FCUKC,FCUKC
INEHZ,INEHZ
VKRQJ,VKRQJ
LEA2R,LEA2R
3FDEX,3FDEX
PV150,PV150
TH0X4,TH0X4
TROVE,TROVE
ASMC6,ASMC6
P9ZIJ,P9ZIJ
O257S,O257S
ESK30,ESK30
F9U7K,F9U7K
RH09M,RH09M
XHWDW,XHWDW
PZ3RB,PZ3RB
BNZVS,BNZVS
INA75,INA75
3R426,3R426
CM9HJ,CM9HJ
96VXY,96VXY
JF1EY,JF1EY
MNT2E,MNT2E
LYP1Z,LYP1Z
B1GPR,B1GPR
C5NAO,C5NAO
OLOGL,OLOGL
4KK0M,4KK0M
I9DT2,I9DT2
2WI3L,2WI3L
YNKKG,YNKKG
X1JXZ,X1JXZ
GH7PW,GH7PW
IDL2V,IDL2V
8ZILX,8ZILX
WTVLK,WTVLK
5Q00I,5Q00I
RFOY2,RFOY2
DEJBS,DEJBS
VZEXL,VZEXL
SHIXC,SHIXC
BMTFG,BMTFG
9M8UK,9M8UK
NNJWP,NNJWP
EU33P,EU33P
MY47I,MY47I
018JN,018JN
3OPZW,3OPZW
ZCYNO,ZCYNO
P31F5,P31F5
TOCDO,TOCDO
6BXN0,6BXN0
MSKI1,MSKI1
SDM2I,SDM2I
XESAH,XESAH
ZE6NF,ZE6NF
21LFU,21LFU
7X2R5,7X2R5
1ID77,1ID77
3O860,3O860
4DRTD,4DRTD
W6R5E,W6R5E
Y5P60,Y5P60
K5Z0N,K5Z0N
10YNQ,10YNQ
AQ12A,AQ12A
7KB1P,7KB1P
NMZX3,NMZX3
LJ8OP,LJ8OP
P5VE3,P5VE3
X5O0H,X5O0H
5XAH0,5XAH0
MQ5UR,MQ5UR
AIDX9,AIDX9
PEQWI,PEQWI
OD7Y5,OD7Y5
JPDTV,JPDTV
BIBTZ,BIBTZ
JUCCY,JUCCY
FG2QE,FG2QE
8H5LT,8H5LT
GLOM7,GLOM7
MRL7D,MRL7D
FKBJL,FKBJL
1MT6X,1MT6X
6JC11,6JC11
TGBJ5,TGBJ5
DP30R,DP30R
8UZZP,8UZZP
3O5CC,3O5CC
NO7SS,NO7SS
HW7WY,HW7WY
N10RZ,N10RZ
LFXY3,LFXY3
XH6N8,XH6N8
H8KQ5,H8KQ5
H31DS,H31DS
3GZS1,3GZS1
0FXDZ,0FXDZ
4UVXJ,4UVXJ
6J4RY,6J4RY
0BOOY,0BOOY
XWN08,XWN08
Y9WFE,Y9WFE
6QY4R,6QY4R
SEUQJ,SEUQJ
VWCLZ,VWCLZ
NDUH8,NDUH8
MMF2Y,MMF2Y
P9MXC,P9MXC
1PZ3F,1PZ3F
QTWPF,QTWPF
4R11L,4R11L
235VM,235VM
8K4OI,8K4OI
P4KLE,P4KLE
WWZZ9,WWZZ9
C97UV,C97UV
DIOMS,DIOMS
HZBM8,HZBM8
J2ZFC,J2ZFC
B2BG8,B2BG8
3DU30,3DU30
L2PHD,L2PHD
OXJX2,OXJX2
KSTLP,KSTLP
WDL53,WDL53
7RQO4,7RQO4
Q1X9K,Q1X9K
1OW99,1OW99
G89OK,G89OK
P7M4X,P7M4X
5OG34,5OG34
E6GLH,E6GLH
OK4V3,OK4V3
VJ8M3,VJ8M3
21OEY,21OEY
XJCBJ,XJCBJ
T63GO,T63GO
X5U4F,X5U4F
R8XNN,R8XNN
R4N6Z,R4N6Z
8SLG0,8SLG0
GSZBA,GSZBA
E3LOW,E3LOW
LZWOE,LZWOE
NET3O,NET3O
QBA1C,QBA1C
Y3VN2,Y3VN2
83COO,83COO
XXF6L,XXF6L
YM5AI,YM5AI
YQIFH,YQIFH
0815K,0815K
45X85,45X85
BFP1P,BFP1P
UYQG4,UYQG4
TP0EL,TP0EL
W9PSW,W9PSW
YP4IS,YP4IS
59RSM,59RSM
BJ5RH,BJ5RH
HVRY6,HVRY6
4PPGF,4PPGF
Q9ABN,Q9ABN
HKA9O,HKA9O
NBCVD,NBCVD
1CUSG,1CUSG
632SU,632SU
V9BH6,V9BH6
L2S3U,L2S3U
DIKA1,DIKA1
AA5D7,AA5D7
TB9PZ,TB9PZ
8QETV,8QETV
12KKH,12KKH
7BHER,7BHER
170AM,170AM
BM5SR,BM5SR
PRC1X,PRC1X
AR4AY,AR4AY
I8T0G,I8T0G
MX352,MX352
DP8I8,DP8I8
Q2O1S,Q2O1S
M2XXS,M2XXS
YHA8O,YHA8O
0N5JS,0N5JS
L7N95,L7N95
S4FMV,S4FMV
D4QNL,D4QNL
WOEGB,WOEGB
513WK,513WK
DLHH2,DLHH2
D7RPO,D7RPO
42QX8,42QX8
EWZAL,EWZAL
JZNQR,JZNQR
NPP6S,NPP6S
IGLVW,IGLVW
NZR0A,NZR0A
CJY1J,CJY1J
OCQML,OCQML
0KXW5,0KXW5
PBPFM,PBPFM
305B8,305B8
V1QGD,V1QGD
TKG4T,TKG4T
Z1S4L,Z1S4L
XG8QB,XG8QB
UCDCU,UCDCU
CYWDZ,CYWDZ
L4B0Q,L4B0Q
61PPH,61PPH
GT213,GT213
WM173,WM173
7H6UI,7H6UI
9W444,9W444
G96TV,G96TV
0WT37,0WT37
6LEB7,6LEB7
5NTMH,5NTMH
CVXKE,CVXKE
CQLKL,CQLKL
I4O4B,I4O4B
9Z70M,9Z70M
4PZAB,4PZAB
CNJ6Q,CNJ6Q
HLT25,HLT25
I4D26,I4D26
ONSA5,ONSA5
NXJOH,NXJOH
P2DOI,P2DOI
FBJLN,FBJLN
A8UH4,A8UH4
PQ1FO,PQ1FO
9P8HY,9P8HY
EK657,EK657
XROT8,XROT8
JRO2T,JRO2T
CRVE2,CRVE2
0CZKK,0CZKK
NYLFC,NYLFC
C5BE7,C5BE7
IS08H,IS08H
9AH8N,9AH8N
IEJHV,IEJHV
4DTJ7,4DTJ7
NQ9S6,NQ9S6
A8DOV,A8DOV
LX6L0,LX6L0
M3EMF,M3EMF
KYF5M,KYF5M
4PG1V,4PG1V
T7AA3,T7AA3
5ZWCJ,5ZWCJ
XAWJT,XAWJT
S3TOZ,S3TOZ
B2KTV,B2KTV
4LLWK,4LLWK
F4IQR,F4IQR
C5P8H,C5P8H
35HW9,35HW9
59KZW,59KZW
GLQWA,GLQWA
YJCU9,YJCU9
XFPIZ,XFPIZ
M0MRF,M0MRF
VR37P,VR37P
ZLC2G,ZLC2G
6YZ1Z,6YZ1Z
14VU1,14VU1
AI5J1,AI5J1
H8JEA,H8JEA
IRAIS,IRAIS
P3BWC,P3BWC
KV5Z3,KV5Z3
ZNYJA,ZNYJA
YPNVE,YPNVE
OR1ER,OR1ER
6R00X,6R00X
FGU4K,FGU4K
EFF63,EFF63
HXERI,HXERI
186FJ,186FJ
7TY9E,7TY9E
X45R9,X45R9
9YMPH,9YMPH
W7MV6,W7MV6
MI1MA,MI1MA
IRO1L,IRO1L
TBELC,TBELC
SSUY9,SSUY9
5R43B,5R43B
GQX5U,GQX5U
FD9LL,FD9LL
WD8P5,WD8P5
32RTI,32RTI
Z0NQC,Z0NQC
KAJJL,KAJJL
56NX2,56NX2
I72DL,I72DL
WRKXS,WRKXS
YGY4A,YGY4A
V5BFU,V5BFU
6COQ5,6COQ5
YC4DY,YC4DY
62J42,62J42
HPB4H,HPB4H
S15HB,S15HB
OKMR8,OKMR8
GRQS2,GRQS2
TNP50,TNP50
S4QWJ,S4QWJ
895P2,895P2
EALMM,EALMM
UFRPX,UFRPX
0XG6Q,0XG6Q
XL6GB,XL6GB
QUYYX,QUYYX
BMK3N,BMK3N
QHHSP,QHHSP
H220M,H220M
1B0Y9,1B0Y9
ZMUQY,ZMUQY
BRYEH,BRYEH
2QA50,2QA50
GT6JN,GT6JN
XSEI9,XSEI9
KGVRC,KGVRC
9DY8T,9DY8T
24KLA,24KLA
M0MKB,M0MKB
1Q7WS,1Q7WS
NYO2N,NYO2N
Z8NPG,Z8NPG
1XU2C,1XU2C
F5TXT,F5TXT
GLODP,GLODP
YOD07,YOD07
J9NFI,J9NFI
PG2XH,PG2XH
D6MPY,D6MPY
G78A5,G78A5
3VCDU,3VCDU
NSTLQ,NSTLQ
Z4UIQ,Z4UIQ
84BSF,84BSF
OSSIQ,OSSIQ
JCK9Y,JCK9Y
0TMCO,0TMCO
JXDXM,JXDXM
PUG4N,PUG4N
MC4F9,MC4F9
93SZP,93SZP
QH8RU,QH8RU
PYW9T,PYW9T
QXUZN,QXUZN
O360Y,O360Y
IAZKV,IAZKV
EH31N,EH31N
N7KSL,N7KSL
EEM0M,EEM0M
VX27W,VX27W
UFICS,UFICS
5ONJI,5ONJI
D6G03,D6G03
R99UF,R99UF
E8ECH,E8ECH
XQC6T,XQC6T
246FB,246FB
KB2RA,KB2RA
HDE00,HDE00
5H52K,5H52K
61YXC,61YXC
GTJ48,GTJ48
FN3PZ,FN3PZ
9YX6U,9YX6U
2FQAR,2FQAR
IFZSM,IFZSM
2C035,2C035
4OBOY,4OBOY
H74CZ,H74CZ
61TJI,61TJI
XZMX2,XZMX2
VE91C,VE91C
Z6EBU,Z6EBU
1HMK1,1HMK1
ZSP6Z,ZSP6Z
F5DEU,F5DEU
ALL7F,ALL7F
EL35X,EL35X
CV4JU,CV4JU
XH5L5,XH5L5
E3VN5,E3VN5
VE0HQ,VE0HQ
8C49E,8C49E
K6A2L,K6A2L
992RQ,992RQ
3O8K4,3O8K4
2WW8Q,2WW8Q
2TJJX,2TJJX
BL0CT,BL0CT
M3W9G,M3W9G
Y8IUR,Y8IUR
2595T,2595T
MK232,MK232
Q7UZ9,Q7UZ9
YPOII,YPOII
SHO9Z,SHO9Z
E9ROJ,E9ROJ
ZJ9BZ,ZJ9BZ
OGWW2,OGWW2
RX77H,RX77H
UJA1C,UJA1C
UHEGZ,UHEGZ
WI16Q,WI16Q
H25RR,H25RR
O40WV,O40WV
B28IF,B28IF
OJL0I,OJL0I
088BF,088BF
Y6M9Q,Y6M9Q
YQQLV,YQQLV
BRCHF,BRCHF
WTDXK,WTDXK
EOPIK,EOPIK
S3Y4L,S3Y4L
OADSR,OADSR
OHJ3Z,OHJ3Z
QPBII,QPBII
A332P,A332P
VG7YN,VG7YN
DTDXX,DTDXX
J1MJQ,J1MJQ
HMBAD,HMBAD
AUT8G,AUT8G
YVIUM,YVIUM
T0THN,T0THN
ZVC4P,ZVC4P
P958K,P958K
7EWCO,7EWCO
I92Z1,I92Z1
4VX7G,4VX7G
O4GO6,O4GO6
WI7H1,WI7H1
PR1J2,PR1J2
85UCG,85UCG
ED31S,ED31S
Z4MYP,Z4MYP
PF7JC,PF7JC
Y5PF1,Y5PF1
2LTVI,2LTVI
R1THH,R1THH
FDHH9,FDHH9
Z9HXG,Z9HXG
LHGGC,LHGGC
SKZ1A,SKZ1A
E17Z6,E17Z6
5VR7C,5VR7C
5RZNU,5RZNU
GYNYH,GYNYH
9EOJI,9EOJI
ZSC6Y,ZSC6Y
ABNEY,ABNEY
2RL6A,2RL6A
E4Y19,E4Y19
WHS6P,WHS6P
1ZB11,1ZB11
POBBN,POBBN
J32KY,J32KY
4PCTT,4PCTT
GXOGQ,GXOGQ
S7S10,S7S10
V5Y0U,V5Y0U
LSHPX,LSHPX
PP13C,PP13C
8BO10,8BO10
W0VJ8,W0VJ8
UNTEA,UNTEA
PURYA,PURYA
O69XK,O69XK
OI1DB,OI1DB
O73HJ,O73HJ
F3ZQ2,F3ZQ2
NKP2G,NKP2G
YABYI,YABYI
GI2SO,GI2SO
K3RCT,K3RCT
FEEBJ,FEEBJ
SE8CJ,SE8CJ
STVP7,STVP7
0BLA0,0BLA0
3FJFJ,3FJFJ
NPV72,NPV72
5MPIP,5MPIP
CT4KU,CT4KU
H37KV,H37KV
NNLK1,NNLK1
L19NU,L19NU
GFYNM,GFYNM
2A4EL,2A4EL
B96GY,B96GY
3SNXP,3SNXP
Z89KP,Z89KP
7EJCC,7EJCC
O1E6N,O1E6N
XZVL2,XZVL2
H3HY8,H3HY8
7DDN3,7DDN3
X7VAT,X7VAT
XM5UD,XM5UD
9DX45,9DX45
E7FG1,E7FG1
H4O30,H4O30
74UX0,74UX0
5NJV9,5NJV9
R3CV5,R3CV5
BZFU1,BZFU1
H2T2J,H2T2J
Y2MSX,Y2MSX
9VLXX,9VLXX
KIZGU,KIZGU
HZL23,HZL23
T0L0W,T0L0W
B8F2I,B8F2I
TCD1P,TCD1P
K34FC,K34FC
0QXRI,0QXRI
BMDAK,BMDAK
H85ND,H85ND
GXNWD,GXNWD
JJJWN,JJJWN
XO65N,XO65N
GBE78,GBE78
7V9QV,7V9QV
6O3XD,6O3XD
KSTJT,KSTJT
9RV1R,9RV1R
YYV4J,YYV4J
AMHZQ,AMHZQ
LFCFR,LFCFR
JYQZ2,JYQZ2
8XL96,8XL96
GA7KU,GA7KU
DLA65,DLA65
M15HF,M15HF
RLFEX,RLFEX
9R2Q5,9R2Q5
GFTUK,GFTUK
OLF3L,OLF3L
QCUB0,QCUB0
S6740,S6740
17BRH,17BRH
BT8RU,BT8RU
H59RD,H59RD
UOQOQ,UOQOQ
HKQLB,HKQLB
98MDE,98MDE
30OHE,30OHE
NDNFT,NDNFT
JPCC6,JPCC6
OCK3E,OCK3E
6TB6W,6TB6W
BUF7N,BUF7N
ROHDO,ROHDO
RBTYY,RBTYY
8QZ14,8QZ14
YTDBY,YTDBY
7P9ZH,7P9ZH
C88B4,C88B4
0EU1D,0EU1D
B8SMC,B8SMC
HRXEY,HRXEY
O0ZWR,O0ZWR
HWTYM,HWTYM
8Y03C,8Y03C
ZTZ0W,ZTZ0W
KS9Z2,KS9Z2
2NZXC,2NZXC
RBDY1,RBDY1
Z67M5,Z67M5
6SELE,6SELE
Z0Y1Y,Z0Y1Y
YBAY7,YBAY7
B9LZV,B9LZV
EC9AL,EC9AL
FGQUC,FGQUC
OXIA8,OXIA8
ASJ0L,ASJ0L
PKNBR,PKNBR
1DO48,1DO48
0QKFC,0QKFC
GQPUF,GQPUF
ENPRK,ENPRK
9QSYR,9QSYR
MMQFM,MMQFM
RDCJT,RDCJT
I2N1S,I2N1S
XWR80,XWR80
W2LL3,W2LL3
C2YNF,C2YNF
Z0G2Z,Z0G2Z
K2FRM,K2FRM
4HJGN,4HJGN
TXJGT,TXJGT
YWRD3,YWRD3
82U8E,82U8E
GO8OY,GO8OY
HYIZ0,HYIZ0
0WAMS,0WAMS
LN2CM,LN2CM
Z38MH,Z38MH
2L48H,2L48H
AN1U8,AN1U8
LXSGL,LXSGL
WYWWC,WYWWC
IHP60,IHP60
WBXCQ,WBXCQ
URZB8,URZB8
00J28,00J28
80FJH,80FJH
BW605,BW605
336M5,336M5
1OIIH,1OIIH
X3GF7,X3GF7
T6PFM,T6PFM
N56V0,N56V0
RNU1B,RNU1B
HPNP2,HPNP2
X6DLR,X6DLR
67OG7,67OG7
3X2UX,3X2UX
OP9PQ,OP9PQ
H5U6S,H5U6S
9UOTQ,9UOTQ
Y3WWG,Y3WWG
FFL0O,FFL0O
YAG9X,YAG9X
BI6FW,BI6FW
GPE9B,GPE9B
PMWP0,PMWP0
Z2JHY,Z2JHY
6876L,6876L
AJZK3,AJZK3
BLXPY,BLXPY
9GYO7,9GYO7
GOU4F,GOU4F
L4IG0,L4IG0
LSLRK,LSLRK
CCCL5,CCCL5
GYDSD,GYDSD
E78IM,E78IM
WH8LL,WH8LL
H1BCP,H1BCP
N8CFM,N8CFM
VELDH,VELDH
2EMF7,2EMF7
8OG93,8OG93
ED9VX,ED9VX
3BJ8A,3BJ8A
B29CV,B29CV
QH2TH,QH2TH
2G1R3,2G1R3
Z54AV,Z54AV
HW15P,HW15P
YFGMN,YFGMN
EO26D,EO26D
GNC7P,GNC7P
PVN2T,PVN2T
N8P9Z,N8P9Z
BX53E,BX53E
BXB5P,BXB5P
JIWY2,JIWY2
POVWY,POVWY
2ACU5,2ACU5
8AY99,8AY99
LA44A,LA44A
D3XW6,D3XW6
8RHJC,8RHJC
2RGK7,2RGK7
0P5OI,0P5OI
8J5HE,8J5HE
92JGS,92JGS
YKAUI,YKAUI
UP0AX,UP0AX
TWAVZ,TWAVZ
EEYZC,EEYZC
YGCEN,YGCEN
SRTD3,SRTD3
XMR1G,XMR1G
L8HUI,L8HUI
IHYZX,IHYZX
O1FAP,O1FAP
ZT1MO,ZT1MO
C4ZFA,C4ZFA
BTIPH,BTIPH
61PNW,61PNW
CLL5S,CLL5S
YYVC7,YYVC7
27OCU,27OCU
K1KR2,K1KR2
FFPYR,FFPYR
70LSK,70LSK
ZLJAX,ZLJAX
68ZZY,68ZZY
6T91Z,6T91Z
4UXHS,4UXHS
QSO4A,QSO4A
E02F5,E02F5
EBB30,EBB30
R4D2L,R4D2L
J06MK,J06MK
QUQQV,QUQQV
QD1LP,QD1LP
IYD7T,IYD7T
TNHT1,TNHT1
OGDR7,OGDR7
LHI30,LHI30
AANJ9,AANJ9
7Q5WA,7Q5WA
1T21K,1T21K
WY4RI,WY4RI
PFZIF,PFZIF
HADBO,HADBO
OK8CO,OK8CO
8X42Q,8X42Q
PKLKF,PKLKF
DC1ZB,DC1ZB
R0TC3,R0TC3
SU8CH,SU8CH
BZ6WI,BZ6WI
NLQNV,NLQNV
4NIRE,4NIRE
79D63,79D63
6V39A,6V39A
APIPA,APIPA
C83L5,C83L5
WJYQP,WJYQP
GZOTO,GZOTO
1ZBGO,1ZBGO
M2R3R,M2R3R
Y5SLZ,Y5SLZ
07DWC,07DWC
0ZL40,0ZL40
0M9CA,0M9CA
M14L2,M14L2
77XEU,77XEU
RPF64,RPF64
EBH8D,EBH8D
8AKGO,8AKGO
3AO2H,3AO2H
G3ECW,G3ECW
I7OTV,I7OTV
NDKKK,NDKKK
A2ANY,A2ANY
CHWZ0,CHWZ0
CW78Z,CW78Z
3IELX,3IELX
ORY0C,ORY0C
8UB8P,8UB8P
5ZY07,5ZY07
5WCQF,5WCQF
ZPENK,ZPENK
79SO3,79SO3
I9VIT,I9VIT
YW6TU,YW6TU
520TX,520TX
7RGFO,7RGFO
IC2SH,IC2SH
YSI1Y,YSI1Y
VZPBK,VZPBK
4ZZ4G,4ZZ4G
4UCYF,4UCYF
3ABGD,3ABGD
Y494X,Y494X
V6RAO,V6RAO
YMRI0,YMRI0
NAY1Z,NAY1Z
BBBFG,BBBFG
6C60A,6C60A
VOX63,VOX63
R062G,R062G
D7L5S,D7L5S
AEJ5U,AEJ5U
HE6ZM,HE6ZM
ZVNIX,ZVNIX
YVEO1,YVEO1
NK83V,NK83V
0395P,0395P
ULOBD,ULOBD
WF5DI,WF5DI
3SSI4,3SSI4
R2VJP,R2VJP
2CH2Z,2CH2Z
TYI0O,TYI0O
HUKRH,HUKRH
4FUXV,4FUXV
VKF42,VKF42
6JSAT,6JSAT
3RTHP,3RTHP
QN8JM,QN8JM
E9M8E,E9M8E
MIO3S,MIO3S
9015W,9015W
5Z21I,5Z21I
MNA5H,MNA5H
1VGNO,1VGNO
O1C16,O1C16
X7CSE,X7CSE
XI3N0,XI3N0
GUPAY,GUPAY
WK3DE,WK3DE
7R44E,7R44E
G3FCT,G3FCT
RR7OH,RR7OH
KASDJ,KASDJ
WPTJ4,WPTJ4
IV8ET,IV8ET
806CW,806CW
UYJ3B,UYJ3B
1DMC7,1DMC7
PFWIB,PFWIB
QIYJV,QIYJV
FU75R,FU75R
DSVAG,DSVAG
66EHY,66EHY
VJDQX,VJDQX
D32A7,D32A7
DOO3G,DOO3G
KEF4W,KEF4W
0ROD4,0ROD4
6NJU8,6NJU8
HQX8I,HQX8I
7JJHB,7JJHB
KTHZM,KTHZM
3M499,3M499
TXF2D,TXF2D
5Q3BD,5Q3BD
GCS1R,GCS1R
2KA4B,2KA4B
Z2IBT,Z2IBT
O6IZ6,O6IZ6
UUP9E,UUP9E
E3G85,E3G85
ZOAMD,ZOAMD
GC964,GC964
GBHRE,GBHRE
YPNLX,YPNLX
BEQ8A,BEQ8A
G0F80,G0F80
8Z3XT,8Z3XT
O3TGN,O3TGN
WP1R4,WP1R4
RNEJT,RNEJT
OFAHV,OFAHV
2FSFH,2FSFH
P2LXP,P2LXP
4VXFI,4VXFI
TCFGU,TCFGU
FP7H6,FP7H6
U19D4,U19D4
QNO19,QNO19
733DJ,733DJ
7GS65,7GS65
84XPB,84XPB
R135R,R135R
AGZ49,AGZ49
KPCZ2,KPCZ2
LDL1F,LDL1F
SEJBM,SEJBM
WOWO2,WOWO2
YMDY9,YMDY9
TQGWF,TQGWF
QJ2Y8,QJ2Y8
JEWHB,JEWHB
W88E0,W88E0
EFTIL,EFTIL
5EKJJ,5EKJJ
WTJUN,WTJUN
9CLC7,9CLC7
WYCH7,WYCH7
XBZCO,XBZCO
AN7ZW,AN7ZW
P1GL5,P1GL5
0F7WY,0F7WY
8W7GK,8W7GK
FXKQN,FXKQN
R182C,R182C
TA0EV,TA0EV
YWVX2,YWVX2
31Y70,31Y70
JVOJO,JVOJO
XFK9U,XFK9U
QICPT,QICPT
0ODCT,0ODCT
7CDJ5,7CDJ5
CMFGR,CMFGR
E0L1A,E0L1A
IRPEL,IRPEL
FVCOQ,FVCOQ
CIC9N,CIC9N
RIENW,RIENW
YMVLG,YMVLG
LC84Z,LC84Z
OYZQI,OYZQI
TNYFH,TNYFH
TCDCB,TCDCB
CQY48,CQY48
UKJX4,UKJX4
L8HDL,L8HDL
BMFG4,BMFG4
QTOHI,QTOHI
OOO6V,OOO6V
0A6XS,0A6XS
9T99B,9T99B
1K075,1K075
BD4W9,BD4W9
F31AH,F31AH
M3AZ1,M3AZ1
G5N6K,G5N6K
I5UOA,I5UOA
5YXHV,5YXHV
G0R3L,G0R3L
G15K4,G15K4
QYGQK,QYGQK
RHUDK,RHUDK
87P56,87P56
VOZJI,VOZJI
4SJ08,4SJ08
YE2F3,YE2F3
PNUIP,PNUIP
NLBZ7,NLBZ7
387LE,387LE
C6BQ2,C6BQ2
CAX5Z,CAX5Z
4FJ00,4FJ00
J2VSZ,J2VSZ
3KWQ7,3KWQ7
LLG0Z,LLG0Z
O1B9L,O1B9L
E3YF6,E3YF6
4T3PJ,4T3PJ
ZIHFK,ZIHFK
FYWH6,FYWH6
FON1M,FON1M
2IQIJ,2IQIJ
IHX9V,IHX9V
8M7HF,8M7HF
6AWID,6AWID
5BJ9S,5BJ9S
9YSKG,9YSKG
GRSDO,GRSDO
WVOZ8,WVOZ8
NZD94,NZD94
0HA8M,0HA8M
WS9RF,WS9RF
SGUUE,SGUUE
MAIL5,MAIL5
HSD2Y,HSD2Y
61A48,61A48
789PP,789PP
FPXMI,FPXMI
OVETA,OVETA
TKP52,TKP52
ZRYFA,ZRYFA
EXXJZ,EXXJZ
RUFEH,RUFEH
OX07Y,OX07Y
TE7NU,TE7NU
LNN1D,LNN1D
8CUM7,8CUM7
CRMQM,CRMQM
NENQY,NENQY
SSU76,SSU76
YO9CP,YO9CP
3N212,3N212
FMQ4J,FMQ4J
B54SN,B54SN
L6TZK,L6TZK
6HMCN,6HMCN
37P4K,37P4K
V1B73,V1B73
BGGEN,BGGEN
TP621,TP621
1NHED,1NHED
NZ6LF,NZ6LF
KKG7L,KKG7L
JAH59,JAH59
KHUII,KHUII
HOBEY,HOBEY
M5OR1,M5OR1
ULUSQ,ULUSQ
Y76CS,Y76CS
ZX096,ZX096
SNA2I,SNA2I
XDNG9,XDNG9
88KEM,88KEM
C7TDB,C7TDB
FID5L,FID5L
X8W1Z,X8W1Z
Z17O6,Z17O6
P7JJF,P7JJF
1DURY,1DURY
HU69G,HU69G
UKQVC,UKQVC
PDOBC,PDOBC
H1MLS,H1MLS
GXFC4,GXFC4
IOBQD,IOBQD
MOINL,MOINL
6B29W,6B29W
61OSQ,61OSQ
WE2HL,WE2HL
DRGQG,DRGQG
R9873,R9873
5P4KY,5P4KY
E0Y64,E0Y64
0XKLC,0XKLC
S17MJ,S17MJ
HZUIR,HZUIR
9ELO4,9ELO4
VKXN1,VKXN1
4KP42,4KP42
YHEM1,YHEM1
01SUL,01SUL
CAIEJ,CAIEJ
DEWQR,DEWQR
P0X5Y,P0X5Y
UK9KV,UK9KV
7QETL,7QETL
NI1Z3,NI1Z3
2FEX1,2FEX1
HA5GD,HA5GD
IUD16,IUD16
C28O9,C28O9
32TIV,32TIV
1RKD2,1RKD2
KUFRH,KUFRH
REHK5,REHK5
2IUSV,2IUSV
MNVHH,MNVHH
U2NYD,U2NYD
0EHF5,0EHF5
IONUT,IONUT
E0QPM,E0QPM
HFFO8,HFFO8
RRUZU,RRUZU
103YW,103YW
BYJXE,BYJXE
WXVCN,WXVCN
I2DKM,I2DKM
OYCG9,OYCG9
FQ3P6,FQ3P6
G095G,G095G
B4EXJ,B4EXJ
DO302,DO302
3U7HC,3U7HC
EGGBO,EGGBO
4CMNN,4CMNN
NU23I,NU23I
TB37D,TB37D
6A0VX,6A0VX
HF10M,HF10M
Y83XR,Y83XR
P4YTA,P4YTA
WF48M,WF48M
ATJF6,ATJF6
SCCOU,SCCOU
10302,10302
V8GQ3,V8GQ3
ASK1S,ASK1S
1VLK3,1VLK3
W09JB,W09JB
75W01,75W01
QQAL7,QQAL7
2KPS6,2KPS6
LWXBB,LWXBB
49PUW,49PUW
5KA1S,5KA1S
3URFO,3URFO
6V16Q,6V16Q
R0GCR,R0GCR
9ZQ53,9ZQ53
7DSYA,7DSYA
7AEXF,7AEXF
MKVK6,MKVK6
8UDIQ,8UDIQ
QQH35,QQH35
BCBDM,BCBDM
ZKZDS,ZKZDS
KIYHX,KIYHX
VT4H6,VT4H6
A2VKY,A2VKY
72S8L,72S8L
8AQGX,8AQGX
IHIVK,IHIVK
26K1P,26K1P
O114O,O114O
291DQ,291DQ
XIYDP,XIYDP
CROC5,CROC5
S7SU5,S7SU5
2QF3Q,2QF3Q
X81L0,X81L0
9KO8S,9KO8S
IW8NO,IW8NO
9GXIC,9GXIC
WCGBR,WCGBR
KVKV3,KVKV3
RVHCE,RVHCE
QUNE5,QUNE5
QJCFV,QJCFV
0P046,0P046
61O2U,61O2U
1LQF8,1LQF8
V89F3,V89F3
LMM4E,LMM4E
IH1LI,IH1LI
5MAWT,5MAWT
HT2KV,HT2KV
5VZ1T,5VZ1T
G6D3Z,G6D3Z
POU63,POU63
87RJN,87RJN
YJNZ2,YJNZ2
49QNP,49QNP
TGMJ0,TGMJ0
ULEHA,ULEHA
RB4M2,RB4M2
UGY7G,UGY7G
D8OZ2,D8OZ2
6YFKC,6YFKC
2IY65,2IY65
EZ10K,EZ10K
4ZM9C,4ZM9C
17FMZ,17FMZ
JKEA0,JKEA0
2O4N6,2O4N6
H3U7E,H3U7E
UTR7I,UTR7I
3ZD5S,3ZD5S
F5HGJ,F5HGJ
0Y4I5,0Y4I5
AYH2R,AYH2R
PMNAR,PMNAR
CJ8WV,CJ8WV
1D3SA,1D3SA
0KLLY,0KLLY
LOADY,LOADY
2U3K8,2U3K8
7AEUM,7AEUM
1L8T8,1L8T8
L3RLO,L3RLO
FQ201,FQ201
IB5TR,IB5TR
K43PY,K43PY
FSUL5,FSUL5
MTA1W,MTA1W
ESAZB,ESAZB
ES6RX,ES6RX
DN9UK,DN9UK
CF7AC,CF7AC
7BC5Z,7BC5Z
JTGTV,JTGTV
KJHTA,KJHTA
HNZW1,HNZW1
YX2HK,YX2HK
KKLIR,KKLIR
ZHSO0,ZHSO0
F9MX2,F9MX2
EE3ZK,EE3ZK
G686Y,G686Y
879B9,879B9
1OA52,1OA52
F4MRD,F4MRD
MZ747,MZ747
41J3U,41J3U
5QYIU,5QYIU
4U4AJ,4U4AJ
ZVMK7,ZVMK7
CVCJV,CVCJV
38H33,38H33
JY1G5,JY1G5
XBA1H,XBA1H
NKDC4,NKDC4
4BV8D,4BV8D
TGLSR,TGLSR
HQJN2,HQJN2
5F8DZ,5F8DZ
P9DTW,P9DTW
405QN,405QN
MFIWB,MFIWB
GWM43,GWM43
3N4V5,3N4V5
E8QUW,E8QUW
B9YVB,B9YVB
U3K2B,U3K2B
KV6WG,KV6WG
8XUN2,8XUN2
4XEII,4XEII
RHRQN,RHRQN
KOC8T,KOC8T
CPKAB,CPKAB
3HIEH,3HIEH
HXF3O,HXF3O
T0D8X,T0D8X
45NNT,45NNT
I81C1,I81C1
RYZAN,RYZAN
2FOG6,2FOG6
WYXOD,WYXOD
UFCHP,UFCHP
P6V1O,P6V1O
U78VJ,U78VJ
IEW9A,IEW9A
NDWS2,NDWS2
C541A,C541A
7NA6K,7NA6K
DBE4C,DBE4C
WMPQ7,WMPQ7
9ZGR3,9ZGR3
MI225,MI225
G0PU5,G0PU5
FUZYX,FUZYX
Y3Y4Q,Y3Y4Q
QGBCK,QGBCK
IEHT8,IEHT8
8ROSO,8ROSO
I4ZLO,I4ZLO
YDMGL,YDMGL
V48Q3,V48Q3
ZW0D9,ZW0D9
L15CK,L15CK
YRG9L,YRG9L
Q6XMM,Q6XMM
OETE1,OETE1
UU07P,UU07P
WYO3F,WYO3F
IU8M5,IU8M5
JFUUC,JFUUC
KFMIC,KFMIC
5A642,5A642
I2WRC,I2WRC
4KF8D,4KF8D
6H7FW,6H7FW
5AJFY,5AJFY
83RJ1,83RJ1
UKU81,UKU81
E2XBS,E2XBS
8WLST,8WLST
U6MFR,U6MFR
YB3UG,YB3UG
L0035,L0035
EKH8W,EKH8W
JDAK4,JDAK4
V5PRY,V5PRY
KV3MW,KV3MW
G027K,G027K
F3XEX,F3XEX
BJ2BC,BJ2BC
FE0AJ,FE0AJ
U5UX9,U5UX9
DUSO5,DUSO5
U1U7B,U1U7B
P57B7,P57B7
JALZV,JALZV
4KO62,4KO62
9FJLS,9FJLS
R5FIA,R5FIA
SMFO4,SMFO4
S69PK,S69PK
YTXEC,YTXEC
IYNE2,IYNE2
N0MOF,N0MOF
LYEPI,LYEPI
O3L5A,O3L5A
NU42S,NU42S
OR8JN,OR8JN
ER6M7,ER6M7
Q3SDX,Q3SDX
O4WCA,O4WCA
29F4D,29F4D
8HF33,8HF33
U689U,U689U
SOJK4,SOJK4
JZ3BP,JZ3BP
K1I5I,K1I5I
LC1HH,LC1HH
WABST,WABST
8YZ3O,8YZ3O
Q88M9,Q88M9
CDZWE,CDZWE
MRENE,MRENE
K1VSM,K1VSM
KAU9V,KAU9V
L7HD5,L7HD5
MCFP7,MCFP7
SSKJB,SSKJB
C82AM,C82AM
H2F5E,H2F5E
JJ6XQ,JJ6XQ
1NGKY,1NGKY
R394Z,R394Z
9PRCC,9PRCC
Z9WAE,Z9WAE
BW1VS,BW1VS
MRW5K,MRW5K
AG3BH,AG3BH
YUQKW,YUQKW
Y0R2H,Y0R2H
TGAFZ,TGAFZ
ZL4AM,ZL4AM
LQCXD,LQCXD
L8BBD,L8BBD
HLBDZ,HLBDZ
9L3CD,9L3CD
4V1R9,4V1R9
HT8YT,HT8YT
MGLSX,MGLSX
J3T4D,J3T4D
ENSNC,ENSNC
B079K,B079K
TWC8R,TWC8R
HX20M,HX20M
IQ8LF,IQ8LF
M9BVL,M9BVL
G48L9,G48L9
MTKBK,MTKBK
8OCDV,8OCDV
TG4BD,TG4BD
7B2LN,7B2LN
55YG1,55YG1
VAXLE,VAXLE
X18M9,X18M9
O0H68,O0H68
975PU,975PU
UH5LS,UH5LS
M10QC,M10QC
F8MFI,F8MFI
QZSVX,QZSVX
I1P7X,I1P7X
U6WU2,U6WU2
8AU1H,8AU1H
P7E5S,P7E5S
89DQC,89DQC
26B57,26B57
TPR8N,TPR8N
XUOW2,XUOW2
FBAOQ,FBAOQ
VCS81,VCS81
JBYLW,JBYLW
AKQ3W,AKQ3W
OF0ML,OF0ML
S4N8A,S4N8A
P6H1C,P6H1C
M14UM,M14UM
S7XCD,S7XCD
GO3C8,GO3C8
OYMAB,OYMAB
89EG5,89EG5
4RZBC,4RZBC
6YE3Y,6YE3Y
PPJXL,PPJXL
SFBAI,SFBAI
BM1YE,BM1YE
ZYDMK,ZYDMK
3416U,3416U
7AASY,7AASY
5RDYE,5RDYE
GDQXL,GDQXL
2HNHV,2HNHV
FFJH1,FFJH1
XLDHB,XLDHB
8838V,8838V
TSPO4,TSPO4
DI91Z,DI91Z
1CF1E,1CF1E
T7NGH,T7NGH
B8P6O,B8P6O
NLWPE,NLWPE
2H3EU,2H3EU
58283,58283
ITHDB,ITHDB
I0S7R,I0S7R
BRAA9,BRAA9
97SNF,97SNF
J6N3K,J6N3K
0ZANH,0ZANH
R4P7D,R4P7D
G9O0V,G9O0V
J3Y1B,J3Y1B
NPGJ2,NPGJ2
KK3W4,KK3W4
W654A,W654A
73S0Q,73S0Q
KIYX2,KIYX2
3E0FA,3E0FA
ZPSM7,ZPSM7
RIZXA,RIZXA
O89WK,O89WK
OAF6N,OAF6N
GMDFS,GMDFS
IKAIA,IKAIA
GTS8O,GTS8O
X18YS,X18YS
FSCNJ,FSCNJ
977UH,977UH
M6B9Z,M6B9Z
VR9T7,VR9T7
4UFLD,4UFLD
UKP93,UKP93
LTF22,LTF22
GWM66,GWM66
G7WOV,G7WOV
GDFXK,GDFXK
0IW1D,0IW1D
XJBJF,XJBJF
SVRGB,SVRGB
5SYTM,5SYTM
H4SWQ,H4SWQ
4I3WP,4I3WP
TDEBY,TDEBY
3J49H,3J49H
H3349,H3349
1KT9C,1KT9C
UUFXG,UUFXG
X1U1S,X1U1S
GIQDW,GIQDW
JKKHR,JKKHR
NX6RQ,NX6RQ
RHSZT,RHSZT
5BBVN,5BBVN
XK7TU,XK7TU
Y11PR,Y11PR
D4HIW,D4HIW
WYXUM,WYXUM
Z9IIB,Z9IIB
16D7H,16D7H
KUG9U,KUG9U
5DMJP,5DMJP
O935H,O935H
1EIH7,1EIH7
NCHAA,NCHAA
DNPH0,DNPH0
QN3DK,QN3DK
ZVTIB,ZVTIB
FSDKO,FSDKO
CSF28,CSF28
38LD4,38LD4
1U1EC,1U1EC
MNCOM,MNCOM
KKL09,KKL09
VJ9SA,VJ9SA
UIJT1,UIJT1
FR6RX,FR6RX
QSEK8,QSEK8
KOQ8S,KOQ8S
F21SJ,F21SJ
GR9HD,GR9HD
FVVXY,FVVXY
FYGGJ,FYGGJ
6RGOC,6RGOC
7UDA5,7UDA5
KDPIU,KDPIU
73FBY,73FBY
K8Q54,K8Q54
V0VVY,V0VVY
QQ7OO,QQ7OO
DIV5U,DIV5U
QG2IS,QG2IS
ZLK2X,ZLK2X
SXEGX,SXEGX
VRYC7,VRYC7
WHUTR,WHUTR
Z447L,Z447L
OZGXT,OZGXT
CC2HU,CC2HU
2KC34,2KC34
06AH6,06AH6
T03OI,T03OI
9LST0,9LST0
CRRWV,CRRWV
68BI7,68BI7
LN5CL,LN5CL
9AQF8,9AQF8
MUVAO,MUVAO
0TWPQ,0TWPQ
02G3N,02G3N
FC88M,FC88M
9EEV0,9EEV0
V86I2,V86I2
T6B54,T6B54
VYTHC,VYTHC
VM1T5,VM1T5
893J9,893J9
2BFGX,2BFGX
8ASBQ,8ASBQ
T47M9,T47M9
MNNJB,MNNJB
PUVIJ,PUVIJ
H55Z7,H55Z7
ZHLWO,ZHLWO
B9EK8,B9EK8
0R4N6,0R4N6
WS7U8,WS7U8
5EPPZ,5EPPZ
7X70N,7X70N
YGGVR,YGGVR
M5I01,M5I01
1Q6RO,1Q6RO
MKS8E,MKS8E
6DM84,6DM84
BQ8RB,BQ8RB
AI2OG,AI2OG
OG7MD,OG7MD
R7MWP,R7MWP
U0SI5,U0SI5
O24FG,O24FG
8JXC2,8JXC2
RDUDT,RDUDT
H3DBR,H3DBR
4M0CR,4M0CR
YP25S,YP25S
S3AVI,S3AVI
2HNDK,2HNDK
WWD3Q,WWD3Q
ADPLT,ADPLT
2SBPM,2SBPM
PGRQQ,PGRQQ
7PXO0,7PXO0
V2KNG,V2KNG
T63HM,T63HM
XVA7W,XVA7W
P79JP,P79JP
IQPFO,IQPFO
MIZPE,MIZPE
01G1K,01G1K
H963I,H963I
DJVKJ,DJVKJ
G6E09,G6E09
RNEXB,RNEXB
42OWP,42OWP
OC81F,OC81F
ECOLG,ECOLG
T7F1X,T7F1X
SFC88,SFC88
Y90E0,Y90E0
OVF7J,OVF7J
JDHZ8,JDHZ8
2GV8A,2GV8A
H5OOK,H5OOK
ZXQ4Q,ZXQ4Q
ESENV,ESENV
KMIZO,KMIZO
YZTLZ,YZTLZ
W8PBN,W8PBN
YP6UG,YP6UG
FUBI6,FUBI6
QKVKE,QKVKE
19CY6,19CY6
9J6JM,9J6JM
VGJ7R,VGJ7R
CEFMK,CEFMK
1WKNY,1WKNY
OZDFN,OZDFN
O9A6E,O9A6E
1N8Y1,1N8Y1
A5A4T,A5A4T
VJNT5,VJNT5
5R9I3,5R9I3
I8ZU8,I8ZU8
TD0PN,TD0PN
KSZ1G,KSZ1G
LSF71,LSF71
B9P3H,B9P3H
4S1JS,4S1JS
FMZ71,FMZ71
RY5GU,RY5GU
HFMPI,HFMPI
SWQHS,SWQHS
ERQV7,ERQV7
SKY32,SKY32
PY0CI,PY0CI
P8FTL,P8FTL
VROBN,VROBN
LBU0O,LBU0O
MKTLF,MKTLF
RQILN,RQILN
E0QJ2,E0QJ2
MH8HV,MH8HV
8APFG,8APFG
LW5RX,LW5RX
UOR7X,UOR7X
5RVNX,5RVNX
1DCIV,1DCIV
YG0JU,YG0JU
JRVK2,JRVK2
9OC9M,9OC9M
W8R5W,W8R5W
TT496,TT496
88KFY,88KFY
7BOYW,7BOYW
7ZEX2,7ZEX2
J7T8S,J7T8S
C6J06,C6J06
CT69H,CT69H
LCKMR,LCKMR
F8A58,F8A58
2NIOT,2NIOT
7305H,7305H
KMZSZ,KMZSZ
FMNBG,FMNBG
SG8DM,SG8DM
9JF1E,9JF1E
7P03X,7P03X
27FMF,27FMF
SB3DV,SB3DV
YO8K4,YO8K4
DKSNI,DKSNI
YFQO7,YFQO7
QLMJV,QLMJV
E92FN,E92FN
OFAX3,OFAX3
DSPJK,DSPJK
NA7AU,NA7AU
JLAK1,JLAK1
UFWXI,UFWXI
3ZNNO,3ZNNO
BS76J,BS76J
IHBVS,IHBVS
OPP1X,OPP1X
9SMI8,9SMI8
8I7XS,8I7XS
PK4J8,PK4J8
QA52H,QA52H
SKQGE,SKQGE
OEGIL,OEGIL
VAL1W,VAL1W
0XBFB,0XBFB
NPSHB,NPSHB
T6W6I,T6W6I
SVZ95,SVZ95
T2NFR,T2NFR
ROV4G,ROV4G
R9SER,R9SER
E7XGP,E7XGP
LXSGN,LXSGN
3MJDD,3MJDD
BJDL4,BJDL4
QF1L4,QF1L4
H7CHP,H7CHP
1Y6NB,1Y6NB
2RPMC,2RPMC
ZRKL8,ZRKL8
1S79D,1S79D
4HDGF,4HDGF
WTS65,WTS65
ZJK15,ZJK15
U237L,U237L
1GWI4,1GWI4
AH6S9,AH6S9
032K7,032K7
RPI0Z,RPI0Z
8B2M6,8B2M6
5K0CE,5K0CE
VQ5M7,VQ5M7
5QFBP,5QFBP
CU02H,CU02H
U1RFD,U1RFD
TPCAV,TPCAV
X3R1X,X3R1X
YM6J3,YM6J3
S5WNZ,S5WNZ
1QK0F,1QK0F
UV31C,UV31C
XOMAE,XOMAE
HC56P,HC56P
PHFVT,PHFVT
1C9UL,1C9UL
FCWBT,FCWBT
XY57A,XY57A
U9U0T,U9U0T
TPAW9,TPAW9
D8X0V,D8X0V
DAUMZ,DAUMZ
64UTS,64UTS
UN7KO,UN7KO
28WO5,28WO5
6VT9K,6VT9K
OONUE,OONUE
55NZP,55NZP
R63JH,R63JH
04Q7C,04Q7C
MT6UI,MT6UI
57F7N,57F7N
QVHTS,QVHTS
7W5JC,7W5JC
OL1HP,OL1HP
5A48P,5A48P
0DBDL,0DBDL
BS7HP,BS7HP
VCAML,VCAML
X3ZQD,X3ZQD
0RFW6,0RFW6
8SNBA,8SNBA
A52DR,A52DR
AMD4Y,AMD4Y
7XI82,7XI82
XNOA8,XNOA8
VAJ1A,VAJ1A
2OIEU,2OIEU
7B3OW,7B3OW
J6364,J6364
WZ6EW,WZ6EW
BXI30,BXI30
R9P3H,R9P3H
LIJ36,LIJ36
ND63O,ND63O
NFD7Q,NFD7Q
7RS8X,7RS8X
TKNW1,TKNW1
Z83PS,Z83PS
7ECQS,7ECQS
S1HKU,S1HKU
ZEX4C,ZEX4C
4TIDR,4TIDR
CXB2C,CXB2C
D162S,D162S
1U60U,1U60U
TCA27,TCA27
I3NKX,I3NKX
ACU47,ACU47
TCJWT,TCJWT
5F4J2,5F4J2
0T8DH,0T8DH
GZ9LW,GZ9LW
JBIBS,JBIBS
VERZ2,VERZ2
CV8SI,CV8SI
Y8OE8,Y8OE8
3XSTF,3XSTF
OX240,OX240
9QDT9,9QDT9
R5LHY,R5LHY
D4UVE,D4UVE
RFYTJ,RFYTJ
6XELQ,6XELQ
L132O,L132O
K2CZU,K2CZU
8VOQ2,8VOQ2
HJU2S,HJU2S
AINPL,AINPL
16LW2,16LW2
27ONZ,27ONZ
9P1UD,9P1UD
ELIS8,ELIS8
COMBU,COMBU
YQ358,YQ358
XOH7V,XOH7V
K7QLD,K7QLD
H8DV3,H8DV3
CRU9I,CRU9I
DJJGW,DJJGW
QVR8G,QVR8G
UT1Y9,UT1Y9
IK3GS,IK3GS
G1OVA,G1OVA
4GOSQ,4GOSQ
8R8M0,8R8M0
O0GJ1,O0GJ1
XNK7N,XNK7N
7L41T,7L41T
190VU,190VU
JUXMP,JUXMP
B65KE,B65KE
V5LVI,V5LVI
PD3XD,PD3XD
2HMYE,2HMYE
QVPA6,QVPA6
Z6C1Z,Z6C1Z
VLLX9,VLLX9
83T2R,83T2R
U41IW,U41IW
8EFHF,8EFHF
9KDRE,9KDRE
ZGGCU,ZGGCU
AIRHA,AIRHA
59W7F,59W7F
9N96Q,9N96Q
861IB,861IB
04BAF,04BAF
OKJ4X,OKJ4X
ATWC8,ATWC8
TC4RV,TC4RV
YSJ8C,YSJ8C
EOYXE,EOYXE
FFTN0,FFTN0
5FCOK,5FCOK
YTQQE,YTQQE
FR6TQ,FR6TQ
XTP1E,XTP1E
BTTDW,BTTDW
TK0WX,TK0WX
PUGQ6,PUGQ6
N5WSU,N5WSU
BAO70,BAO70
KNUVD,KNUVD
3BLWP,3BLWP
KY7Y8,KY7Y8
SIOKI,SIOKI
5YX17,5YX17
Q32F4,Q32F4
L3RUI,L3RUI
3SKS6,3SKS6
NQ073,NQ073
WXEN4,WXEN4
HUR5X,HUR5X
SFU1D,SFU1D
AHGDT,AHGDT
08TMP,08TMP
DUOBU,DUOBU
27Z4E,27Z4E
AJIFZ,AJIFZ
M5QMD,M5QMD
MDXH8,MDXH8
13UIB,13UIB
AJPJE,AJPJE
V4ZUA,V4ZUA
Z8POF,Z8POF
8509D,8509D
XLXE1,XLXE1
DHB51,DHB51
YENF0,YENF0
SRVQG,SRVQG
2ORRK,2ORRK
1V8AF,1V8AF
RXYWD,RXYWD
543S8,543S8
Y5RMV,Y5RMV
MODSO,MODSO
JY8WF,JY8WF
43BF1,43BF1
IEK39,IEK39
HMELH,HMELH
TI15O,TI15O
BUCUB,BUCUB
Y0T7N,Y0T7N
US1L5,US1L5
F5CV8,F5CV8
1NAUT,1NAUT
CCJA5,CCJA5
K1QYH,K1QYH
KNC07,KNC07
SU366,SU366
MQ2GF,MQ2GF
WQPR3,WQPR3
ECMUX,ECMUX
ZP1CI,ZP1CI
UO49E,UO49E
6CMJV,6CMJV
BPQPM,BPQPM
HPVJD,HPVJD
RMQFV,RMQFV
OZ19A,OZ19A
VCZHD,VCZHD
GSMDZ,GSMDZ
OJI3L,OJI3L
W2AIZ,W2AIZ
D91O2,D91O2
FHEVF,FHEVF
8IFJW,8IFJW
NGJJA,NGJJA
6JO6K,6JO6K
6CP9Q,6CP9Q
Y6H5I,Y6H5I
2D3DK,2D3DK
6Y342,6Y342
YRMQR,YRMQR
K3F9U,K3F9U
3K5UZ,3K5UZ
15N8X,15N8X
LNNXI,LNNXI
LUDOL,LUDOL
PJDT5,PJDT5
KO8QW,KO8QW
PBKQ1,PBKQ1
DWFKV,DWFKV
O2F5N,O2F5N
RGU7E,RGU7E
SXCNR,SXCNR
S44H1,S44H1
16F03,16F03
R92JS,R92JS
36F9J,36F9J
ILU62,ILU62
XREXM,XREXM
25VZA,25VZA
TA9DC,TA9DC
4KY6R,4KY6R
QVCZA,QVCZA
0AIN3,0AIN3
896Q7,896Q7
6R79H,6R79H
GJP2R,GJP2R
2W4UE,2W4UE
3CYUS,3CYUS
MH8KK,MH8KK
BR63X,BR63X
KVLEG,KVLEG
8FRI9,8FRI9
1JLAM,1JLAM
Z7QX0,Z7QX0
H8O2I,H8O2I
CSPL9,CSPL9
XO5AC,XO5AC
5GXZJ,5GXZJ
YARYM,YARYM
GTAUU,GTAUU
0K6E9,0K6E9
Y77U4,Y77U4
HA1UV,HA1UV
4F1LF,4F1LF
T32VS,T32VS
LB7NV,LB7NV
VOZX1,VOZX1
CYONG,CYONG
POJWC,POJWC
D0LO9,D0LO9
7PS69,7PS69
MRWTA,MRWTA
QK6GE,QK6GE
XQ2Z0,XQ2Z0
FVOEG,FVOEG
WL3BE,WL3BE
FF2WU,FF2WU
MPJEB,MPJEB
NWG0H,NWG0H
AM9WX,AM9WX
VBA51,VBA51
65JMV,65JMV
6BUUG,6BUUG
6GICP,6GICP
ZM5I5,ZM5I5
XFROH,XFROH
UJ359,UJ359
NUFUQ,NUFUQ
UMRUF,UMRUF
OWU0H,OWU0H
TZ0HZ,TZ0HZ
DT0QH,DT0QH
LE3DB,LE3DB
120B8,120B8
D3EXH,D3EXH
ZMSQ2,ZMSQ2
38L84,38L84
B6BSW,B6BSW
AY4GS,AY4GS
X6AXZ,X6AXZ
KD9MA,KD9MA
8QII1,8QII1
J0665,J0665
F4XY3,F4XY3
6LJDX,6LJDX
VNVWN,VNVWN
90ED4,90ED4
F0ZIZ,F0ZIZ
Y60GM,Y60GM
27GJY,27GJY
8VKO5,8VKO5
VZR8G,VZR8G
N3NUL,N3NUL
P4LT1,P4LT1
FKLW2,FKLW2
3YYZZ,3YYZZ
K7X58,K7X58
BYDMF,BYDMF
A6RJ2,A6RJ2
HAAP1,HAAP1
V7IVU,V7IVU
L3467,L3467
N38I6,N38I6
CK7N9,CK7N9
UNG4L,UNG4L
GLKZ6,GLKZ6
1OYS3,1OYS3
37R7W,37R7W
ML5CQ,ML5CQ
MI4P6,MI4P6
SV0V3,SV0V3
C5LZ9,C5LZ9
4UW27,4UW27
APTJD,APTJD
LGL6R,LGL6R
0GXGP,0GXGP
T0BY7,T0BY7
N3C3G,N3C3G
1D723,1D723
GHSK1,GHSK1
SMHF1,SMHF1
POK3K,POK3K
261JE,261JE
2SLFU,2SLFU
GY41H,GY41H
RN9K5,RN9K5
E1CY2,E1CY2
GTKAY,GTKAY
IHRCI,IHRCI
GY4FT,GY4FT
136YS,136YS
J7WBA,J7WBA
BHXO3,BHXO3
49UV1,49UV1
XGCQP,XGCQP
XW6PP,XW6PP
KPI2O,KPI2O
2DGM3,2DGM3
AHFZ1,AHFZ1
DKGP2,DKGP2
PTF4D,PTF4D
4BGXR,4BGXR
1VHMD,1VHMD
TM9O3,TM9O3
76FNR,76FNR
HYTJB,HYTJB
GLD1U,GLD1U
4CNXL,4CNXL
FLG0R,FLG0R
1RWPS,1RWPS
B6SJJ,B6SJJ
IUX7V,IUX7V
Q62K4,Q62K4
2MZNG,2MZNG
AG42H,AG42H
RKSQI,RKSQI
J7XCW,J7XCW
4VJT9,4VJT9
X8WNC,X8WNC
MKWND,MKWND
1FC6W,1FC6W
J697C,J697C
I2QUD,I2QUD
399P7,399P7
AMPGG,AMPGG
C59MN,C59MN
0RJQF,0RJQF
BMZBP,BMZBP
SURNM,SURNM
C8SWV,C8SWV
CMM4L,CMM4L
RH6S1,RH6S1
VW2FW,VW2FW
YKJMF,YKJMF
AX6WV,AX6WV
NOOCL,NOOCL
VQSCD,VQSCD
8HP5U,8HP5U
YQ9VX,YQ9VX
J61OB,J61OB
WFADW,WFADW
SR2YJ,SR2YJ
7NL7B,7NL7B
RIRQ4,RIRQ4
X1ZQP,X1ZQP
XZXK3,XZXK3
CBCRQ,CBCRQ
E0Q3Y,E0Q3Y
157N9,157N9
WBAXE,WBAXE
K7QKQ,K7QKQ
HQJ9O,HQJ9O
3HTD9,3HTD9
5DR8L,5DR8L
EZDLY,EZDLY
Y0NGL,Y0NGL
A8EXB,A8EXB
0J0CR,0J0CR
4EB1J,4EB1J
RX0AX,RX0AX
1TMB6,1TMB6
3R5UW,3R5UW
E5ME9,E5ME9
PXU8Q,PXU8Q
HNV6M,HNV6M
M9TMV,M9TMV
1CLZG,1CLZG
R941E,R941E
T7DF3,T7DF3
UKIHY,UKIHY
AMOD2,AMOD2
MU7TK,MU7TK
HAH2N,HAH2N
A4XOR,A4XOR
CWCW2,CWCW2
ANQQZ,ANQQZ
UPJOM,UPJOM
8VI1V,8VI1V
J7Y4H,J7Y4H
D8I4C,D8I4C
X3VQH,X3VQH
DGLY7,DGLY7
68R6E,68R6E
92044,92044
YGF8V,YGF8V
LS998,LS998
7ZQMX,7ZQMX
SYW5H,SYW5H
ANURI,ANURI
2PWYV,2PWYV
4TF8X,4TF8X
OWWJU,OWWJU
JEK5F,JEK5F
SHT7T,SHT7T
6TBU3,6TBU3
8GAC6,8GAC6
IVBPQ,IVBPQ
7Q8SJ,7Q8SJ
7QOBJ,7QOBJ
QY63U,QY63U
UC1TR,UC1TR
SN7IU,SN7IU
URCGP,URCGP
V79LD,V79LD
K3GR8,K3GR8
241G5,241G5
D6KYX,D6KYX
XZG6M,XZG6M
HO1S9,HO1S9
YHIVN,YHIVN
LEYNA,LEYNA
28NC1,28NC1
ZLXNA,ZLXNA
Q7JVD,Q7JVD
OT1JR,OT1JR
C0FA5,C0FA5
KTYPP,KTYPP
BMBJM,BMBJM
IFRJK,IFRJK
SLKOU,SLKOU
P5SLV,P5SLV
5D1A1,5D1A1
AMA72,AMA72
D8YUR,D8YUR
829CE,829CE
RQLMX,RQLMX
6OYYA,6OYYA
Z2JMX,Z2JMX
O1NQN,O1NQN
J8B6C,J8B6C
WN61K,WN61K
QBL3M,QBL3M
NPLR2,NPLR2
HXYKT,HXYKT
7K6V3,7K6V3
UN04W,UN04W
ZI8AN,ZI8AN
TIKLA,TIKLA
A47OC,A47OC
QNMZQ,QNMZQ
3EJTJ,3EJTJ
BNCSB,BNCSB
8DQ8I,8DQ8I
C3Z0E,C3Z0E
KYD6G,KYD6G
1Y2OD,1Y2OD
WTPPS,WTPPS
FZD0R,FZD0R
VOHHL,VOHHL
WS1HL,WS1HL
XL461,XL461
REUWB,REUWB
FVNEL,FVNEL
BCVGM,BCVGM
AC8VU,AC8VU
1XO74,1XO74
DJMLF,DJMLF
Q825N,Q825N
RAJFH,RAJFH
A52XE,A52XE
2JY7U,2JY7U
USSHI,USSHI
X5J1I,X5J1I
NSJUF,NSJUF
OOVZG,OOVZG
LS2IR,LS2IR
E1ODN,E1ODN
56PN6,56PN6
Z4RH4,Z4RH4
AXUMP,AXUMP
VQY9U,VQY9U
E5KIW,E5KIW
FT70O,FT70O
93Z2O,93Z2O
OMGXJ,OMGXJ
RW4XR,RW4XR
568CW,568CW
C8ZNH,C8ZNH
D5FTX,D5FTX
PJI60,PJI60
JYUM7,JYUM7
QX2L3,QX2L3
95VJB,95VJB
YLAL8,YLAL8
FPNJE,FPNJE
015GE,015GE
R50LP,R50LP
SZN6R,SZN6R
Y3JSG,Y3JSG
5W782,5W782
STBW9,STBW9
HPWDH,HPWDH
FV8S5,FV8S5
C4D2U,C4D2U
DNYJ9,DNYJ9
XXY30,XXY30
Y3J62,Y3J62
321SC,321SC
V6586,V6586
NQ0E2,NQ0E2
SRLYC,SRLYC
FL08U,FL08U
JRQSF,JRQSF
VEEXR,VEEXR
3O7G5,3O7G5
OTFWD,OTFWD
IT44A,IT44A
DXZM3,DXZM3
VG1R9,VG1R9
WHX5W,WHX5W
R9F31,R9F31
FBFEZ,FBFEZ
BDHSC,BDHSC
UBMYQ,UBMYQ
TTGUL,TTGUL
L2LR5,L2LR5
2LMTZ,2LMTZ
V7ROC,V7ROC
OTIWS,OTIWS
0ZN5D,0ZN5D
QO3JI,QO3JI
YP1O0,YP1O0
XYM4W,XYM4W
Z6386,Z6386
WYZB8,WYZB8
OPFQP,OPFQP
646TS,646TS
QUVXM,QUVXM
MBQSI,MBQSI
2TK9B,2TK9B
Y8ISE,Y8ISE
FT3VC,FT3VC
Y8MZJ,Y8MZJ
6W7SE,6W7SE
F25QS,F25QS
49L9P,49L9P
P61PC,P61PC
KFO25,KFO25
0P4N3,0P4N3
ORWC4,ORWC4
8TSS3,8TSS3
WUDCN,WUDCN
Y44WT,Y44WT
Q4K9A,Q4K9A
JKD7E,JKD7E
9UPIM,9UPIM
8X8ZG,8X8ZG
ADXCT,ADXCT
8DO1A,8DO1A
TG1D1,TG1D1
RO51P,RO51P
R142F,R142F
WAKOT,WAKOT
BV04H,BV04H
7NR5E,7NR5E
U4WCH,U4WCH
AVZ2B,AVZ2B
0Q19T,0Q19T
PIXYP,PIXYP
0XQOD,0XQOD
CNEYZ,CNEYZ
C8R3E,C8R3E
8ENCM,8ENCM
76S7Z,76S7Z
X4XKR,X4XKR
U9LX0,U9LX0
C3MRV,C3MRV
VK605,VK605
E95IJ,E95IJ
5TE75,5TE75
00PW9,00PW9
1WL4H,1WL4H
DVY06,DVY06
K1PZM,K1PZM
1QAXL,1QAXL
7DEFL,7DEFL
K887S,K887S
MJV5A,MJV5A
D9B2H,D9B2H
70A6E,70A6E
JNWBL,JNWBL
3L9Q3,3L9Q3
PU1R3,PU1R3
0T5PE,0T5PE
VNOL1,VNOL1
N226I,N226I
ZPDTU,ZPDTU
L5LS2,L5LS2
XAGD1,XAGD1
T16FP,T16FP
55DVI,55DVI
LQQY0,LQQY0
1GK04,1GK04
BWI19,BWI19
GED7P,GED7P
751OT,751OT
KYYZP,KYYZP
KUTHR,KUTHR
59YLG,59YLG
Y92YE,Y92YE
CSS8J,CSS8J
JBBJ0,JBBJ0
VUN1H,VUN1H
CBN9A,CBN9A
J5L2P,J5L2P
HQO3U,HQO3U
CD9D5,CD9D5
3M2B3,3M2B3
FPT45,FPT45
73UOA,73UOA
03NQQ,03NQQ
0PLFR,0PLFR
D75IN,D75IN
TREM1,TREM1
P07H9,P07H9
8MW49,8MW49
ZRNM5,ZRNM5
RA5DY,RA5DY
XTZZF,XTZZF
34F9I,34F9I
0BLEK,0BLEK
UDUL4,UDUL4
DX5U9,DX5U9
77FOZ,77FOZ
FUM2Q,FUM2Q
WTW0N,WTW0N
KNES9,KNES9
JA9DO,JA9DO
8W0SC,8W0SC
EPQCK,EPQCK
UA9BM,UA9BM
TOOOK,TOOOK
U9GWM,U9GWM
TLUDZ,TLUDZ
UDHGF,UDHGF
3C4E7,3C4E7
40IF9,40IF9
GGL36,GGL36
JISNA,JISNA
2A0T7,2A0T7
ALSQC,ALSQC
RNQ08,RNQ08
61SKS,61SKS
K587I,K587I
6EITT,6EITT
4YQ9I,4YQ9I
20KZA,20KZA
7EHE0,7EHE0
TEV5O,TEV5O
AKB4A,AKB4A
YL5LZ,YL5LZ
H5IXV,H5IXV
7Q1K7,7Q1K7
NCI6M,NCI6M
19XQC,19XQC
UG95P,UG95P
OD4E8,OD4E8
985LT,985LT
IBDSV,IBDSV
4W9T5,4W9T5
XYI9P,XYI9P
TSL0M,TSL0M
JLXXG,JLXXG
EYBH6,EYBH6
43WAH,43WAH
7WNF6,7WNF6
2K573,2K573
4BLSZ,4BLSZ
Y3O9J,Y3O9J
5949H,5949H
JQ137,JQ137
HP09D,HP09D
H1EMN,H1EMN
HB29G,HB29G
5LBFE,5LBFE
7W4FC,7W4FC
YFHDR,YFHDR
34NVB,34NVB
HAZ2G,HAZ2G
20F9R,20F9R
DZDPQ,DZDPQ
XWMCN,XWMCN
5GTEY,5GTEY
H6CWM,H6CWM
TWFOE,TWFOE
2QAEB,2QAEB
Z2KFH,Z2KFH
NY1X8,NY1X8
QF9S2,QF9S2
NC7YH,NC7YH
6IM7K,6IM7K
I3IO3,I3IO3
83LJT,83LJT
KOEO9,KOEO9
TU599,TU599
4CJ86,4CJ86
R8O2V,R8O2V
3AB0G,3AB0G
J6YMG,J6YMG
23CFK,23CFK
XMO7X,XMO7X
DJJ5O,DJJ5O
HMNSG,HMNSG
77E2Y,77E2Y
JXHM2,JXHM2
V5GKQ,V5GKQ
Z3NY0,Z3NY0
95W24,95W24
GSQW5,GSQW5
ZNLAF,ZNLAF
VOY1D,VOY1D
7C7KP,7C7KP
MNCJ2,MNCJ2
9EQ2S,9EQ2S
QKPMG,QKPMG
VPZ3Z,VPZ3Z
55F91,55F91
94GVF,94GVF
INY5U,INY5U
3FDY0,3FDY0
UH7PT,UH7PT
VPQI2,VPQI2
UXYHG,UXYHG
Y1XTW,Y1XTW
GJ8LI,GJ8LI
2JNDY,2JNDY
G14FN,G14FN
OHPDP,OHPDP
1QV56,1QV56
U7D8Q,U7D8Q
P7EIA,P7EIA
HXXSF,HXXSF
6WH75,6WH75
8FVHG,8FVHG
0QR6H,0QR6H
K56Q9,K56Q9
LGKA2,LGKA2
HJHRL,HJHRL
MD02G,MD02G
ZN84W,ZN84W
ZE34R,ZE34R
QKJNA,QKJNA
C4O3U,C4O3U
8T9BX,8T9BX
0XHGC,0XHGC
05XL7,05XL7
9AVL8,9AVL8
TEEG8,TEEG8
T2TBI,T2TBI
OLS7Z,OLS7Z
DEFGF,DEFGF
0T1BN,0T1BN
CTV08,CTV08
GX7YY,GX7YY
6NNVY,6NNVY
3DOKE,3DOKE
OF8N3,OF8N3
SCVAF,SCVAF
CVGTS,CVGTS
LQJ34,LQJ34
NYAJX,NYAJX
IBKNE,IBKNE
JC949,JC949
VZ55X,VZ55X
5VWDY,5VWDY
NUYJO,NUYJO
CEA6X,CEA6X
JWOU2,JWOU2
AZIH8,AZIH8
0UNQZ,0UNQZ
NULL2,NULL2
OL7GY,OL7GY
6OD2N,6OD2N
EGVM1,EGVM1
F021V,F021V
3IC3N,3IC3N
H8KUD,H8KUD
2VHXL,2VHXL
1GV8Z,1GV8Z
ODWY4,ODWY4
21PYI,21PYI
M6V01,M6V01
D3QAZ,D3QAZ
UCIFZ,UCIFZ
YJDB0,YJDB0
JH2V2,JH2V2
1IYME,1IYME
BBOXQ,BBOXQ
B54ZO,B54ZO
ROX49,ROX49
OYOIM,OYOIM
VXIOL,VXIOL
V0EM4,V0EM4
57MRM,57MRM
HELM0,HELM0
IMYPO,IMYPO
XPQ2Y,XPQ2Y
ODGZK,ODGZK
HP93X,HP93X
24EIL,24EIL
T099L,T099L
95JFN,95JFN
U04UL,U04UL
VASXR,VASXR
KBVV0,KBVV0
2UEPU,2UEPU
BCY3Y,BCY3Y
0BI44,0BI44
2MPQ8,2MPQ8
E40YK,E40YK
0G3B7,0G3B7
0S2Y9,0S2Y9
31BD0,31BD0
0QNGM,0QNGM
BF5FN,BF5FN
CD9DH,CD9DH
RQ5MT,RQ5MT
8A6FK,8A6FK
HK0OH,HK0OH
6XCH3,6XCH3
R4U0L,R4U0L
4WGCI,4WGCI
2Q0BO,2Q0BO
UUSCJ,UUSCJ
EZLYL,EZLYL
YIML7,YIML7
TWKZU,TWKZU
KBPY1,KBPY1
0TWZP,0TWZP
HAGHT,HAGHT
VXNPV,VXNPV
QIH8C,QIH8C
069S6,069S6
18I6U,18I6U
REGX6,REGX6
8SJNS,8SJNS
5XGA8,5XGA8
28I81,28I81
MJS5S,MJS5S
S7D94,S7D94
6AT9V,6AT9V
A8BIE,A8BIE
M5O4U,M5O4U
PR1P4,PR1P4
A9WMM,A9WMM
4DTOV,4DTOV
GU0SP,GU0SP
0ADNO,0ADNO
J33EH,J33EH
NXK4K,NXK4K
LV8RA,LV8RA
CIUKB,CIUKB
WGRV2,WGRV2
6ARFO,6ARFO
O5KFX,O5KFX
7Y921,7Y921
BOD2H,BOD2H
3KAFG,3KAFG
BH4H8,BH4H8
F1NC7,F1NC7
G67SB,G67SB
OY9FG,OY9FG
STOJK,STOJK
TLOUO,TLOUO
08INI,08INI
EQ0GW,EQ0GW
PLV35,PLV35
8IVHX,8IVHX
IWWXV,IWWXV
HI17U,HI17U
7J6HH,7J6HH
V6FKV,V6FKV
4CV0V,4CV0V
HWT58,HWT58
MOB87,MOB87
5VDUW,5VDUW
17ETO,17ETO
PG0N8,PG0N8
CEA6Y,CEA6Y
LCNOY,LCNOY
0XSGL,0XSGL
ZKOP8,ZKOP8
FQ2N5,FQ2N5
SM71B,SM71B
1JF6U,1JF6U
Z7TCS,Z7TCS
AVIUJ,AVIUJ
WECEM,WECEM
T9VAB,T9VAB
CRQS1,CRQS1
WRHP3,WRHP3
2SIQZ,2SIQZ
Z9P8D,Z9P8D
AVXUJ,AVXUJ
1YGU2,1YGU2
8VW3V,8VW3V
9ELGI,9ELGI
I5T4X,I5T4X
YTQIP,YTQIP
FLOTH,FLOTH
3ZQT7,3ZQT7
TWW15,TWW15
EH7FA,EH7FA
NONKL,NONKL
A6E1K,A6E1K
N5BX0,N5BX0
08QQD,08QQD
5TWU0,5TWU0
NCKPF,NCKPF
PV287,PV287
EDALT,EDALT
MBGNB,MBGNB
V7X88,V7X88
IOXDM,IOXDM
9TKVJ,9TKVJ
A9ML7,A9ML7
IN237,IN237
YCZZG,YCZZG
Q79A2,Q79A2
5X75D,5X75D
DIH90,DIH90
69T4F,69T4F
8SP43,8SP43
WQ88G,WQ88G
LDCJI,LDCJI
MPFES,MPFES
5KFIK,5KFIK
HHQX4,HHQX4
38HW1,38HW1
YT6DY,YT6DY
P7MSQ,P7MSQ
A1PTZ,A1PTZ
OU13A,OU13A
1DREN,1DREN
DY1OL,DY1OL
PM4S4,PM4S4
64WGR,64WGR
QQ252,QQ252
E7ZU0,E7ZU0
DBZFK,DBZFK
3KBR8,3KBR8
AX7NV,AX7NV
3NDTX,3NDTX
HLKPC,HLKPC
CJKAU,CJKAU
SOVRR,SOVRR
CXYOT,CXYOT
5I2Y7,5I2Y7
J0G40,J0G40
94UO9,94UO9
3NW5I,3NW5I
18GUX,18GUX
XOUPM,XOUPM
IJL9A,IJL9A
V00E2,V00E2
HNPBX,HNPBX
BPKB1,BPKB1
85C4S,85C4S
J6UEP,J6UEP
FSCBD,FSCBD
GKIL7,GKIL7
JGZ6G,JGZ6G
5B30K,5B30K
MU3II,MU3II
MGDLK,MGDLK
X8NJH,X8NJH
WP1RF,WP1RF
549DS,549DS
TX1YV,TX1YV
10RNM,10RNM
UPB7M,UPB7M
DSFTO,DSFTO
92ZX9,92ZX9
6ZBSA,6ZBSA
EGL4R,EGL4R
Q1VL3,Q1VL3
Q32HA,Q32HA
UHPPS,UHPPS
33YRH,33YRH
UTQAW,UTQAW
ZRW6F,ZRW6F
UTKZ8,UTKZ8
PD9DO,PD9DO
JVMFU,JVMFU
9K121,9K121
8J44V,8J44V
IYKS2,IYKS2
PC15O,PC15O
MXMG0,MXMG0
XPS54,XPS54
Q0XVP,Q0XVP
QRMMF,QRMMF
7VX17,7VX17
BS8QZ,BS8QZ
YA821,YA821
DQ6VK,DQ6VK
JZ45Y,JZ45Y
FD8LR,FD8LR
N7AIG,N7AIG
7UPFU,7UPFU
U4WAG,U4WAG
MQJQV,MQJQV
BPZPS,BPZPS
RBDX1,RBDX1
6BFSR,6BFSR
Z3XII,Z3XII
EF6M6,EF6M6
8PU95,8PU95
I1JF7,I1JF7
TZQPC,TZQPC
ELKUS,ELKUS
JM30E,JM30E
S0TT1,S0TT1
B3ZLY,B3ZLY
3EPV6,3EPV6
5POOK,5POOK
M7O4E,M7O4E
4N0OH,4N0OH
TYVP7,TYVP7
Z7JJ7,Z7JJ7
NLC91,NLC91
QQE3Q,QQE3Q
82EC3,82EC3
17LO1,17LO1
Y8L07,Y8L07
0VX0Z,0VX0Z
XY7BZ,XY7BZ
BQIOY,BQIOY
SB4WA,SB4WA
IEHQ1,IEHQ1
PVAK8,PVAK8
P4GD3,P4GD3
JUKO8,JUKO8
W7W3J,W7W3J
H5M6D,H5M6D
U0VBY,U0VBY
AO6MP,AO6MP
IN782,IN782
Y7AMY,Y7AMY
VUGIA,VUGIA
NCEG1,NCEG1
N3D91,N3D91
2DH0X,2DH0X
ETTQU,ETTQU
CLWAY,CLWAY
O9EYW,O9EYW
TQ7TI,TQ7TI
CC639,CC639
2JC1S,2JC1S
KI4XE,KI4XE
2A17B,2A17B
ITYI7,ITYI7
2YO1G,2YO1G
AP5HK,AP5HK
QZVJW,QZVJW
OAMC0,OAMC0
MS34N,MS34N
O8OQC,O8OQC
H4QYS,H4QYS
UPCZM,UPCZM
W6UUF,W6UUF
XGZBK,XGZBK
9GLBH,9GLBH
V4HJ8,V4HJ8
J3462,J3462
J3YUR,J3YUR
YYTNT,YYTNT
AIGCM,AIGCM
IIEJ5,IIEJ5
RCE91,RCE91
0Z6TB,0Z6TB
DX3ND,DX3ND
B4RNV,B4RNV
WEQRO,WEQRO
DLZMZ,DLZMZ
39B6A,39B6A
5CEEN,5CEEN
JC407,JC407
BSCEM,BSCEM
C48DZ,C48DZ
CGGUY,CGGUY
6CRHI,6CRHI
9XD6B,9XD6B
RIOZE,RIOZE
W47EG,W47EG
3D9OP,3D9OP
6SYSD,6SYSD
T57OO,T57OO
DNXOK,DNXOK
KPRAG,KPRAG
S6T9Y,S6T9Y
RXDGO,RXDGO
G3M42,G3M42
9TAL5,9TAL5
CY2YF,CY2YF
Z5DWH,Z5DWH
FY0X9,FY0X9
77ZGG,77ZGG
B3EJA,B3EJA
PFQDZ,PFQDZ
6XFUT,6XFUT
4H8EM,4H8EM
71W0T,71W0T
31E8Y,31E8Y
UKK8F,UKK8F
8N4DD,8N4DD
X3C0C,X3C0C
PTW5Y,PTW5Y
8D5R8,8D5R8
GAJJG,GAJJG
TB5EQ,TB5EQ
VFWMX,VFWMX
7WPK7,7WPK7
Z7XQY,Z7XQY
5PXIA,5PXIA
II0EB,II0EB
BGMS8,BGMS8
BMG3X,BMG3X
W7R53,W7R53
OZQC3,OZQC3
FC40V,FC40V
UMWY5,UMWY5
29U3B,29U3B
HBLGU,HBLGU
PBYHD,PBYHD
LHYD7,LHYD7
6IC1U,6IC1U
MW9WT,MW9WT
X8FEQ,X8FEQ
V8YJM,V8YJM
9O6VR,9O6VR
KC7BF,KC7BF
GXAHY,GXAHY
QWA98,QWA98
AQ4KH,AQ4KH
NZ64P,NZ64P
JDLU4,JDLU4
EA256,EA256
8X1GI,8X1GI
MOGCT,MOGCT
AOH4V,AOH4V
BXMAQ,BXMAQ
M2HY6,M2HY6
87EHI,87EHI
SZD1C,SZD1C
JZ38V,JZ38V
DPQWS,DPQWS
6SYIV,6SYIV
KK4X8,KK4X8
KJ3MU,KJ3MU
HWWUU,HWWUU
111U3,111U3
B9WPI,B9WPI
J3GZH,J3GZH
7Y2YV,7Y2YV
60FHT,60FHT
IR2P6,IR2P6
EY87V,EY87V
A7DCN,A7DCN
2E5G7,2E5G7
LEI9N,LEI9N
RVYY8,RVYY8
O5T1J,O5T1J
S8MWB,S8MWB
FB27D,FB27D
UK9Q6,UK9Q6
4D770,4D770
Y6P77,Y6P77
SXMZ9,SXMZ9
4HV4P,4HV4P
BRM6O,BRM6O
HTPSA,HTPSA
85O2C,85O2C
X908T,X908T
46KJ5,46KJ5
90LYB,90LYB
KCFE2,KCFE2
Q4S38,Q4S38
474RQ,474RQ
V57KN,V57KN
50883,50883
RLUCS,RLUCS
OFIWY,OFIWY
XRFEU,XRFEU
VC6PL,VC6PL
BMVRC,BMVRC
973GQ,973GQ
FGBCI,FGBCI
K2OCB,K2OCB
EC2R3,EC2R3
OBD2E,OBD2E
9AO2S,9AO2S
V14BE,V14BE
7RR0U,7RR0U
LFJPL,LFJPL
PAVB3,PAVB3
GG9NN,GG9NN
E69OF,E69OF
3412L,3412L
8W3SN,8W3SN
4LZVI,4LZVI
W7MUI,W7MUI
GET8D,GET8D
60ROS,60ROS
MXSN2,MXSN2
OBZJG,OBZJG
DQPYS,DQPYS
EVH7J,EVH7J
MQX8H,MQX8H
CDPUO,CDPUO
KQZIP,KQZIP
XMNZ2,XMNZ2
AARY6,AARY6
L3BV0,L3BV0
STJVM,STJVM
BSEQC,BSEQC
S97SK,S97SK
YEVI5,YEVI5
DJAO9,DJAO9
V2ZKZ,V2ZKZ
NPMNG,NPMNG
EDHT6,EDHT6
CBVKJ,CBVKJ
7CATC,7CATC
A2493,A2493
TSDR5,TSDR5
3Q758,3Q758
121OR,121OR
H652G,H652G
3JXQA,3JXQA
9HQCA,9HQCA
RM7MT,RM7MT
IJ2OS,IJ2OS
HVNUZ,HVNUZ
CA6KJ,CA6KJ
8M14N,8M14N
UO6KU,UO6KU
30MS0,30MS0
80ZG8,80ZG8
WT9LO,WT9LO
ACU4B,ACU4B
SBVIL,SBVIL
RMIHL,RMIHL
GSC6O,GSC6O
NULL4,NULL4
RQUIA,RQUIA
1XF7X,1XF7X
1BEOK,1BEOK
8B6F5,8B6F5
CKQHK,CKQHK
30B62,30B62
6U9XZ,6U9XZ
FQA7O,FQA7O
L1AMM,L1AMM
TTDC7,TTDC7
75XHC,75XHC
HFLVR,HFLVR
SMOT7,SMOT7
ZWWQU,ZWWQU
OL4CQ,OL4CQ
K49RF,K49RF
HYKJ5,HYKJ5
F1XG5,F1XG5
3LAA9,3LAA9
NG886,NG886
BKKXE,BKKXE
WGFUL,WGFUL
AZ49V,AZ49V
Q4WOS,Q4WOS
KCWBR,KCWBR
5I1LW,5I1LW
E3957,E3957
REVQ8,REVQ8
GY3D5,GY3D5
0DQST,0DQST
RY9FJ,RY9FJ
KXFG7,KXFG7
E5IWF,E5IWF
KU8DP,KU8DP
I3OLD,I3OLD
XF11U,XF11U
GAL3O,GAL3O
MMYLA,MMYLA
1JSBY,1JSBY
8PTHO,8PTHO
KJ9I1,KJ9I1
SSC2D,SSC2D
NN07X,NN07X
XQ4K1,XQ4K1
RT2BL,RT2BL
DW222,DW222
GKNMS,GKNMS
O5M58,O5M58
J5Q6N,J5Q6N
2V7TF,2V7TF
OT30W,OT30W
5HZYJ,5HZYJ
3UJ7M,3UJ7M
CTSNJ,CTSNJ
VMLQF,VMLQF
N4TAB,N4TAB
UODFP,UODFP
MC0S8,MC0S8
T8AOQ,T8AOQ
RHWHC,RHWHC
O1LOG,O1LOG
FP9RQ,FP9RQ
CYIEM,CYIEM
321OS,321OS
CXWNA,CXWNA
HYB5C,HYB5C
74P7M,74P7M
FK6J5,FK6J5
LBZZH,LBZZH
F4YNW,F4YNW
GTRRG,GTRRG
DR25K,DR25K
76A6O,76A6O
P1C1F,P1C1F
P1YDS,P1YDS
IK3PJ,IK3PJ
0AUS5,0AUS5
BHWU4,BHWU4
PKOI0,PKOI0
J4UOP,J4UOP
VV79P,VV79P
TPPRL,TPPRL
EVLD4,EVLD4
B51CB,B51CB
Z8T4D,Z8T4D
2BVHV,2BVHV
0IC5B,0IC5B
RV4IX,RV4IX
WUKEW,WUKEW
FEDMS,FEDMS
EJLL4,EJLL4
LOCPA,LOCPA
I4YD5,I4YD5
WX4BF,WX4BF
8IZWD,8IZWD
GJWGU,GJWGU
7TOCU,7TOCU
K3WQ8,K3WQ8
UYOO9,UYOO9
SORZA,SORZA
WW5RH,WW5RH
DNJG6,DNJG6
UC5MK,UC5MK
TI5R0,TI5R0
5YEXB,5YEXB
N3S7K,N3S7K
JRX1A,JRX1A
JOTZJ,JOTZJ
R4D1C,R4D1C
MKJ1S,MKJ1S
IW6VE,IW6VE
J3V05,J3V05
Y20CQ,Y20CQ
TNMNB,TNMNB
QJSE8,QJSE8
S4TZ0,S4TZ0
YJ1F3,YJ1F3
DS5DS,DS5DS
KW59S,KW59S
41MJA,41MJA
A6ZM0,A6ZM0
HD5OY,HD5OY
O5RBR,O5RBR
XTHRU,XTHRU
S5BJ2,S5BJ2
B1BFM,B1BFM
QLZ3V,QLZ3V
MB46X,MB46X
243O4,243O4
WJMCE,WJMCE
KGD2V,KGD2V
JI8MQ,JI8MQ
YGA6S,YGA6S
4YUBI,4YUBI
1CZ1H,1CZ1H
P7AP3,P7AP3
MBKDM,MBKDM
4OGM2,4OGM2
BTLMT,BTLMT
XZ0I9,XZ0I9
J6K1E,J6K1E
1I199,1I199
AO395,AO395
4N4A0,4N4A0
BMWKU,BMWKU
UHYLP,UHYLP
MRD5Q,MRD5Q
ZATQJ,ZATQJ
L6T4H,L6T4H
FFS8X,FFS8X
MTIQ0,MTIQ0
Y43G5,Y43G5
3Z8XS,3Z8XS
75513,75513
XE8XO,XE8XO
6IK6O,6IK6O
B50LD,B50LD
3X14W,3X14W
WENIV,WENIV
C77ZM,C77ZM
QVQF7,QVQF7
RAKAM,RAKAM
ZXCMM,ZXCMM
BJY0X,BJY0X
6JKRG,6JKRG
6JQ5K,6JQ5K
2S8QS,2S8QS
VQ82A,VQ82A
3ORP5,3ORP5
IAMIA,IAMIA
1FKG0,1FKG0
6NBZE,6NBZE
PN1JG,PN1JG
OONGS,OONGS
5V5JI,5V5JI
A2SO8,A2SO8
X9C7V,X9C7V
JEOEP,JEOEP
D7ID4,D7ID4
B5LH6,B5LH6
POCB5,POCB5
NRJA2,NRJA2
ZW0TD,ZW0TD
736RM,736RM
8OM2M,8OM2M
HLFJT,HLFJT
QCZIA,QCZIA
85X48,85X48
ZB0F9,ZB0F9
P06ZC,P06ZC
DZC0M,DZC0M
74AKC,74AKC
OXO54,OXO54
RTCPB,RTCPB
RQ8JH,RQ8JH
GVBR0,GVBR0
UHF6N,UHF6N
HP5CC,HP5CC
LG262,LG262
OHQ6O,OHQ6O
SZABM,SZABM
7VTB1,7VTB1
46OO0,46OO0
0YYCK,0YYCK
36L3F,36L3F
M2OS2,M2OS2
TBQLN,TBQLN
9IPGG,9IPGG
WX48M,WX48M
WEZNG,WEZNG
HJZ6S,HJZ6S
E0AO9,E0AO9
3A7YC,3A7YC
MR8JB,MR8JB
S2661,S2661
YY3YF,YY3YF
6KXGJ,6KXGJ
GT342,GT342
59SVF,59SVF
7W6GH,7W6GH
XLC9G,XLC9G
HHOKX,HHOKX
528KH,528KH
I7XCF,I7XCF
7I9IG,7I9IG
9SJ35,9SJ35
Q751S,Q751S
PK56F,PK56F
T9DQ7,T9DQ7
BPGW7,BPGW7
7E6HB,7E6HB
VADQX,VADQX
48HAT,48HAT
KWT44,KWT44
OC8UZ,OC8UZ
ENA9L,ENA9L
9SST5,9SST5
3YJLZ,3YJLZ
W0KD5,W0KD5
JCS7G,JCS7G
ZKV1G,ZKV1G
CVCRH,CVCRH
U6KNL,U6KNL
44NKA,44NKA
J0UU0,J0UU0
IAH97,IAH97
I1OGR,I1OGR
MX14E,MX14E
PID30,PID30
6HSQK,6HSQK
OML2P,OML2P
BEYUY,BEYUY
3YGTT,3YGTT
KGQES,KGQES
U1Y1U,U1Y1U
Q0ZNK,Q0ZNK
716ST,716ST
L3FQV,L3FQV
VZY19,VZY19
IIVUK,IIVUK
SHFF9,SHFF9
686U7,686U7
BLOYX,BLOYX
N8YDF,N8YDF
FPEBL,FPEBL
ST5WZ,ST5WZ
75IVC,75IVC
Z16FS,Z16FS
5TC17,5TC17
KG2N5,KG2N5
RCMGU,RCMGU
Q2QVO,Q2QVO
8VU0L,8VU0L
TGASL,TGASL
WO06G,WO06G
JEB9D,JEB9D
B3Y1S,B3Y1S
7E6DK,7E6DK
W6C03,W6C03
O6ODM,O6ODM
L897N,L897N
04IH4,04IH4
SF1TO,SF1TO
EZC40,EZC40
OYR0K,OYR0K
730Z7,730Z7
VTNN2,VTNN2
4A7UG,4A7UG
CD67A,CD67A
KEZRD,KEZRD
OVDR1,OVDR1
SYJ0W,SYJ0W
3L905,3L905
X682S,X682S
TADRE,TADRE
INULA,INULA
0FUVJ,0FUVJ
7RUX9,7RUX9
Q1ZVN,Q1ZVN
X7TDE,X7TDE
AY5PA,AY5PA
S4U2I,S4U2I
T8Z8L,T8Z8L
VCVZL,VCVZL
NDR8U,NDR8U
W3LGU,W3LGU
U9A6O,U9A6O
QZIFH,QZIFH
KA4LK,KA4LK
5WQBJ,5WQBJ
H76Q9,H76Q9
03OTB,03OTB
6O9QJ,6O9QJ
GVKUW,GVKUW
83RPF,83RPF
1DO7K,1DO7K
QXQLT,QXQLT
HSCAH,HSCAH
3XMA3,3XMA3
W4WYD,W4WYD
G6VGU,G6VGU
BS34U,BS34U
XR7BE,XR7BE
SQ5NA,SQ5NA
1SNOG,1SNOG
TUWJM,TUWJM
PQHE8,PQHE8
81YHU,81YHU
VOB9Y,VOB9Y
NWF51,NWF51
GUEYW,GUEYW
2FV8I,2FV8I
ZLBIH,ZLBIH
FVN0W,FVN0W
6OW7V,6OW7V
N68NI,N68NI
BW0JY,BW0JY
5JPA5,5JPA5
CP4KR,CP4KR
C7OYX,C7OYX
E54NH,E54NH
2PDEW,2PDEW
FM8PB,FM8PB
8QHFI,8QHFI
OHIS2,OHIS2
22MV5,22MV5
Y62HP,Y62HP
9JESD,9JESD
G4A45,G4A45
ZLSKV,ZLSKV
2RAS0,2RAS0
2LPO1,2LPO1
YNXJT,YNXJT
4I1P9,4I1P9
PA0K0,PA0K0
Y3UIE,Y3UIE
GX5M5,GX5M5
4WTJ9,4WTJ9
ELTZL,ELTZL
5NDWG,5NDWG
Q9SJJ,Q9SJJ
2R3QM,2R3QM
KI2JH,KI2JH
0C5ZC,0C5ZC
MLBUK,MLBUK
2DB8H,2DB8H
DYMO5,DYMO5
7FK2O,7FK2O
5A9AL,5A9AL
JOHNY,JOHNY
R6W0C,R6W0C
GBB1K,GBB1K
BGMA9,BGMA9
ID9U6,ID9U6
ZM0HP,ZM0HP
WC732,WC732
6Q6TF,6Q6TF
4ZCZT,4ZCZT
OOU31,OOU31
BEZRQ,BEZRQ
5WP1E,5WP1E
ECFSV,ECFSV
RENJF,RENJF
IFNPI,IFNPI
93QFU,93QFU
59725,59725
HJTT4,HJTT4
RXTOH,RXTOH
UQGCS,UQGCS
WFXN2,WFXN2
8IXSA,8IXSA
HGS5Y,HGS5Y
77U9O,77U9O
6HO3H,6HO3H
WMSMP,WMSMP
6VAT0,6VAT0
E22UU,E22UU
1S2IC,1S2IC
UHOAG,UHOAG
V5JJ3,V5JJ3
7Z1T0,7Z1T0
77Q0K,77Q0K
9RB3E,9RB3E
FFD80,FFD80
O7H15,O7H15
OIBGP,OIBGP
X5YQK,X5YQK
DY5XD,DY5XD
RMA7B,RMA7B
T9XBN,T9XBN
GL5AQ,GL5AQ
A51DS,A51DS
F9BZT,F9BZT
25L9Z,25L9Z
SQ86P,SQ86P
NIWWB,NIWWB
9GJZ3,9GJZ3
5Y13G,5Y13G
DDXZ4,DDXZ4
OEBTZ,OEBTZ
Y6K0P,Y6K0P
H7XWB,H7XWB
NNZN0,NNZN0
MXMOQ,MXMOQ
33MO0,33MO0
LNWGS,LNWGS
T5ATV,T5ATV
NPKFJ,NPKFJ
2ST04,2ST04
XISCB,XISCB
9EUKL,9EUKL
APM2K,APM2K
UWGVA,UWGVA
6ZGTA,6ZGTA
56R18,56R18
TSFSF,TSFSF
7AZRV,7AZRV
U0Q1L,U0Q1L
VU7PX,VU7PX
WATV8,WATV8
LGTKF,LGTKF
YWNBZ,YWNBZ
S1KGO,S1KGO
BSCH4,BSCH4
E0R8E,E0R8E
WYML5,WYML5
MNKP2,MNKP2
ZHI41,ZHI41
MHVME,MHVME
50Y7J,50Y7J
IIU8E,IIU8E
I5PU0,I5PU0
Y1K3D,Y1K3D
MO0LK,MO0LK
HE66O,HE66O
6KRX4,6KRX4
WRO58,WRO58
6KJWO,6KJWO
WI6GD,WI6GD
9KFP8,9KFP8
B0A9I,B0A9I
0YA8U,0YA8U
LLNBR,LLNBR
RD53F,RD53F
4U2DC,4U2DC
1G8WB,1G8WB
X37J5,X37J5
LALZP,LALZP
UI8S4,UI8S4
F6XG6,F6XG6
NOHIX,NOHIX
3JO88,3JO88
V4RF1,V4RF1
E4865,E4865
L9LKI,L9LKI
ZRAZU,ZRAZU
J156D,J156D
RRP10,RRP10
BWXXW,BWXXW
TZSZY,TZSZY
R7SF3,R7SF3
D6CUI,D6CUI
WTIWF,WTIWF
4GTRV,4GTRV
M8DUN,M8DUN
DF6NW,DF6NW
Q1G2K,Q1G2K
3A3XM,3A3XM
ZMMTG,ZMMTG
9BOCG,9BOCG
TV3AF,TV3AF
BJ2J5,BJ2J5
E5JUH,E5JUH
E8R20,E8R20
2LZVV,2LZVV
XMRMW,XMRMW
VA333,VA333
ZKVO9,ZKVO9
BZS4P,BZS4P
2T7YX,2T7YX
6944G,6944G
JBDJV,JBDJV
KULHP,KULHP
U8W5S,U8W5S
BM9R1,BM9R1
3C7PM,3C7PM
87A0F,87A0F
ZZV63,ZZV63
EN8HF,EN8HF
VIOID,VIOID
7L3VP,7L3VP
E97UN,E97UN
GL4ZB,GL4ZB
3WOLY,3WOLY
PHF9L,PHF9L
VRU8J,VRU8J
S3LUA,S3LUA
O71S4,O71S4
7FDWC,7FDWC
I0J8N,I0J8N
EJY38,EJY38
BR1BV,BR1BV
X9J11,X9J11
C95ZV,C95ZV
A6UXW,A6UXW
YU093,YU093
QRBFE,QRBFE
2V1L1,2V1L1
IDJQ8,IDJQ8
MWDT4,MWDT4
MPFNH,MPFNH
GHUT3,GHUT3
NU1TA,NU1TA
7UDG6,7UDG6
QRFYG,QRFYG
W6MZT,W6MZT
NQNX2,NQNX2
JMC7Y,JMC7Y
8X5Z8,8X5Z8
TL6U9,TL6U9
MSQLA,MSQLA
FMXDM,FMXDM
QBNYR,QBNYR
PXC1G,PXC1G
SV0KB,SV0KB
45B3I,45B3I
RJ320,RJ320
2PR7P,2PR7P
JCNE1,JCNE1
IPJKY,IPJKY
9ROWV,9ROWV
QVKA8,QVKA8
X5WZ4,X5WZ4
3MIF2,3MIF2
ZIX92,ZIX92
ZLZT1,ZLZT1
86JS2,86JS2
MJO16,MJO16
930Y9,930Y9
F4BN4,F4BN4
O1ORH,O1ORH
8ZABX,8ZABX
CM9V7,CM9V7
DK9O9,DK9O9
20SZP,20SZP
AYMB7,AYMB7
WNRB8,WNRB8
1PD4E,1PD4E
3T2W1,3T2W1
TNCHZ,TNCHZ
1DPAJ,1DPAJ
BNQOM,BNQOM
P7BWC,P7BWC
V4QEE,V4QEE
EFOAD,EFOAD
AAN1S,AAN1S
VPWAX,VPWAX
PFPZS,PFPZS
R274G,R274G
7Z5JV,7Z5JV
FGI0D,FGI0D
O5JL8,O5JL8
52TZE,52TZE
6ZWV4,6ZWV4
9YUC4,9YUC4
IFHGU,IFHGU
6DBL7,6DBL7
TKNQO,TKNQO
3Z7O7,3Z7O7
1V25F,1V25F
TA4SG,TA4SG
4M507,4M507
LWPSR,LWPSR
A8FDL,A8FDL
5AXVO,5AXVO
VG7ED,VG7ED
ZXYDJ,ZXYDJ
CKX8I,CKX8I
J0J8C,J0J8C
CTMIA,CTMIA
UR5HV,UR5HV
OPJK3,OPJK3
9RKUW,9RKUW
PXEZV,PXEZV
0JDRX,0JDRX
7I16J,7I16J
M1Y0M,M1Y0M
D2UIN,D2UIN
1GVF0,1GVF0
RJ6E5,RJ6E5
DG0H2,DG0H2
X3BTX,X3BTX
DZ0TB,DZ0TB
FJ69G,FJ69G
PKHIO,PKHIO
R1J0J,R1J0J
B8U4Y,B8U4Y
W5RX7,W5RX7
SX6KH,SX6KH
7OUGZ,7OUGZ
M093L,M093L
EW8JX,EW8JX
38NIT,38NIT
M87DS,M87DS
26ON6,26ON6
6J25S,6J25S
BW6LA,BW6LA
QUVFG,QUVFG
EWWMA,EWWMA
N6OIK,N6OIK
WSQXO,WSQXO
YPOCS,YPOCS
UXIMY,UXIMY
P1UAQ,P1UAQ
D85U9,D85U9
CNIVW,CNIVW
XRSN3,XRSN3
FY9BE,FY9BE
G97HT,G97HT
TA892,TA892
BMGVR,BMGVR
W67V8,W67V8
LEX9W,LEX9W
UTONA,UTONA
9N9HR,9N9HR
OKPAA,OKPAA
SUQ62,SUQ62
YJ0D4,YJ0D4
C94EA,C94EA
927TK,927TK
HR01S,HR01S
U79YH,U79YH
E64L3,E64L3
TTS9F,TTS9F
FBDND,FBDND
3QV01,3QV01
F20DX,F20DX
NUNY3,NUNY3
OOR5V,OOR5V
N019F,N019F
GADAD,GADAD
7DURS,7DURS
X2D8I,X2D8I
WTAQO,WTAQO
J1PL1,J1PL1
POTZV,POTZV
GF1Q8,GF1Q8
G9RAY,G9RAY
1E3N9,1E3N9
0C5JW,0C5JW
82PYR,82PYR
0YSGG,0YSGG
6OOA5,6OOA5
5RN5N,5RN5N
7O61U,7O61U
X2J4H,X2J4H
6F8JS,6F8JS
GM7H6,GM7H6
8QFV3,8QFV3
5AY16,5AY16
F96PW,F96PW
VIXDH,VIXDH
FTEAF,FTEAF
BI38O,BI38O
CEZDU,CEZDU
T7UOQ,T7UOQ
M8531,M8531
00I72,00I72
XANAT,XANAT
0YX1L,0YX1L
PUX53,PUX53
ZCCX4,ZCCX4
ZY0NO,ZY0NO
YYFSC,YYFSC
DI4YV,DI4YV
HNG8F,HNG8F
KHA5T,KHA5T
HB4UM,HB4UM
YKC2G,YKC2G
ET9SB,ET9SB
HHWO5,HHWO5
QZ7KE,QZ7KE
NSDNG,NSDNG
KAPBO,KAPBO
Z9OC7,Z9OC7
OTZ2F,OTZ2F
9KPDY,9KPDY
KDRCI,KDRCI
BIX26,BIX26
JWRHZ,JWRHZ
XPAGG,XPAGG
MWR71,MWR71
JTMOA,JTMOA
GH6HA,GH6HA
IQZC7,IQZC7
DJAKG,DJAKG
KPVU5,KPVU5
QNXZK,QNXZK
M79D3,M79D3
V2N8S,V2N8S
U6W51,U6W51
ID0NQ,ID0NQ
X7J4M,X7J4M
TV4YA,TV4YA
1ETWO,1ETWO
QJBFW,QJBFW
5DQ2U,5DQ2U
G23BU,G23BU
W3M42,W3M42
GOOYI,GOOYI
ZBG36,ZBG36
3WC9E,3WC9E
D9EYL,D9EYL
PO83Z,PO83Z
9DIY0,9DIY0
N1112,N1112
7B8D1,7B8D1
1DCBJ,1DCBJ
3ECIN,3ECIN
JOEUU,JOEUU
LI1IR,LI1IR
RKZC0,RKZC0
3TB8W,3TB8W
J8LUC,J8LUC
BR6NM,BR6NM
N4I3R,N4I3R
CR3EO,CR3EO
J2FAD,J2FAD
GB8EK,GB8EK
OLF3E,OLF3E
H8AUE,H8AUE
PHZ2H,PHZ2H
L4MDN,L4MDN
6Z2QL,6Z2QL
HCMXJ,HCMXJ
YJ1DU,YJ1DU
QM805,QM805
PPCBG,PPCBG
GA27O,GA27O
FQ6ZH,FQ6ZH
U3CKM,U3CKM
JRV9B,JRV9B
I9R3Z,I9R3Z
VI4BN,VI4BN
PU2O5,PU2O5
VPT8H,VPT8H
05I7F,05I7F
QY5UI,QY5UI
O3KXU,O3KXU
XIT6P,XIT6P
OT33N,OT33N
ID0LG,ID0LG
H415X,H415X
IE3HO,IE3HO
00OKV,00OKV
CPL7C,CPL7C
TPLJU,TPLJU
8K01P,8K01P
YTIN4,YTIN4
GDWP2,GDWP2
J2R27,J2R27
R3W9S,R3W9S
LE37Z,LE37Z
0NY64,0NY64
9BWRF,9BWRF
4MQHR,4MQHR
N76M1,N76M1
VHCZ3,VHCZ3
Q4QYG,Q4QYG
WGIGQ,WGIGQ
8KWR2,8KWR2
PMS6O,PMS6O
2A8T1,2A8T1
HE8J5,HE8J5
DL6AC,DL6AC
1ENZ4,1ENZ4
ZSE6D,ZSE6D
57UR9,57UR9
61JLF,61JLF
LUST8,LUST8
9KHLY,9KHLY
JGLAU,JGLAU
DDCTI,DDCTI
H4H65,H4H65
NUG6D,NUG6D
GRQBS,GRQBS
A99AT,A99AT
802HB,802HB
FKJUH,FKJUH
ONRIW,ONRIW
JF2KY,JF2KY
7QZYV,7QZYV
W68JO,W68JO
KZ0VU,KZ0VU
49OZM,49OZM
FCDFC,FCDFC
KE8IH,KE8IH
ZZ7IN,ZZ7IN
CYS61,CYS61
NA38O,NA38O
VETRC,VETRC
2BA2G,2BA2G
G0C01,G0C01
AQQP2,AQQP2
2LL16,2LL16
K2F9F,K2F9F
BXX8E,BXX8E
WROBT,WROBT
EK8F0,EK8F0
N9L95,N9L95
C3MQY,C3MQY
2OSAR,2OSAR
4WDGZ,4WDGZ
OE58Z,OE58Z
TQRLS,TQRLS
YRDS5,YRDS5
47CJC,47CJC
817Z6,817Z6
52OEP,52OEP
8TRIR,8TRIR
EA85D,EA85D
9D9ZA,9D9ZA
5Z4GT,5Z4GT
WENGG,WENGG
P4DNQ,P4DNQ
YVWEC,YVWEC
5NRZ1,5NRZ1
CBQDG,CBQDG
81GI2,81GI2
I8VHE,I8VHE
O2UBJ,O2UBJ
8DWQX,8DWQX
F4LG4,F4LG4
QA69I,QA69I
0XWVJ,0XWVJ
Q950W,Q950W
H4E1E,H4E1E
64OEK,64OEK
FQTY6,FQTY6
VTWWF,VTWWF
O0ZPF,O0ZPF
JMBEU,JMBEU
MKQV8,MKQV8
Q1VL4,Q1VL4
YTCRT,YTCRT
MW7A3,MW7A3
U38G1,U38G1
9FQBX,9FQBX
HWKF6,HWKF6
XDXBM,XDXBM
U2MUT,U2MUT
K47RJ,K47RJ
HW054,HW054
NP2XH,NP2XH
7Y2ET,7Y2ET
S39A8,S39A8
Z6BC2,Z6BC2
0MY5V,0MY5V
M6JHS,M6JHS
4SDME,4SDME
XBRWF,XBRWF
42EHJ,42EHJ
T3XLV,T3XLV
JXWWR,JXWWR
6E40J,6E40J
D882V,D882V
5SS0F,5SS0F
3Z9J3,3Z9J3
8IEL1,8IEL1
MILNF,MILNF
WMYCX,WMYCX
L3RO1,L3RO1
505RZ,505RZ
341U2,341U2
IDFIR,IDFIR
CY30A,CY30A
KRATB,KRATB
QBMW9,QBMW9
7PMLL,7PMLL
AGWN9,AGWN9
MBMKX,MBMKX
MJ9A7,MJ9A7
NYG4R,NYG4R
93VI8,93VI8
QK7FS,QK7FS
UCIRQ,UCIRQ
HNNNG,HNNNG
TP8C2,TP8C2
SMV1U,SMV1U
ZAAM7,ZAAM7
K8JOE,K8JOE
AHM3M,AHM3M
DD0ZD,DD0ZD
PO9TW,PO9TW
3WTGE,3WTGE
DOWP7,DOWP7
B40B9,B40B9
NEBH1,NEBH1
K9XPX,K9XPX
MH8OB,MH8OB
J95EL,J95EL
G44DR,G44DR
KZP2Q,KZP2Q
UX1VM,UX1VM
5O8MH,5O8MH
18721,18721
7L11Z,7L11Z
TLGCD,TLGCD
IFRLE,IFRLE
ITUWU,ITUWU
YFV3L,YFV3L
XKB3G,XKB3G
ENM5Q,ENM5Q
N8HRY,N8HRY
1WXA4,1WXA4
EUONJ,EUONJ
VTPTI,VTPTI
IDY9D,IDY9D
FUX3C,FUX3C
MLUD1,MLUD1
444B8,444B8
L3LUL,L3LUL
R0Y2N,R0Y2N
MX2A7,MX2A7
LIEXT,LIEXT
IJBSR,IJBSR
IJHMP,IJHMP
DFYWO,DFYWO
8Z1AY,8Z1AY
I9QEB,I9QEB
UXY22,UXY22
GV6A2,GV6A2
0AR4N,0AR4N
PQCGP,PQCGP
KBVNQ,KBVNQ
HO892,HO892
O7HUU,O7HUU
L12EJ,L12EJ
AS0M7,AS0M7
4HNHS,4HNHS
E60W2,E60W2
LP6ER,LP6ER
TMX5E,TMX5E
CVO33,CVO33
V3LY1,V3LY1
D51B3,D51B3
CB33T,CB33T
KPF82,KPF82
6JQ84,6JQ84
8S3T3,8S3T3
N8BUE,N8BUE
5PDMW,5PDMW
DBB7N,DBB7N
XQY1F,XQY1F
I967H,I967H
U8B3S,U8B3S
8DCK2,8DCK2
JSSFJ,JSSFJ
JQQQD,JQQQD
D3X5Q,D3X5Q
AGLZ0,AGLZ0
GLY4N,GLY4N
8X5VU,8X5VU
V7ZGT,V7ZGT
LES0S,LES0S
HL6W8,HL6W8
MWHA0,MWHA0
XG9ES,XG9ES
ZKUUL,ZKUUL
8PUGK,8PUGK
NL5G7,NL5G7
MG4K9,MG4K9
D6YZM,D6YZM
WVAXB,WVAXB
A8947,A8947
ED3CB,ED3CB
TKD5Z,TKD5Z
VRGKG,VRGKG
0ZF45,0ZF45
BHZKA,BHZKA
G75M2,G75M2
05RI6,05RI6
AI9FL,AI9FL
GV18R,GV18R
U2JIX,U2JIX
7VCZT,7VCZT
UGPLF,UGPLF
YDE1W,YDE1W
R3T7X,R3T7X
9M5ZN,9M5ZN
1H1FZ,1H1FZ
A2YD0,A2YD0
FCXVL,FCXVL
WCCC6,WCCC6
5P8YA,5P8YA
SV5XP,SV5XP
T3I8N,T3I8N
GFNBU,GFNBU
I444O,I444O
EVOH7,EVOH7
HS5E1,HS5E1
3Y016,3Y016
52VN1,52VN1
0JC8O,0JC8O
QREIM,QREIM
AZLD1,AZLD1
5QPVO,5QPVO
LR571,LR571
98XJX,98XJX
7MOCX,7MOCX
EDL95,EDL95
U86KY,U86KY
Y7RX4,Y7RX4
CLWY8,CLWY8
BZT9D,BZT9D
K2040,K2040
245P6,245P6
0DT1E,0DT1E
6YMI1,6YMI1
2XNJ1,2XNJ1
LSCNK,LSCNK
0C9WL,0C9WL
ZD6Q1,ZD6Q1
OU05Y,OU05Y
BD8ES,BD8ES
5GM0D,5GM0D
W9T4U,W9T4U
38PJE,38PJE
UHUHU,UHUHU
7ODBF,7ODBF
NGDHM,NGDHM
4F1KD,4F1KD
LKNRO,LKNRO
AUQ3D,AUQ3D
9IKOP,9IKOP
YESI4,YESI4
BJMSI,BJMSI
C2RQU,C2RQU
FE38R,FE38R
XKV3M,XKV3M
8CZHN,8CZHN
A27AM,A27AM
9CETE,9CETE
AGSS4,AGSS4
CDT57,CDT57
883B1,883B1
RWT4W,RWT4W
OWO40,OWO40
X5DK1,X5DK1
OTSGN,OTSGN
SCYH4,SCYH4
U9Z90,U9Z90
UUUTH,UUUTH
GNDDU,GNDDU
ITULK,ITULK
SF8KV,SF8KV
ECKLG,ECKLG
GKSFC,GKSFC
1BV00,1BV00
3N8W8,3N8W8
4CS8I,4CS8I
QZRNS,QZRNS
XA5AY,XA5AY
JWK9W,JWK9W
GX8QT,GX8QT
IAQLF,IAQLF
5H3A4,5H3A4
Q6BV0,Q6BV0
V23XD,V23XD
7GSNZ,7GSNZ
39TVS,39TVS
P2N3H,P2N3H
T8K87,T8K87
8CT13,8CT13
0SCVQ,0SCVQ
F8YAE,F8YAE
873P6,873P6
IX0LU,IX0LU
0M308,0M308
3Z5D1,3Z5D1
BUL40,BUL40
D3IDW,D3IDW
NO97B,NO97B
IRV91,IRV91
RUUN0,RUUN0
HP695,HP695
Y3L4S,Y3L4S
7RLLQ,7RLLQ
L2USL,L2USL
2PN70,2PN70
0O70O,0O70O
TP2GM,TP2GM
UA5IM,UA5IM
64UH4,64UH4
NCKQ2,NCKQ2
ZPF5L,ZPF5L
4OVVE,4OVVE
M057U,M057U
IPQ6K,IPQ6K
0GNE9,0GNE9
80XF4,80XF4
Y15UZ,Y15UZ
ZMS8T,ZMS8T
9YUK8,9YUK8
RFXLH,RFXLH
JG0RW,JG0RW
A2SB0,A2SB0
W6E8B,W6E8B
ZNOTU,ZNOTU
6PEPC,6PEPC
JM4VB,JM4VB
OQ2Q2,OQ2Q2
J4FJF,J4FJF
SZJH4,SZJH4
APJPJ,APJPJ
U59PS,U59PS
K6PR6,K6PR6
9YOBW,9YOBW
ERHAM,ERHAM
9APRR,9APRR
CDFN1,CDFN1
9D877,9D877
1FM0M,1FM0M
N8MLN,N8MLN
U12UZ,U12UZ
IT355,IT355
0LO0G,0LO0G
SFXAK,SFXAK
UEPLS,UEPLS
SATDV,SATDV
R5FTW,R5FTW
ELWT0,ELWT0
XPJX4,XPJX4
OFVDT,OFVDT
B4OAB,B4OAB
4ZGEA,4ZGEA
ANCQA,ANCQA
9E7SE,9E7SE
DAXSS,DAXSS
SV330,SV330
84EJA,84EJA
CZV1F,CZV1F
MO2MU,MO2MU
XGGF3,XGGF3
OHJAO,OHJAO
PV75C,PV75C
HRJOG,HRJOG
UI0X1,UI0X1
TOQI0,TOQI0
W5VZ1,W5VZ1
4W2ZT,4W2ZT
PK1YL,PK1YL
FE8NF,FE8NF
8XW8F,8XW8F
5UNAD,5UNAD
8ACNP,8ACNP
UOHMX,UOHMX
0VV0G,0VV0G
FAQWD,FAQWD
VMQFR,VMQFR
8C3BY,8C3BY
T4962,T4962
2M42Q,2M42Q
OBASM,OBASM
LS20B,LS20B
0WRMO,0WRMO
3O20D,3O20D
RTL81,RTL81
A58X6,A58X6
EAEI6,EAEI6
3ZMYS,3ZMYS
6ENEQ,6ENEQ
IEQ01,IEQ01
FXNYD,FXNYD
QD1KI,QD1KI
1J3X2,1J3X2
L0QEK,L0QEK
4ENAO,4ENAO
0NTK8,0NTK8
70V0X,70V0X
IBKZY,IBKZY
CXQ8C,CXQ8C
7PZJH,7PZJH
2E28T,2E28T
1NDM3,1NDM3
16WOI,16WOI
8KQA0,8KQA0
JUO52,JUO52
B0JMR,B0JMR
OSZZI,OSZZI
SVXYP,SVXYP
D5I42,D5I42
Z882L,Z882L
RB1GA,RB1GA
R4TPS,R4TPS
GTENB,GTENB
ZYOBX,ZYOBX
HCVFK,HCVFK
MBCW4,MBCW4
LZVIF,LZVIF
PG7TZ,PG7TZ
X7B88,X7B88
TX4GE,TX4GE
FF65P,FF65P
QSWOI,QSWOI
1BQE9,1BQE9
LPC1G,LPC1G
JO3EC,JO3EC
X26HW,X26HW
9GG7F,9GG7F
PQDU0,PQDU0
N9LA6,N9LA6
456MQ,456MQ
KRQCZ,KRQCZ
WASXP,WASXP
KYUJG,KYUJG
XPXNV,XPXNV
LWQUD,LWQUD
4MKIY,4MKIY
ORS0H,ORS0H
L2TJO,L2TJO
PBUDT,PBUDT
Q69A5,Q69A5
U3FWA,U3FWA
M5GUC,M5GUC
HK0UK,HK0UK
49CP0,49CP0
9NQZA,9NQZA
OJ6EQ,OJ6EQ
J5NJJ,J5NJJ
IWRC1,IWRC1
HZ6XV,HZ6XV
KGEL5,KGEL5
6EROP,6EROP
VV0KE,VV0KE
KK1UU,KK1UU
GDYR1,GDYR1
IECTP,IECTP
V1RPC,V1RPC
OW4LC,OW4LC
FOELA,FOELA
PQLF3,PQLF3
YKNKH,YKNKH
87YDT,87YDT
BTPTQ,BTPTQ
VFK9X,VFK9X
AEJBN,AEJBN
EKUPK,EKUPK
BS4N2,BS4N2
2UAS8,2UAS8
N4778,N4778
3KQ3T,3KQ3T
4CJAO,4CJAO
U9G6N,U9G6N
ZZWPG,ZZWPG
HNK79,HNK79
F9489,F9489
SACLI,SACLI
6TUS2,6TUS2
1EN47,1EN47
K2ISS,K2ISS
Z64CN,Z64CN
VGZS4,VGZS4
FP7C0,FP7C0
5XDJI,5XDJI
9PB0V,9PB0V
KVLI9,KVLI9
KIUFH,KIUFH
0S5WQ,0S5WQ
GOFP5,GOFP5
U4NU6,U4NU6
IUS60,IUS60
BWV3I,BWV3I
NE4OV,NE4OV
C86JA,C86JA
M21J8,M21J8
O105S,O105S
HKKK7,HKKK7
YB88F,YB88F
IXN05,IXN05
DDYR2,DDYR2
R2SUO,R2SUO
S7HH6,S7HH6
OS0JJ,OS0JJ
TWME7,TWME7
24685,24685
UMKD1,UMKD1
ZDP83,ZDP83
79NGT,79NGT
LRW4X,LRW4X
04QDU,04QDU
VGU8A,VGU8A
5GI5P,5GI5P
SLG4K,SLG4K
2J898,2J898
N8RVU,N8RVU
NU50N,NU50N
TJ6BM,TJ6BM
IY3JN,IY3JN
1VYER,1VYER
8OS9F,8OS9F
S5RNL,S5RNL
0IHIR,0IHIR
22K51,22K51
1CNAP,1CNAP
CLRDQ,CLRDQ
Y66WB,Y66WB
1IJMS,1IJMS
TDZHT,TDZHT
QGJF4,QGJF4
HBFG8,HBFG8
W2ZUY,W2ZUY
OTQXO,OTQXO
Q4ZFO,Q4ZFO
2TY9J,2TY9J
IZ6Q0,IZ6Q0
Q9XSO,Q9XSO
M2OKN,M2OKN
0UZ6S,0UZ6S
TRH4U,TRH4U
W48JW,W48JW
RH8UV,RH8UV
UQQSS,UQQSS
83Z2O,83Z2O
JM6ZW,JM6ZW
OVGM6,OVGM6
TGBS3,TGBS3
CEHL8,CEHL8
T03UM,T03UM
IZN46,IZN46
DHCV7,DHCV7
IDB9O,IDB9O
AANKQ,AANKQ
6VRHO,6VRHO
8I2MR,8I2MR
8I719,8I719
JC0DI,JC0DI
O4RDW,O4RDW
5P6BO,5P6BO
1NFM5,1NFM5
IF5HK,IF5HK
TZ0YB,TZ0YB
LZYGG,LZYGG
TJCQE,TJCQE
SNOTM,SNOTM
J77DL,J77DL
6MR82,6MR82
IMHT8,IMHT8
8ANFX,8ANFX
4264G,4264G
ZTN9E,ZTN9E
DYPCJ,DYPCJ
V3895,V3895
8L2R2,8L2R2
4BZTM,4BZTM
TKL21,TKL21
XXZTM,XXZTM
W21Z1,W21Z1
4KA8D,4KA8D
64KSX,64KSX
LRX1B,LRX1B
WMIJ9,WMIJ9
K2SZF,K2SZF
FBF8H,FBF8H
IWE4P,IWE4P
M9JBM,M9JBM
FISZ6,FISZ6
9ZHTD,9ZHTD
E3OH7,E3OH7
050IL,050IL
TPTWI,TPTWI
Z26SN,Z26SN
NGN3A,NGN3A
2HGA8,2HGA8
10H2A,10H2A
RZ0IM,RZ0IM
3J0KU,3J0KU
DZFIS,DZFIS
TKE6Q,TKE6Q
R4HQ4,R4HQ4
41FXI,41FXI
G8ZFV,G8ZFV
CR2SE,CR2SE
6F242,6F242
YFZQG,YFZQG
4K85F,4K85F
IHPNK,IHPNK
ACYMC,ACYMC
ETP3Y,ETP3Y
5S8VB,5S8VB
F0XQB,F0XQB
O62U2,O62U2
Q7O9S,Q7O9S
1XABS,1XABS
NDPMJ,NDPMJ
PDDQT,PDDQT
GD4Q8,GD4Q8
Y7F8J,Y7F8J
NTDO9,NTDO9
DZUUK,DZUUK
2ECLV,2ECLV
ZYO52,ZYO52
61VNZ,61VNZ
T9LV8,T9LV8
BTR1X,BTR1X
RWNBS,RWNBS
8D5IL,8D5IL
L7LY8,L7LY8
5SWJE,5SWJE
TSFW7,TSFW7
UN07A,UN07A
0BT7G,0BT7G
MM89S,MM89S
Q76MK,Q76MK
U8I9B,U8I9B
TGCF9,TGCF9
B1VR9,B1VR9
F7X3A,F7X3A
AKSPU,AKSPU
S5H7P,S5H7P
XOSPS,XOSPS
MFN5O,MFN5O
1884B,1884B
FZSYN,FZSYN
PZQVU,PZQVU
53RKN,53RKN
ZGERU,ZGERU
S5TOV,S5TOV
1VWM4,1VWM4
GBDC1,GBDC1
F206Y,F206Y
JKTZF,JKTZF
8OW1I,8OW1I
9FNOH,9FNOH
U1OJS,U1OJS
SIXY8,SIXY8
5Z16S,5Z16S
1BSSG,1BSSG
IGNUT,IGNUT
C7KNF,C7KNF
SV232,SV232
DHKHK,DHKHK
EVTEU,EVTEU
7ZEQZ,7ZEQZ
IXTVM,IXTVM
F4WOZ,F4WOZ
UTYWX,UTYWX
PRE9N,PRE9N
SSEPG,SSEPG
WN151,WN151
8YO3H,8YO3H
9ZE51,9ZE51
YN759,YN759
Z3Q40,Z3Q40
632N2,632N2
1O4U8,1O4U8
LJXSR,LJXSR
JQBFG,JQBFG
LFAOE,LFAOE
2T9DU,2T9DU
GSDEX,GSDEX
VNZOT,VNZOT
VM31M,VM31M
XBTFH,XBTFH
GZTMU,GZTMU
TRE9X,TRE9X
5C2BX,5C2BX
COT65,COT65
KP0W9,KP0W9
GOMAR,GOMAR
7P9D8,7P9D8
6B4BY,6B4BY
8SHEC,8SHEC
GMNHB,GMNHB
I71TN,I71TN
T76JW,T76JW
Y8PNQ,Y8PNQ
DUCX9,DUCX9
8D76P,8D76P
6RANR,6RANR
8EAQQ,8EAQQ
XE86N,XE86N
L6KAT,L6KAT
1ZMWX,1ZMWX
7IGN6,7IGN6
QHWV0,QHWV0
ZMKJL,ZMKJL
JMPKS,JMPKS
IO5WX,IO5WX
0HHEO,0HHEO
URNEV,URNEV
CUM07,CUM07
3J47P,3J47P
L9GLH,L9GLH
FLFIS,FLFIS
BH9Z1,BH9Z1
XJ1XA,XJ1XA
I11O4,I11O4
37AKO,37AKO
EN66Y,EN66Y
4DK7I,4DK7I
JMHUT,JMHUT
BUHWS,BUHWS
7VEM4,7VEM4
IAKU7,IAKU7
4AH39,4AH39
U1Z3D,U1Z3D
U8WVU,U8WVU
CEBGK,CEBGK
4CDL4,4CDL4
3D321,3D321
X34L8,X34L8
86G3M,86G3M
H7NDK,H7NDK
355E7,355E7
X3M94,X3M94
80P4M,80P4M
K9GJV,K9GJV
30M8Y,30M8Y
EYQDA,EYQDA
MC1SS,MC1SS
PVRF0,PVRF0
ZQAOB,ZQAOB
SCU2E,SCU2E
ILHKH,ILHKH
LM5UE,LM5UE
HSAQT,HSAQT
KYCH7,KYCH7
2UAMC,2UAMC
WFIGU,WFIGU
8D21W,8D21W
FJDYK,FJDYK
MHA6L,MHA6L
F4UKF,F4UKF
JGTA2,JGTA2
4X41U,4X41U
7WZ6R,7WZ6R
LKLZ7,LKLZ7
XHWA4,XHWA4
U8FEG,U8FEG
1QFNH,1QFNH
MGPCL,MGPCL
O1R01,O1R01
PWIQ5,PWIQ5
Z9EE0,Z9EE0
5RX4V,5RX4V
U1X5V,U1X5V
5S2C2,5S2C2
C9H2Q,C9H2Q
0SL6K,0SL6K
OMH9P,OMH9P
4TYOC,4TYOC
RYRCC,RYRCC
NG21R,NG21R
7SCQ5,7SCQ5
0ULFW,0ULFW
RJM3J,RJM3J
PHJP6,PHJP6
8FASK,8FASK
2EQVI,2EQVI
NCM1O,NCM1O
BXLD3,BXLD3
5DS7E,5DS7E
6T3CV,6T3CV
7YMLK,7YMLK
6T8Z3,6T8Z3
AASIZ,AASIZ
A8F0Y,A8F0Y
8JBYA,8JBYA
TD1AK,TD1AK
3QKW1,3QKW1
V1LMV,V1LMV
638WZ,638WZ
7YLF8,7YLF8
4LK74,4LK74
JPEC6,JPEC6
TB9Q7,TB9Q7
2AEWK,2AEWK
SY6ZK,SY6ZK
TTX8B,TTX8B
PDP2Z,PDP2Z
AGRPF,AGRPF
JUD41,JUD41
U3IMQ,U3IMQ
HAKQL,HAKQL
TH9DF,TH9DF
ZH3FD,ZH3FD
T4AU7,T4AU7
V0JFD,V0JFD
5H5H7,5H5H7
8RJN6,8RJN6
NHY8E,NHY8E
XWJXE,XWJXE
PTXPR,PTXPR
IMI7L,IMI7L
78ZQO,78ZQO
SKHNQ,SKHNQ
LXK0D,LXK0D
ADPCQ,ADPCQ
98NCT,98NCT
ZZS9K,ZZS9K
OPFPP,OPFPP
8NCV4,8NCV4
GR4DC,GR4DC
WXDVY,WXDVY
2T4AO,2T4AO
EBISY,EBISY
6JK98,6JK98
13MIN,13MIN
TKK9T,TKK9T
A21FH,A21FH
NNZUV,NNZUV
TSQ2F,TSQ2F
DLS7F,DLS7F
J83AW,J83AW
BQE3U,BQE3U
MP40U,MP40U
LBGGA,LBGGA
325ZY,325ZY
SQM8B,SQM8B
FKG3R,FKG3R
FE8X3,FE8X3
4JNS3,4JNS3
8AH7B,8AH7B
W682G,W682G
NTFQ6,NTFQ6
AOT5D,AOT5D
3V17Q,3V17Q
5KCHY,5KCHY
81X19,81X19
UMZRK,UMZRK
RSM45,RSM45
NVCHF,NVCHF
MO8FA,MO8FA
UT8EG,UT8EG
MY0QT,MY0QT
535J8,535J8
A3RCH,A3RCH
QYNIG,QYNIG
VO7L0,VO7L0
S1O4O,S1O4O
1XGEK,1XGEK
WYYL4,WYYL4
OOIQB,OOIQB
5RXAY,5RXAY
I6CL6,I6CL6
GH62G,GH62G
JPOI1,JPOI1
H68CN,H68CN
A9X4M,A9X4M
ZUTC7,ZUTC7
7H4EF,7H4EF
D9K8K,D9K8K
1L7A9,1L7A9
FZDKI,FZDKI
21S90,21S90
TCEX4,TCEX4
48V4K,48V4K
7AF2T,7AF2T
LWD40,LWD40
D07XS,D07XS
QKGSW,QKGSW
H7T6X,H7T6X
8523I,8523I
WKNT5,WKNT5
96341,96341
EL03N,EL03N
Q8QS4,Q8QS4
9YNZI,9YNZI
PVV1I,PVV1I
CM5PV,CM5PV
DQ9V1,DQ9V1
59YBH,59YBH
5DCP5,5DCP5
INA45,INA45
QVO4Y,QVO4Y
WS1MC,WS1MC
4B6LA,4B6LA
0BXL3,0BXL3
WXR8K,WXR8K
IW4FC,IW4FC
ZQWAT,ZQWAT
F2LPH,F2LPH
H8WJ2,H8WJ2
FAVZQ,FAVZQ
KJHK5,KJHK5
SFNCA,SFNCA
QN63E,QN63E
L0ZII,L0ZII
Q5J4O,Q5J4O
8L5OV,8L5OV
4LOD4,4LOD4
63099,63099
29B0G,29B0G
G27I4,G27I4
2CDKP,2CDKP
SV7XI,SV7XI
XKWGZ,XKWGZ
GD93V,GD93V
BJRWM,BJRWM
BSHOL,BSHOL
VKCJS,VKCJS
DI8KA,DI8KA
JFXI3,JFXI3
B67GA,B67GA
0CF6O,0CF6O
L77U7,L77U7
DI60C,DI60C
AEHP8,AEHP8
0LSL1,0LSL1
QJUCS,QJUCS
QW27O,QW27O
VCZ1D,VCZ1D
DTF1C,DTF1C
PEP9V,PEP9V
PMLI4,PMLI4
I98LC,I98LC
3TRVQ,3TRVQ
H25AU,H25AU
3GAHG,3GAHG
YDIL0,YDIL0
A7WH0,A7WH0
HYAV2,HYAV2
ES681,ES681
SRVFP,SRVFP
WRSXJ,WRSXJ
IRRS8,IRRS8
SED90,SED90
QW5XT,QW5XT
TFAIA,TFAIA
78LGM,78LGM
RVHSZ,RVHSZ
VSLN2,VSLN2
PMUK7,PMUK7
NSRC6,NSRC6
S9H46,S9H46
ITGD2,ITGD2
8S838,8S838
LJ7K9,LJ7K9
9EZ37,9EZ37
Q1FI8,Q1FI8
7NK0S,7NK0S
1LX8H,1LX8H
33K4F,33K4F
T30P5,T30P5
IS4IB,IS4IB
3BKOQ,3BKOQ
KO9M1,KO9M1
YCMJ5,YCMJ5
LYQ3T,LYQ3T
1UHQ2,1UHQ2
N6XZ7,N6XZ7
THQQT,THQQT
WKE08,WKE08
ZHOGC,ZHOGC
TINC3,TINC3
7TPQB,7TPQB
P4CD4,P4CD4
1I5A0,1I5A0
IAEKS,IAEKS
V41MY,V41MY
GUIXC,GUIXC
G8PZQ,G8PZQ
QPRVG,QPRVG
K3ZJ8,K3ZJ8
83CIF,83CIF
4U3HK,4U3HK
U763R,U763R
GMK0E,GMK0E
BQ1VX,BQ1VX
PZMFS,PZMFS
PMC30,PMC30
Z0WOV,Z0WOV
N1RB9,N1RB9
AHYGA,AHYGA
SESBY,SESBY
Q482F,Q482F
S0JSK,S0JSK
GBGBH,GBGBH
D6KHB,D6KHB
2U4FW,2U4FW
ITJVS,ITJVS
2DOON,2DOON
5R7MY,5R7MY
2HI5Y,2HI5Y
CIFQI,CIFQI
G5DS6,G5DS6
SZXXZ,SZXXZ
YRHS0,YRHS0
XZYIL,XZYIL
ALG88,ALG88
RXH8U,RXH8U
G1GRH,G1GRH
QX82B,QX82B
M0J7D,M0J7D
TYIMH,TYIMH
ZL4LV,ZL4LV
DBYQF,DBYQF
EFPO7,EFPO7
NGEN0,NGEN0
XOFYO,XOFYO
Q267K,Q267K
IQPRQ,IQPRQ
C62ZP,C62ZP
PNN9M,PNN9M
W97T5,W97T5
DOHWE,DOHWE
WEV2J,WEV2J
7PMHF,7PMHF
ZEVEI,ZEVEI
8WNON,8WNON
I9W6B,I9W6B
ZC9DB,ZC9DB
XM3IF,XM3IF
H7PIK,H7PIK
RXEJA,RXEJA
EZP77,EZP77
KXK6L,KXK6L
EOROD,EOROD
6S8YJ,6S8YJ
V62T6,V62T6
VHC3Q,VHC3Q
6A9OK,6A9OK
VXQFN,VXQFN
MVTH0,MVTH0
MUW09,MUW09
29GVL,29GVL
ZBTH2,ZBTH2
059QP,059QP
8Z99O,8Z99O
XC7EN,XC7EN
JP5EC,JP5EC
7STXL,7STXL
EVQO8,EVQO8
S7196,S7196
UB85H,UB85H
XHUCG,XHUCG
VW9VT,VW9VT
SRRT5,SRRT5
L8SGK,L8SGK
QU5PP,QU5PP
AOMVZ,AOMVZ
IZU5B,IZU5B
US1U4,US1U4
S1WCA,S1WCA
MNWN6,MNWN6
1EI2P,1EI2P
86F1J,86F1J
UUSAH,UUSAH
G116V,G116V
ZEDHS,ZEDHS
YYG96,YYG96
OXQ7K,OXQ7K
GC1XK,GC1XK
ZF9JV,ZF9JV
VEJBI,VEJBI
TT2W5,TT2W5
JOHGM,JOHGM
8H1B1,8H1B1
VD55K,VD55K
KSU5Q,KSU5Q
WUY9B,WUY9B
GX1RD,GX1RD
0ESHF,0ESHF
OI2SY,OI2SY
JTLDL,JTLDL
JQCF0,JQCF0
YGAJW,YGAJW
WB9LC,WB9LC
9FHMX,9FHMX
K711G,K711G
SFUO6,SFUO6
CU8K0,CU8K0
OCQX4,OCQX4
08YJV,08YJV
WLE48,WLE48
VEM26,VEM26
RLH46,RLH46
2LFWG,2LFWG
UMKQM,UMKQM
RORR4,RORR4
EPHOD,EPHOD
JTXY2,JTXY2
JFMIL,JFMIL
L5Z4F,L5Z4F
PH628,PH628
D4WIB,D4WIB
CXJ3F,CXJ3F
U6ISP,U6ISP
2HWT1,2HWT1
AO80U,AO80U
AIBTS,AIBTS
F2809,F2809
812L9,812L9
8E3ZC,8E3ZC
5ZBUL,5ZBUL
4WZ85,4WZ85
FTBLC,FTBLC
LNTPT,LNTPT
0L4FB,0L4FB
D6NN1,D6NN1
S9GLX,S9GLX
LNP0F,LNP0F
VD8BF,VD8BF
C4WQ6,C4WQ6
WSQ2A,WSQ2A
ACM5G,ACM5G
Z73BS,Z73BS
6LDB4,6LDB4
X4LXF,X4LXF
SRGZE,SRGZE
LB0EN,LB0EN
XWPBM,XWPBM
L6J5H,L6J5H
67IBO,67IBO
0OS19,0OS19
8BA2J,8BA2J
L7LD9,L7LD9
PCLJG,PCLJG
NOEE4,NOEE4
4WR6P,4WR6P
U2ZTW,U2ZTW
IJ379,IJ379
8CUX0,8CUX0
QP996,QP996
5K5K6,5K5K6
2AETL,2AETL
6PI9Q,6PI9Q
0VOJO,0VOJO
PY0V9,PY0V9
1UCCO,1UCCO
UA2HO,UA2HO
GUJ6P,GUJ6P
K0SHT,K0SHT
RWLXL,RWLXL
BSTGS,BSTGS
JOKJW,JOKJW
0SV77,0SV77
UAYM3,UAYM3
YY5IM,YY5IM
L1E5C,L1E5C
62P9H,62P9H
XF3KI,XF3KI
MVTGK,MVTGK
M8S7G,M8S7G
D143M,D143M
1TVY9,1TVY9
97V14,97V14
PWUFM,PWUFM
DB6U8,DB6U8
MUB0G,MUB0G
AGXOE,AGXOE
5NFSX,5NFSX
K8OK1,K8OK1
5ZLFV,5ZLFV
BYR8L,BYR8L
H06HX,H06HX
OPZC4,OPZC4
XLB3H,XLB3H
VAFQ2,VAFQ2
CFSRY,CFSRY
2V7OV,2V7OV
NGYAV,NGYAV
U8XPF,U8XPF
BNADF,BNADF
XQHWJ,XQHWJ
2PE71,2PE71
5103K,5103K
MLEA1,MLEA1
YTAOL,YTAOL
OG6C0,OG6C0
B0MSM,B0MSM
5NDRX,5NDRX
E54EX,E54EX
MBYO7,MBYO7
AY9QQ,AY9QQ
ZAOHD,ZAOHD
DMX0R,DMX0R
UJ6DM,UJ6DM
YC4K3,YC4K3
F4D91,F4D91
DXSJB,DXSJB
HPLDH,HPLDH
8GRQ9,8GRQ9
VF3IU,VF3IU
VB5G8,VB5G8
K7498,K7498
T51I1,T51I1
6NWGF,6NWGF
6SOA0,6SOA0
PZDYN,PZDYN
7UB65,7UB65
66RGZ,66RGZ
6M43K,6M43K
YFC17,YFC17
Q9JKD,Q9JKD
ORVCW,ORVCW
I2A9V,I2A9V
DITT0,DITT0
ZPSI3,ZPSI3
TT8NU,TT8NU
TXRFE,TXRFE
LCNI5,LCNI5
4HQKG,4HQKG
NXDA3,NXDA3
CIDCS,CIDCS
F3I0Q,F3I0Q
B6RPX,B6RPX
I7FFL,I7FFL
IJZWP,IJZWP
DG6Z8,DG6Z8
LP4I4,LP4I4
26QUS,26QUS
ZJTH6,ZJTH6
A36TB,A36TB
8NP6T,8NP6T
0JDSS,0JDSS
HMXXW,HMXXW
PVJMA,PVJMA
QK8AJ,QK8AJ
PSFEW,PSFEW
K94Y8,K94Y8
DATR7,DATR7
XYA7K,XYA7K
7OJPJ,7OJPJ
7R6SB,7R6SB
DI0KN,DI0KN
G30B4,G30B4
DUM4X,DUM4X
JQZH4,JQZH4
87MNR,87MNR
Z2YFN,Z2YFN
CUFKY,CUFKY
2FYM6,2FYM6
KK56P,KK56P
92TZ0,92TZ0
J7AR6,J7AR6
TPGM6,TPGM6
VQONU,VQONU
J0K5E,J0K5E
GPX0A,GPX0A
CN91B,CN91B
7ZF40,7ZF40
IH10A,IH10A
3LRZZ,3LRZZ
GKJ43,GKJ43
NEQTW,NEQTW
SWQDF,SWQDF
1FCZ1,1FCZ1
TOVP2,TOVP2
FZ2HU,FZ2HU
80LA4,80LA4
GDFB6,GDFB6
O8NOD,O8NOD
ZE6FB,ZE6FB
OU6T4,OU6T4
OH36E,OH36E
DKW24,DKW24
LYRS8,LYRS8
69EMI,69EMI
PIEA7,PIEA7
EREPU,EREPU
8XLYZ,8XLYZ
327E3,327E3
OIWGR,OIWGR
CZDXJ,CZDXJ
C3IXI,C3IXI
NCPW4,NCPW4
2MGAF,2MGAF
4XR0G,4XR0G
DFE3H,DFE3H
RLBE9,RLBE9
21X46,21X46
OZ1QC,OZ1QC
9A7FH,9A7FH
JH01K,JH01K
VPGAK,VPGAK
8S4ON,8S4ON
FCX4C,FCX4C
R8QJQ,R8QJQ
6A6NR,6A6NR
BOAPX,BOAPX
Y1N4H,Y1N4H
861L8,861L8
NSDTP,NSDTP
C9KYI,C9KYI
1EXMK,1EXMK
MK6NM,MK6NM
NIXKS,NIXKS
O4B5O,O4B5O
PXI50,PXI50
VECIB,VECIB
UG47E,UG47E
UUGWW,UUGWW
5QUFY,5QUFY
G5PT4,G5PT4
BSG1M,BSG1M
V4O5N,V4O5N
PWVFN,PWVFN
O5KKB,O5KKB
BVOU3,BVOU3
Z34OY,Z34OY
NYIW1,NYIW1
7RRCO,7RRCO
BR4BV,BR4BV
4SUR6,4SUR6
I141N,I141N
GW67G,GW67G
UN0PR,UN0PR
L1IHB,L1IHB
4HT9A,4HT9A
2QNOG,2QNOG
Y8NZV,Y8NZV
QQC5D,QQC5D
3WU4C,3WU4C
CBD74,CBD74
W1BL4,W1BL4
AB3T8,AB3T8
7YLWH,7YLWH
R5CXS,R5CXS
IKRQH,IKRQH
2OTC4,2OTC4
8MTNR,8MTNR
MK6X2,MK6X2
ITJYZ,ITJYZ
172N3,172N3
XFR5T,XFR5T
P3IH3,P3IH3
GGCAK,GGCAK
225RT,225RT
L8NB8,L8NB8
LAXTU,LAXTU
2M9HT,2M9HT
YZ85C,YZ85C
EAFAS,EAFAS
E1QM2,E1QM2
96OJW,96OJW
AQZBP,AQZBP
N9IN8,N9IN8
1HQD7,1HQD7
7UVGS,7UVGS
C1RXY,C1RXY
W824F,W824F
81HZZ,81HZZ
O8BKO,O8BKO
VQ9AC,VQ9AC
XQN6Y,XQN6Y
E3S07,E3S07
19EYC,19EYC
SLUEW,SLUEW
1DHJW,1DHJW
IL9PI,IL9PI
XYOIO,XYOIO
GCVC7,GCVC7
0PA66,0PA66
MIFTI,MIFTI
CN7UD,CN7UD
YTJLW,YTJLW
08R5H,08R5H
MI2JI,MI2JI
3BFDE,3BFDE
Q13XE,Q13XE
A59HL,A59HL
4VZIS,4VZIS
3A5IY,3A5IY
HL02T,HL02T
O6XO7,O6XO7
62V38,62V38
JGIHE,JGIHE
RJUMB,RJUMB
INMQT,INMQT
ID865,ID865
YRGTX,YRGTX
LSTLL,LSTLL
F460J,F460J
TPD38,TPD38
HYRLW,HYRLW
D2F3W,D2F3W
JLFUF,JLFUF
811V5,811V5
6KP39,6KP39
8EQJ0,8EQJ0
W1G53,W1G53
6Q4WX,6Q4WX
WK62P,WK62P
9DX69,9DX69
HU67B,HU67B
WE0DA,WE0DA
YJP48,YJP48
TXFVN,TXFVN
DVSHM,DVSHM
2YMBU,2YMBU
T25RL,T25RL
TQ81K,TQ81K
6CE0F,6CE0F
0R8U6,0R8U6
UO2AW,UO2AW
21W3I,21W3I
WMV84,WMV84
I2Y9A,I2Y9A
F5YTI,F5YTI
IW6ON,IW6ON
SNPC6,SNPC6
9MRHH,9MRHH
Y5KWC,Y5KWC
O34IK,O34IK
QKSKN,QKSKN
IMFKR,IMFKR
CCXB1,CCXB1
D6ZRA,D6ZRA
DM2CU,DM2CU
HLGK4,HLGK4
J2UK8,J2UK8
A3K5P,A3K5P
MM069,MM069
C28N9,C28N9
Q6GCL,Q6GCL
I38D3,I38D3
T2BGA,T2BGA
9YIS9,9YIS9
URVGL,URVGL
49T7A,49T7A
HXO8R,HXO8R
WB8XJ,WB8XJ
9BTS2,9BTS2
TJ3MZ,TJ3MZ
2A3WY,2A3WY
FO74L,FO74L
67ZSF,67ZSF
P6W4D,P6W4D
4M3YN,4M3YN
V512S,V512S
952ED,952ED
O143O,O143O
M65RC,M65RC
KMROT,KMROT
SDBQB,SDBQB
FT1BE,FT1BE
8ZZ36,8ZZ36
B1RRS,B1RRS
NJULE,NJULE
NM42J,NM42J
SOJIW,SOJIW
1QROR,1QROR
SB9JM,SB9JM
C988C,C988C
ROKNF,ROKNF
ATQAL,ATQAL
KI5PG,KI5PG
ISUO1,ISUO1
Z83NO,Z83NO
FSINC,FSINC
QVC1Z,QVC1Z
Y7M9A,Y7M9A
OFMIN,OFMIN
92E9X,92E9X
6RDOD,6RDOD
NTZFH,NTZFH
R1V1A,R1V1A
X9E5P,X9E5P
ZC2TS,ZC2TS
CB9X3,CB9X3
6Y35P,6Y35P
IZQ6U,IZQ6U
715RN,715RN
K6EI8,K6EI8
VP8A0,VP8A0
WVZR9,WVZR9
8R1MB,8R1MB
6JMNU,6JMNU
S9I61,S9I61
8640D,8640D
DLK56,DLK56
IVW9D,IVW9D
06I7V,06I7V
104E1,104E1
N2FDM,N2FDM
P5IMA,P5IMA
1VXQG,1VXQG
EGV88,EGV88
K6Z5Y,K6Z5Y
7FPLT,7FPLT
G1NY9,G1NY9
E43E4,E43E4
WK1Q4,WK1Q4
XB0FO,XB0FO
R5AD0,R5AD0
4X4O2,4X4O2
HZ8NY,HZ8NY
05E76,05E76
VNT36,VNT36
W7R50,W7R50
POU9C,POU9C
K1NWF,K1NWF
VD55E,VD55E
VULRD,VULRD
55GXD,55GXD
RT7PL,RT7PL
9KU12,9KU12
E6CPU,E6CPU
RT6HU,RT6HU
I4IYC,I4IYC
U34YE,U34YE
7VA71,7VA71
CVLUI,CVLUI
9DGRX,9DGRX
IPVIJ,IPVIJ
IZHSH,IZHSH
DX1VX,DX1VX
749XX,749XX
NZJZB,NZJZB
CDYHW,CDYHW
9FUBI,9FUBI
4O93Z,4O93Z
PSSW8,PSSW8
CXDIU,CXDIU
7PA7O,7PA7O
A0VVM,A0VVM
TGIQZ,TGIQZ
WRFLR,WRFLR
OXD42,OXD42
2NSTK,2NSTK
HE4M2,HE4M2
183CH,183CH
1VALL,1VALL
ZBFGT,ZBFGT
SRCWL,SRCWL
6D4QX,6D4QX
OXD41,OXD41
8RHCD,8RHCD
56RPN,56RPN
X88DC,X88DC
Y4RDV,Y4RDV
NEW03,NEW03
AREB0,AREB0
W665G,W665G
6AS2D,6AS2D
6GRBB,6GRBB
KPDJA,KPDJA
TJ4JM,TJ4JM
HRVJ7,HRVJ7
YLH6I,YLH6I
NU4FT,NU4FT
G15PC,G15PC
JNPLC,JNPLC
BYKLC,BYKLC
HY96G,HY96G
Z7CZH,Z7CZH
BSDWA,BSDWA
Z86OT,Z86OT
1U48Y,1U48Y
HD1P8,HD1P8
7PPH8,7PPH8
C1LDS,C1LDS
V186D,V186D
IOHU2,IOHU2
IY6KI,IY6KI
Z56XD,Z56XD
5L30I,5L30I
A9NXH,A9NXH
DO37N,DO37N
VBZAL,VBZAL
1RQ01,1RQ01
2P0WP,2P0WP
W13X1,W13X1
ZD7R4,ZD7R4
ZAPQ7,ZAPQ7
KOJMW,KOJMW
8QT6V,8QT6V
88GK3,88GK3
CSGY7,CSGY7
79CBW,79CBW
ZQL18,ZQL18
BALD5,BALD5
3H880,3H880
4KEY7,4KEY7
N35CI,N35CI
YK3QS,YK3QS
0QA8S,0QA8S
KQ6E9,KQ6E9
BEQVX,BEQVX
SR2I7,SR2I7
DRM0Z,DRM0Z
WCHTM,WCHTM
BUCJC,BUCJC
GZ1EH,GZ1EH
M2MQT,M2MQT
87D36,87D36
GSC1K,GSC1K
IROL3,IROL3
Q5MOR,Q5MOR
FMFC2,FMFC2
TJYPH,TJYPH
XQFWD,XQFWD
A78JQ,A78JQ
I9NMU,I9NMU
MQFH4,MQFH4
GJI3G,GJI3G
QYLXH,QYLXH
6VWVZ,6VWVZ
U0QOG,U0QOG
22W4D,22W4D
SVJ0I,SVJ0I
D9OZB,D9OZB
WLTLZ,WLTLZ
2W4NV,2W4NV
ZMC2C,ZMC2C
2E3LB,2E3LB
LIHY3,LIHY3
LAN5P,LAN5P
9AQYR,9AQYR
IME5A,IME5A
YV7YG,YV7YG
BCEKM,BCEKM
QO6BD,QO6BD
44B5A,44B5A
TYEB3,TYEB3
Q58X1,Q58X1
9GFGU,9GFGU
K5JAD,K5JAD
14SYS,14SYS
GX3C1,GX3C1
JZ7Q7,JZ7Q7
SW4K1,SW4K1
LXJTA,LXJTA
P24GN,P24GN
XS103,XS103
MMQGC,MMQGC
T1RZV,T1RZV
SCWUR,SCWUR
L2BGM,L2BGM
NZCCP,NZCCP
VZMLR,VZMLR
Y5JND,Y5JND
M41D6,M41D6
O7VR8,O7VR8
TBKNV,TBKNV
6DBU4,6DBU4
RX9PL,RX9PL
CA9FY,CA9FY
MCFN0,MCFN0
MLEBQ,MLEBQ
ZRKR4,ZRKR4
OQD0Y,OQD0Y
C0NIU,C0NIU
TIP0T,TIP0T
TVEGS,TVEGS
S7KPI,S7KPI
W3S6L,W3S6L
WUX2X,WUX2X
DUC7S,DUC7S
THSYZ,THSYZ
1QCGU,1QCGU
5U0XJ,5U0XJ
DV7FG,DV7FG
3KO2K,3KO2K
M5EO8,M5EO8
L1R38,L1R38
67F2T,67F2T
AGX5U,AGX5U
C3CNT,C3CNT
FUX4H,FUX4H
9GPE8,9GPE8
DAS9I,DAS9I
0IWIT,0IWIT
Z9B8R,Z9B8R
4N1NC,4N1NC
JBCE2,JBCE2
F9GJP,F9GJP
S3K6N,S3K6N
2N8S0,2N8S0
H521S,H521S
ZD8VF,ZD8VF
C9MUI,C9MUI
E9JKP,E9JKP
ZFEW9,ZFEW9
USSA5,USSA5
H38TH,H38TH
E9NQJ,E9NQJ
B5UTW,B5UTW
FYMYU,FYMYU
JLHWD,JLHWD
R6N58,R6N58
4A0O7,4A0O7
YHVVB,YHVVB
ZZVS3,ZZVS3
Z7MDC,Z7MDC
BXJ96,BXJ96
LN2IG,LN2IG
IL0XL,IL0XL
IIA32,IIA32
PDWXQ,PDWXQ
OARXG,OARXG
BMX7C,BMX7C
Y67XF,Y67XF
68ZBA,68ZBA
FFBNS,FFBNS
MPOCN,MPOCN
UF9ZZ,UF9ZZ
VUYDT,VUYDT
FB79V,FB79V
JY678,JY678
5QF1U,5QF1U
VJGYD,VJGYD
PDSWY,PDSWY
T0FO7,T0FO7
Z6GG9,Z6GG9
LNGII,LNGII
RCLA3,RCLA3
KC29W,KC29W
BBOP8,BBOP8
0K8K5,0K8K5
OEV2S,OEV2S
9WWS4,9WWS4
Q80L0,Q80L0
LELI3,LELI3
NSU2Y,NSU2Y
0UQW9,0UQW9
ISF76,ISF76
D2TAP,D2TAP
GL1FH,GL1FH
IDMFH,IDMFH
DNVQI,DNVQI
8DPUD,8DPUD
JY0X4,JY0X4
4RMEM,4RMEM
7MYKP,7MYKP
MZ2S2,MZ2S2
KPJ90,KPJ90
759QM,759QM
ZEMAN,ZEMAN
8MOVO,8MOVO
S12MF,S12MF
MPSZ0,MPSZ0
5OO0Y,5OO0Y
0ZR54,0ZR54
1P2KN,1P2KN
I9AH2,I9AH2
WXAQ6,WXAQ6
XIX9B,XIX9B
09BK7,09BK7
NPPZI,NPPZI
BTC4C,BTC4C
AOD20,AOD20
0KV6J,0KV6J
IW9FF,IW9FF
4RX6Y,4RX6Y
IE5K1,IE5K1
YBRFQ,YBRFQ
YCET2,YCET2
78VC5,78VC5
6NRIL,6NRIL
N4Z9W,N4Z9W
M2XDI,M2XDI
TYMDM,TYMDM
Q7A0X,Q7A0X
Z0816,Z0816
BZZIN,BZZIN
NTXQ3,NTXQ3
4CWX5,4CWX5
1DU9D,1DU9D
ANPL4,ANPL4
PFHQ7,PFHQ7
WCY6C,WCY6C
S1Y7Q,S1Y7Q
6T7MX,6T7MX
LYXM3,LYXM3
SV7RU,SV7RU
VRW46,VRW46
HNR9V,HNR9V
IWJA7,IWJA7
TDGWH,TDGWH
IIHL9,IIHL9
FTPSH,FTPSH
QGCGR,QGCGR
JTHSR,JTHSR
P29KC,P29KC
NHOQ3,NHOQ3
VQ0JA,VQ0JA
T9J22,T9J22
UN65B,UN65B
3UZTH,3UZTH
64AQC,64AQC
MUK1Z,MUK1Z
UB7XT,UB7XT
4JTBX,4JTBX
RY1IX,RY1IX
JW4PW,JW4PW
544II,544II
Y5O35,Y5O35
940FL,940FL
4PZXX,4PZXX
XKX8B,XKX8B
XTRAH,XTRAH
58KQZ,58KQZ
A07FW,A07FW
GLXK0,GLXK0
MK94U,MK94U
SEVVU,SEVVU
B60VJ,B60VJ
M18YP,M18YP
TDJ5R,TDJ5R
A7EWL,A7EWL
8I2K8,8I2K8
3VN1X,3VN1X
PDS3U,PDS3U
2W2JU,2W2JU
I2VJT,I2VJT
XGNMX,XGNMX
40IUY,40IUY
MILB9,MILB9
MQH84,MQH84
IAN0U,IAN0U
RJDES,RJDES
P5E8U,P5E8U
YM7Y9,YM7Y9
QYRNM,QYRNM
50O1D,50O1D
LN1BJ,LN1BJ
2759P,2759P
HOP4V,HOP4V
M9EZ5,M9EZ5
DLCB0,DLCB0
1QE0L,1QE0L
41G1W,41G1W
TFA9F,TFA9F
MHQBS,MHQBS
2NOOL,2NOOL
ZJHCU,ZJHCU
TQ50W,TQ50W
PPBND,PPBND
T6AUU,T6AUU
SP31A,SP31A
8JU55,8JU55
ZL7PY,ZL7PY
REC65,REC65
QAL6V,QAL6V
CHTTG,CHTTG
GXSKL,GXSKL
K69X2,K69X2
64G6B,64G6B
NI5HQ,NI5HQ
317MW,317MW
J5UTE,J5UTE
Q74MT,Q74MT
7FUK2,7FUK2
RM94W,RM94W
MNVP1,MNVP1
1Q249,1Q249
1I8DN,1I8DN
F78VQ,F78VQ
NDQHR,NDQHR
0ZMX9,0ZMX9
OJ7KM,OJ7KM
GUZK8,GUZK8
ZWT83,ZWT83
BZAXW,BZAXW
JS4S3,JS4S3
ABL5M,ABL5M
1M8M8,1M8M8
9HLSA,9HLSA
RH43Q,RH43Q
IGH0C,IGH0C
6PRDL,6PRDL
UNV0B,UNV0B
GQVVX,GQVVX
QQURV,QQURV
G6DGG,G6DGG
Q8DSN,Q8DSN
VPC13,VPC13
DY6KD,DY6KD
7EVFL,7EVFL
A4QDL,A4QDL
K93HH,K93HH
2E68M,2E68M
LQDRY,LQDRY
M5PDQ,M5PDQ
COLKN,COLKN
N6BH3,N6BH3
APRLT,APRLT
UQP6Y,UQP6Y
6YX1L,6YX1L
VA96Z,VA96Z
8CVO3,8CVO3
AFKWQ,AFKWQ
9VX5C,9VX5C
LLKA9,LLKA9
WZO0I,WZO0I
IMD92,IMD92
XIJCI,XIJCI
9P62U,9P62U
7L299,7L299
T4JFW,T4JFW
JZUV9,JZUV9
GQ0X8,GQ0X8
ZMLD7,ZMLD7
EC732,EC732
PLJLB,PLJLB
1752P,1752P
8WA56,8WA56
OBDOS,OBDOS
DS6JX,DS6JX
PEQAM,PEQAM
5MYEF,5MYEF
5KRX7,5KRX7
2USDY,2USDY
ORES4,ORES4
MLVVX,MLVVX
6ZEDG,6ZEDG
7C962,7C962
6BQRX,6BQRX
QP3IH,QP3IH
55CKE,55CKE
RU801,RU801
MHRXK,MHRXK
SRAK0,SRAK0
FX3IJ,FX3IJ
NG4CM,NG4CM
7SI2X,7SI2X
Y9NSZ,Y9NSZ
EAAI7,EAAI7
64TQX,64TQX
3GWWN,3GWWN
G5WUI,G5WUI
T39JL,T39JL
552DF,552DF
0E25U,0E25U
ZZ8LY,ZZ8LY
97F78,97F78
MCZRS,MCZRS
V7EHL,V7EHL
3TBZ6,3TBZ6
ZK6ZI,ZK6ZI
6UC2W,6UC2W
C1PQY,C1PQY
WDNV2,WDNV2
FH82Q,FH82Q
MV23I,MV23I
G6GQB,G6GQB
ERH8Y,ERH8Y
REF5H,REF5H
XKGJU,XKGJU
X0IAH,X0IAH
EEZIR,EEZIR
VYSCX,VYSCX
GKRMZ,GKRMZ
QGRP6,QGRP6
D2VZL,D2VZL
RWRCL,RWRCL
WQMXQ,WQMXQ
R1PCV,R1PCV
9D63P,9D63P
95DS8,95DS8
VQPO7,VQPO7
I88NH,I88NH
G7K2A,G7K2A
Y8RJ6,Y8RJ6
HV4L3,HV4L3
6L341,6L341
0V78R,0V78R
AJLY2,AJLY2
6RIPN,6RIPN
GXPXM,GXPXM
TMJ7J,TMJ7J
QGRW5,QGRW5
26H5G,26H5G
0VJAP,0VJAP
PO7N8,PO7N8
Z64ZO,Z64ZO
NCFUQ,NCFUQ
1VYHY,1VYHY
B2WOC,B2WOC
6CGRH,6CGRH
4GJ24,4GJ24
I9A4S,I9A4S
VA4LY,VA4LY
J4FFR,J4FFR
BA4E7,BA4E7
TYWIA,TYWIA
TY8WH,TY8WH
FWW5L,FWW5L
LTGH7,LTGH7
EVLCS,EVLCS
SUFT0,SUFT0
O6RLK,O6RLK
HPJFB,HPJFB
TQTKM,TQTKM
ZHB7Q,ZHB7Q
TQ0SA,TQ0SA
U2X4T,U2X4T
LANAR,LANAR
OMRS1,OMRS1
T8SUG,T8SUG
HI2UP,HI2UP
WPXTB,WPXTB
VIUPY,VIUPY
J0MWX,J0MWX
Q325A,Q325A
SVGNT,SVGNT
0DH08,0DH08
7NL5G,7NL5G
8V1VL,8V1VL
FOC0Z,FOC0Z
8D65C,8D65C
816Y3,816Y3
2X7S3,2X7S3
Y694B,Y694B
ANJR6,ANJR6
SVN0B,SVN0B
X0W3R,X0W3R
MT4AE,MT4AE
5PDNV,5PDNV
0SFQB,0SFQB
D19N6,D19N6
AWE5K,AWE5K
1RQVG,1RQVG
KBOZI,KBOZI
WPN2N,WPN2N
3CFQD,3CFQD
2B2PC,2B2PC
UVKK0,UVKK0
2A3W5,2A3W5
WI2T6,WI2T6
F8A05,F8A05
3U2Y2,3U2Y2
RGX4S,RGX4S
VFA4T,VFA4T
Y5EYX,Y5EYX
JTFF5,JTFF5
D6S75,D6S75
PIAT8,PIAT8
19FZD,19FZD
2PNP5,2PNP5
PIZ35,PIZ35
6C2SR,6C2SR
X5W4A,X5W4A
40LBJ,40LBJ
IGHWI,IGHWI
YS7DA,YS7DA
W4YTQ,W4YTQ
OHL39,OHL39
MGQ3X,MGQ3X
2CS19,2CS19
5DY81,5DY81
ONXAW,ONXAW
SO3HU,SO3HU
BVQEP,BVQEP
9PTTD,9PTTD
OGYBF,OGYBF
L0IM7,L0IM7
EUTCY,EUTCY
H9FJN,H9FJN
4014G,4014G
UGGR9,UGGR9
ZGHLH,ZGHLH
HEFVI,HEFVI
4G6DF,4G6DF
XNBPO,XNBPO
E9FWN,E9FWN
XOAL3,XOAL3
EK9KM,EK9KM
E2JBU,E2JBU
4LLFA,4LLFA
SQQE5,SQQE5
52J8Y,52J8Y
Z4LKB,Z4LKB
PZD5J,PZD5J
IPCZ2,IPCZ2
CMKXR,CMKXR
N7UNI,N7UNI
AZ7U0,AZ7U0
6R3DC,6R3DC
JJLX7,JJLX7
DONNK,DONNK
3BK9U,3BK9U
MIBDF,MIBDF
5FZVS,5FZVS
N099H,N099H
IMUC7,IMUC7
X882M,X882M
VGEAH,VGEAH
GWAD3,GWAD3
ZGW7W,ZGW7W
APWLN,APWLN
C7U2U,C7U2U
4ZXD4,4ZXD4
J1J8H,J1J8H
8AYG0,8AYG0
TGYHE,TGYHE
W9N3E,W9N3E
7TZSG,7TZSG
ZI681,ZI681
SPY9F,SPY9F
20L90,20L90
P2DW7,P2DW7
XLHNS,XLHNS
FTCNR,FTCNR
AH4P6,AH4P6
0X66W,0X66W
CI21J,CI21J
GSONB,GSONB
M1VPD,M1VPD
8ZCUP,8ZCUP
7YWGS,7YWGS
ZEM23,ZEM23
QPVF1,QPVF1
CNBXP,CNBXP
5SZCQ,5SZCQ
IMNGH,IMNGH
R9979,R9979
PBDRF,PBDRF
608HM,608HM
KZCDO,KZCDO
A1O8T,A1O8T
GXLUU,GXLUU
9PODM,9PODM
66I6C,66I6C
HWTBI,HWTBI
0D8KW,0D8KW
B4JC2,B4JC2
J6YMA,J6YMA
91V2Z,91V2Z
0YVRJ,0YVRJ
YXQED,YXQED
VO77E,VO77E
VN5RM,VN5RM
RN2QN,RN2QN
SMBHK,SMBHK
MV4PS,MV4PS
L55P9,L55P9
GSO8Y,GSO8Y
L8HO2,L8HO2
IQQYP,IQQYP
X5YAR,X5YAR
3TC6N,3TC6N
D1CA1,D1CA1
UGH53,UGH53
XI9LE,XI9LE
DL5D3,DL5D3
GQA02,GQA02
M397J,M397J
A8VA4,A8VA4
R45TO,R45TO
PGKEP,PGKEP
E0TEM,E0TEM
K3WKD,K3WKD
02BQF,02BQF
0I1F4,0I1F4
5P6BU,5P6BU
ZEXXE,ZEXXE
G1BPI,G1BPI
E48JC,E48JC
2P5PR,2P5PR
S3ID3,S3ID3
ZNSPQ,ZNSPQ
OVXNL,OVXNL
XFUVB,XFUVB
BH2GB,BH2GB
PLST7,PLST7
V9UQ0,V9UQ0
PK7QH,PK7QH
YKYNP,YKYNP
5HRWA,5HRWA
AG7XW,AG7XW
MXJVG,MXJVG
GWE54,GWE54
8NIWD,8NIWD
FYGGY,FYGGY
774UU,774UU
9H08B,9H08B
G0IDL,G0IDL
6XPDV,6XPDV
HYT32,HYT32
HV4LU,HV4LU
0IJPQ,0IJPQ
IGP9K,IGP9K
7YDAW,7YDAW
1C4VP,1C4VP
RAALJ,RAALJ
1G7Q4,1G7Q4
N3RG8,N3RG8
SUY0Y,SUY0Y
WOXUU,WOXUU
SZK6Q,SZK6Q
KXPBW,KXPBW
XFUAP,XFUAP
26YJ6,26YJ6
P50LH,P50LH
BEBFD,BEBFD
0HL5I,0HL5I
1V2YV,1V2YV
C5H0R,C5H0R
UQU5G,UQU5G
K5SOW,K5SOW
9XBIW,9XBIW
6KWE3,6KWE3
STXCO,STXCO
SST54,SST54
JXI0Z,JXI0Z
0GOEO,0GOEO
YGVYO,YGVYO
ZCQGA,ZCQGA
LL8SB,LL8SB
TNYMC,TNYMC
16XNT,16XNT
8BTKT,8BTKT
BI06D,BI06D
TNGLT,TNGLT
NADUP,NADUP
YGUGK,YGUGK
W6NHK,W6NHK
VXPCP,VXPCP
UQYQR,UQYQR
F9O0N,F9O0N
XOXFH,XOXFH
AT5LE,AT5LE
HPPKE,HPPKE
XUL28,XUL28
L4D4T,L4D4T
LLTR5,LLTR5
T4C4E,T4C4E
XLO1T,XLO1T
V2R4Y,V2R4Y
SPY11,SPY11
HJEF6,HJEF6
EY1P9,EY1P9
H5HO0,H5HO0
CIHMQ,CIHMQ
N3W7H,N3W7H
V19W7,V19W7
5GA1W,5GA1W
442XC,442XC
9S6D1,9S6D1
NRT9O,NRT9O
0PVHK,0PVHK
29Q6E,29Q6E
3MYWS,3MYWS
4HC7B,4HC7B
H2687,H2687
QAA6Z,QAA6Z
DJWLC,DJWLC
8HBCA,8HBCA
0EWKH,0EWKH
Z1S2B,Z1S2B
5DBR3,5DBR3
FK5UR,FK5UR
ZYNSX,ZYNSX
390RL,390RL
X6NEM,X6NEM
H8FQ4,H8FQ4
SSF3K,SSF3K
W9CUU,W9CUU
CDOXB,CDOXB
SKBEH,SKBEH
XWGRS,XWGRS
O0T36,O0T36
OIPXZ,OIPXZ
QPJIU,QPJIU
QWJLC,QWJLC
QS84R,QS84R
BVFYT,BVFYT
C4M1S,C4M1S
XW9BZ,XW9BZ
22LM9,22LM9
QTIIE,QTIIE
L4H1H,L4H1H
XOBB2,XOBB2
ZF0XM,ZF0XM
XL67T,XL67T
CZLH0,CZLH0
WMV74,WMV74
S4LOO,S4LOO
XGLNE,XGLNE
OZTNL,OZTNL
4Y067,4Y067
XN2HD,XN2HD
ZOOHX,ZOOHX
YAMRR,YAMRR
529J7,529J7
OM5JL,OM5JL
5524D,5524D
PR9OW,PR9OW
58ZQQ,58ZQQ
1ULHF,1ULHF
RWOEQ,RWOEQ
8ZYBM,8ZYBM
BBPL8,BBPL8
3RX4F,3RX4F
M72TP,M72TP
NCPHN,NCPHN
NJW56,NJW56
4LF9G,4LF9G
UOFYS,UOFYS
AG395,AG395
M00WB,M00WB
DLNL1,DLNL1
0AS7V,0AS7V
OGAGA,OGAGA
UF418,UF418
V342L,V342L
4LTYK,4LTYK
DYNC9,DYNC9
4G7NN,4G7NN
10YHN,10YHN
66HET,66HET
QHLW8,QHLW8
V8VVK,V8VVK
QAOCK,QAOCK
NJ06R,NJ06R
SF7XG,SF7XG
593OY,593OY
HKEA3,HKEA3
IKUSH,IKUSH
CDIW0,CDIW0
DBIT3,DBIT3
542D2,542D2
7DXSO,7DXSO
GF89S,GF89S
EL1M2,EL1M2
EUUX2,EUUX2
PKPCT,PKPCT
9S5HJ,9S5HJ
02DWT,02DWT
1I1S4,1I1S4
U01LB,U01LB
8YZW8,8YZW8
TACXQ,TACXQ
T22BM,T22BM
9K9DF,9K9DF
CKYLL,CKYLL
4LD84,4LD84
P3YW5,P3YW5
E2VM5,E2VM5
8RSGG,8RSGG
TSHWL,TSHWL
U08LN,U08LN
M4SJX,M4SJX
Z33UE,Z33UE
0OJHT,0OJHT
OQWTS,OQWTS
RLNEI,RLNEI
XVT1F,XVT1F
BBZHO,BBZHO
DL65F,DL65F
LE13E,LE13E
IR5QZ,IR5QZ
MFKTY,MFKTY
4NLJO,4NLJO
ZD7Y0,ZD7Y0
9KH0K,9KH0K
MBHKS,MBHKS
IDY1A,IDY1A
GPSHG,GPSHG
CE8DJ,CE8DJ
D2USN,D2USN
8ZSRP,8ZSRP
T1PZF,T1PZF
8QV62,8QV62
YYBG7,YYBG7
11WQH,11WQH
R8SJJ,R8SJJ
A8965,A8965
JLIQ9,JLIQ9
09I08,09I08
W4DFG,W4DFG
VBNBB,VBNBB
S7FOT,S7FOT
PQAQA,PQAQA
HNZPO,HNZPO
QK1F7,QK1F7
2JAGN,2JAGN
0G26E,0G26E
7N7MH,7N7MH
YTWZ0,YTWZ0
YM6VN,YM6VN
L3IQ0,L3IQ0
J939F,J939F
4XTAM,4XTAM
MGEDM,MGEDM
IYYLZ,IYYLZ
V721B,V721B
RKO12,RKO12
J8BFA,J8BFA
2GRS6,2GRS6
GZ2VF,GZ2VF
7G9YX,7G9YX
WSQOU,WSQOU
AGLJ3,AGLJ3
OT9OA,OT9OA
TGMAW,TGMAW
0H91U,0H91U
1OH4T,1OH4T
WZ86O,WZ86O
H4NXY,H4NXY
VG53Q,VG53Q
8HVYI,8HVYI
OBGZT,OBGZT
D57KN,D57KN
RDLZZ,RDLZZ
0R7QA,0R7QA
X7X3A,X7X3A
W0QJ8,W0QJ8
VW8V2,VW8V2
4AA2M,4AA2M
7YJTX,7YJTX
D27YY,D27YY
P4MZP,P4MZP
UTC0F,UTC0F
T8I03,T8I03
PIZX0,PIZX0
E9G9G,E9G9G
1U336,1U336
9JIUV,9JIUV
OIF82,OIF82
LSPL1,LSPL1
C9RAV,C9RAV
F542F,F542F
KDIG6,KDIG6
86AZ1,86AZ1
A0KC8,A0KC8
QJEFI,QJEFI
K3N81,K3N81
PDEF9,PDEF9
BE17U,BE17U
U62JQ,U62JQ
9C01Y,9C01Y
EABNZ,EABNZ
IZ7V9,IZ7V9
N6V8M,N6V8M
HXUGV,HXUGV
EMSJ6,EMSJ6
A4MU9,A4MU9
02EPV,02EPV
KY230,KY230
FMA4Y,FMA4Y
KVXR1,KVXR1
6JN2Y,6JN2Y
O07RB,O07RB
HZZYH,HZZYH
Y251D,Y251D
F9EEM,F9EEM
ABV8Y,ABV8Y
CLV3P,CLV3P
ONMJS,ONMJS
JVZBM,JVZBM
618RJ,618RJ
BY9WU,BY9WU
RTY27,RTY27
OS8NU,OS8NU
HJWUZ,HJWUZ
DNY5M,DNY5M
3TS25,3TS25
ESUK2,ESUK2
NO1IO,NO1IO
TUYFI,TUYFI
C9I0I,C9I0I
ZOD46,ZOD46
8DIYE,8DIYE
TP6EN,TP6EN
HIXPV,HIXPV
A84BX,A84BX
4ORQR,4ORQR
QL3PC,QL3PC
7OJ32,7OJ32
DG6AJ,DG6AJ
DHOB1,DHOB1
S6LXE,S6LXE
EQUPD,EQUPD
Q50D0,Q50D0
1XLFG,1XLFG
JFNXP,JFNXP
WPK0V,WPK0V
JAEUR,JAEUR
90IOT,90IOT
95KDE,95KDE
LQBB6,LQBB6
33CSH,33CSH
KZ2FK,KZ2FK
B42YL,B42YL
TBNMM,TBNMM
BJFBF,BJFBF
19UH5,19UH5
S54W2,S54W2
BL4WZ,BL4WZ
A5N3J,A5N3J
9D0V3,9D0V3
VXIVA,VXIVA
PABAD,PABAD
1FEN3,1FEN3
PZIX2,PZIX2
35CS0,35CS0
ME5PB,ME5PB
XIGCS,XIGCS
638BK,638BK
3YEAJ,3YEAJ
WIGWU,WIGWU
WRFVW,WRFVW
HPROJ,HPROJ
M1FBS,M1FBS
0EGVY,0EGVY
BAS1Q,BAS1Q
O6ZVE,O6ZVE
E1G2H,E1G2H
F9NZA,F9NZA
BHFZE,BHFZE
U4RGU,U4RGU
BEND2,BEND2
MBDFN,MBDFN
TYL8L,TYL8L
L8H8P,L8H8P
OTSM7,OTSM7
7LVWE,7LVWE
YABGO,YABGO
CKW5V,CKW5V
JT4Z4,JT4Z4
936BH,936BH
ZOBB2,ZOBB2
FDY5X,FDY5X
ERGOC,ERGOC
3J43P,3J43P
9WJXB,9WJXB
WZL8C,WZL8C
L8J40,L8J40
IQYOT,IQYOT
JZQHQ,JZQHQ
H44FM,H44FM
T17DQ,T17DQ
60GCB,60GCB
NLBUD,NLBUD
SEHUM,SEHUM
704EB,704EB
9I5ME,9I5ME
NVE8O,NVE8O
T4VAS,T4VAS
K8G4V,K8G4V
KVSMC,KVSMC
RR7G5,RR7G5
T0LWB,T0LWB
DUXAW,DUXAW
6QZ5G,6QZ5G
HZHSR,HZHSR
JAYHZ,JAYHZ
MA6TA,MA6TA
06IHR,06IHR
L98DJ,L98DJ
LPP5W,LPP5W
FBJN5,FBJN5
YXFBF,YXFBF
F244U,F244U
W0MF1,W0MF1
1W16B,1W16B
8AQ4H,8AQ4H
LPBZO,LPBZO
3WDPG,3WDPG
QO5TQ,QO5TQ
UNRYK,UNRYK
KRS31,KRS31
TPAD2,TPAD2
4INP4,4INP4
7QEB3,7QEB3
8404M,8404M
UDHGG,UDHGG
P6IAW,P6IAW
G8IZM,G8IZM
JKRJS,JKRJS
J7FBV,J7FBV
IIHN5,IIHN5
IFDZB,IFDZB
TMSTY,TMSTY
BZ0D9,BZ0D9
N27N5,N27N5
O4G0I,O4G0I
5M3H9,5M3H9
U1TR5,U1TR5
OYUVV,OYUVV
C4WBA,C4WBA
69BGZ,69BGZ
5954R,5954R
XDXSI,XDXSI
10JPV,10JPV
J0OVJ,J0OVJ
VOL39,VOL39
56CUU,56CUU
GUTTL,GUTTL
RUWST,RUWST
7XTF4,7XTF4
CVHZE,CVHZE
K0AIO,K0AIO
MXRNH,MXRNH
WYSV9,WYSV9
QJABY,QJABY
XNFXJ,XNFXJ
WBA1M,WBA1M
KJ522,KJ522
D33PU,D33PU
GHO9U,GHO9U
XOWDY,XOWDY
CR4TW,CR4TW
N2J60,N2J60
S2HGZ,S2HGZ
X87JW,X87JW
HG901,HG901
DH1GI,DH1GI
WSPE3,WSPE3
AC2GY,AC2GY
PL0DB,PL0DB
7FRBU,7FRBU
6DUZK,6DUZK
PVW4X,PVW4X
ZWWYI,ZWWYI
HXNZ8,HXNZ8
K4SQ7,K4SQ7
74VL3,74VL3
MZFHX,MZFHX
UVKLB,UVKLB
WRA08,WRA08
I1306,I1306
C4OZQ,C4OZQ
CNN1W,CNN1W
9E9WG,9E9WG
D72ZC,D72ZC
NA550,NA550
XVIHR,XVIHR
W2T6D,W2T6D
VC27B,VC27B
KZQOH,KZQOH
U5CYM,U5CYM
CL6U0,CL6U0
VMYSM,VMYSM
22YD6,22YD6
6XA0C,6XA0C
S4VHH,S4VHH
Y6J25,Y6J25
UW55T,UW55T
ARVXU,ARVXU
RQKE9,RQKE9
20MRL,20MRL
EGA62,EGA62
8XPFK,8XPFK
GCRX8,GCRX8
4EZS2,4EZS2
LI25C,LI25C
FAM71,FAM71
S837C,S837C
E6FRA,E6FRA
QLPMW,QLPMW
B4RF4,B4RF4
1S6M8,1S6M8
T70KV,T70KV
GEJEY,GEJEY
J8A5E,J8A5E
QX16A,QX16A
K88PX,K88PX
EOMCL,EOMCL
B5NOI,B5NOI
VAY0S,VAY0S
FL24C,FL24C
DIMZ7,DIMZ7
F5YIM,F5YIM
PW72N,PW72N
9KPK8,9KPK8
N4HQA,N4HQA
177KV,177KV
NJN1S,NJN1S
1Z6RD,1Z6RD
6C82Q,6C82Q
ZG2WX,ZG2WX
VS05H,VS05H
CX5RY,CX5RY
LT328,LT328
C2F1A,C2F1A
XP7N6,XP7N6
M6A6I,M6A6I
BEAQ3,BEAQ3
HEUCD,HEUCD
UL0ZW,UL0ZW
IVMQ5,IVMQ5
GUKCC,GUKCC
M5ANJ,M5ANJ
W09R7,W09R7
L1G3V,L1G3V
GOD98,GOD98
HRDPQ,HRDPQ
IQ6PN,IQ6PN
G26DO,G26DO
2VORN,2VORN
MDFI2,MDFI2
O908K,O908K
2P6GO,2P6GO
8C5AJ,8C5AJ
TCAGK,TCAGK
2ZMCZ,2ZMCZ
EIKMG,EIKMG
ED7AZ,ED7AZ
RETE3,RETE3
98Z6N,98Z6N
AW1TQ,AW1TQ
0LDI4,0LDI4
AO2DH,AO2DH
J687S,J687S
16RLC,16RLC
HB5DL,HB5DL
9O6SN,9O6SN
QSAAB,QSAAB
7S72U,7S72U
QEQZR,QEQZR
GNLQU,GNLQU
4UVPG,4UVPG
TT4LQ,TT4LQ
AFRJM,AFRJM
8Q9YB,8Q9YB
YTVIT,YTVIT
1TJE8,1TJE8
UCFPC,UCFPC
X4DX0,X4DX0
O2IED,O2IED
9QMNA,9QMNA
CATVL,CATVL
NNYL3,NNYL3
Z62Z5,Z62Z5
1YX02,1YX02
MFH4V,MFH4V
MZMQS,MZMQS
QH4DO,QH4DO
INUH0,INUH0
ALESQ,ALESQ
QT20M,QT20M
16M3W,16M3W
59YHX,59YHX
TT4C9,TT4C9
RJZQQ,RJZQQ
9VQ8S,9VQ8S
X9P18,X9P18
N2HRZ,N2HRZ
DUNZB,DUNZB
L96JL,L96JL
RA005,RA005
4MB7E,4MB7E
JH2B5,JH2B5
VUV3V,VUV3V
YREET,YREET
ZR89R,ZR89R
1EPE0,1EPE0
ZS0U2,ZS0U2
RSA5E,RSA5E
9FVB2,9FVB2
ERUM5,ERUM5
T4NUC,T4NUC
A1MFC,A1MFC
082LM,082LM
87GO7,87GO7
IB86S,IB86S
CBXRE,CBXRE
17YA0,17YA0
9N5M2,9N5M2
WSSRR,WSSRR
1ZWKY,1ZWKY
LPM4D,LPM4D
S67H7,S67H7
51GU9,51GU9
FFM6P,FFM6P
L3J9E,L3J9E
TEGC0,TEGC0
CF8DO,CF8DO
DIENJ,DIENJ
FVIWG,FVIWG
4U588,4U588
UTYWU,UTYWU
9BWU6,9BWU6
AARP6,AARP6
KMT4V,KMT4V
1AM60,1AM60
ZMPIL,ZMPIL
R4OF6,R4OF6
I8APH,I8APH
IDS4O,IDS4O
UIW2B,UIW2B
06ZQU,06ZQU
TY6ZP,TY6ZP
T5UZB,T5UZB
DJI86,DJI86
8IE8H,8IE8H
LIGIL,LIGIL
U5QVG,U5QVG
XE89B,XE89B
FSCRJ,FSCRJ
98G8P,98G8P
QYYVK,QYYVK
Z9P4Y,Z9P4Y
LY1M4,LY1M4
3USOA,3USOA
B0ING,B0ING
G9H2Z,G9H2Z
MWGYF,MWGYF
OC5HG,OC5HG
GEBKR,GEBKR
18Y4H,18Y4H
RWRC8,RWRC8
GKMA0,GKMA0
PM7E4,PM7E4
UF33Q,UF33Q
GUI82,GUI82
XKYV7,XKYV7
D8I8R,D8I8R
Z8CDX,Z8CDX
71CJF,71CJF
VN20S,VN20S
1DR1P,1DR1P
EZJFM,EZJFM
WV2MR,WV2MR
NXPUD,NXPUD
Q5LV9,Q5LV9
TPDI9,TPDI9
AWUR5,AWUR5
M545M,M545M
HGX44,HGX44
2NTES,2NTES
GC48A,GC48A
VHXZ0,VHXZ0
ZI1XM,ZI1XM
KM0SR,KM0SR
OXY5P,OXY5P
UA6MR,UA6MR
4IAWY,4IAWY
A97MI,A97MI
IT3GS,IT3GS
54WTD,54WTD
F2GR0,F2GR0
WTNSR,WTNSR
O4LW5,O4LW5
EPTV2,EPTV2
YRAYT,YRAYT
SNSFV,SNSFV
CQ8G4,CQ8G4
DD42V,DD42V
R3PF7,R3PF7
8EQDI,8EQDI
Z7HAO,Z7HAO
YZMYJ,YZMYJ
BWITS,BWITS
F6RRW,F6RRW
R5VMH,R5VMH
8CG9G,8CG9G
HDM9T,HDM9T
LU82S,LU82S
R5185,R5185
G67JT,G67JT
0V73F,0V73F
5991K,5991K
SUVPI,SUVPI
E4ONI,E4ONI
6KDVL,6KDVL
WSNKK,WSNKK
B7ZAK,B7ZAK
TN5GP,TN5GP
77WM0,77WM0
W0HTL,W0HTL
HUXWA,HUXWA
CBKB4,CBKB4
WPYEM,WPYEM
X8NCS,X8NCS
7RZVX,7RZVX
NDNJZ,NDNJZ
LVOLV,LVOLV
A6XOL,A6XOL
ZJIHK,ZJIHK
X7VUK,X7VUK
5Q9NF,5Q9NF
K9ORE,K9ORE
K4E1H,K4E1H
G295S,G295S
ZLC09,ZLC09
OPYEK,OPYEK
CTA16,CTA16
IXDAE,IXDAE
J0RBQ,J0RBQ
Z0SN3,Z0SN3
EA33C,EA33C
B25WE,B25WE
ANDG8,ANDG8
0KSZZ,0KSZZ
XPBYN,XPBYN
V5DI1,V5DI1
J4BQA,J4BQA
7UOYI,7UOYI
456L4,456L4
78KH0,78KH0
DF9Q4,DF9Q4
UL2KU,UL2KU
RPC4Z,RPC4Z
MW2OL,MW2OL
YKCVO,YKCVO
80P34,80P34
GTHZ7,GTHZ7
VAFSO,VAFSO
OCOVM,OCOVM
EMNY6,EMNY6
SEWPR,SEWPR
6IDJY,6IDJY
6IJCV,6IJCV
VGU89,VGU89
FUUWJ,FUUWJ
SB6RN,SB6RN
DZD6G,DZD6G
QIH3W,QIH3W
GX4IF,GX4IF
5GY19,5GY19
9XH3W,9XH3W
S0W3L,S0W3L
1L2S7,1L2S7
C1C4L,C1C4L
VMYJU,VMYJU
W3NVC,W3NVC
UD5CF,UD5CF
6AH2C,6AH2C
WQ8Z5,WQ8Z5
C83IY,C83IY
4UT33,4UT33
PD1IB,PD1IB
6B4NU,6B4NU
24YRO,24YRO
GMPZI,GMPZI
JECQT,JECQT
5E9MM,5E9MM
RPQAX,RPQAX
KKHGG,KKHGG
NH63I,NH63I
9PFU6,9PFU6
SC7YO,SC7YO
UYVHU,UYVHU
0QUDE,0QUDE
AH7BV,AH7BV
3VHTX,3VHTX
HWCTZ,HWCTZ
5WCNC,5WCNC
SH2YB,SH2YB
UX01P,UX01P
TPE74,TPE74
B054M,B054M
JP79S,JP79S
FKSRP,FKSRP
3GWAR,3GWAR
JVOI7,JVOI7
ABPEI,ABPEI
E7FVA,E7FVA
FQZAX,FQZAX
2637Y,2637Y
RBHHG,RBHHG
CH8ME,CH8ME
QOSY1,QOSY1
RCTD4,RCTD4
GSOVT,GSOVT
HEF4V,HEF4V
LM1NO,LM1NO
CAME5,CAME5
4O8VF,4O8VF
FJXPL,FJXPL
L4QR4,L4QR4
8X2L6,8X2L6
6BQ4M,6BQ4M
OWS30,OWS30
FA6IF,FA6IF
GED3U,GED3U
1532C,1532C
WS48S,WS48S
1PVA2,1PVA2
K7D9T,K7D9T
WUNUO,WUNUO
KA46U,KA46U
36D6C,36D6C
X1D8N,X1D8N
ZLHU8,ZLHU8
KDS9U,KDS9U
1FKAR,1FKAR
5OSTN,5OSTN
ITV2Y,ITV2Y
WH0NJ,WH0NJ
5BN5Z,5BN5Z
6OQ04,6OQ04
UZBNQ,UZBNQ
EWM6D,EWM6D
0BWPM,0BWPM
7K82V,7K82V
4TTQF,4TTQF
EOBB9,EOBB9
5LN9C,5LN9C
W29NT,W29NT
CERUG,CERUG
UJ2KQ,UJ2KQ
QYGBX,QYGBX
K7GDF,K7GDF
7PUST,7PUST
38AC8,38AC8
7TMR6,7TMR6
ONDH7,ONDH7
MDKG0,MDKG0
4ZJDM,4ZJDM
7Y3HC,7Y3HC
XHGJ2,XHGJ2
IHOQM,IHOQM
DNDBY,DNDBY
SGZUJ,SGZUJ
5UJ3P,5UJ3P
I16Z8,I16Z8
B824E,B824E
QTJOE,QTJOE
TCYWN,TCYWN
6S4Z3,6S4Z3
D8RO7,D8RO7
JLRH7,JLRH7
OQ0HN,OQ0HN
ON9C9,ON9C9
YAM8W,YAM8W
OKUAC,OKUAC
09FXE,09FXE
HC9NX,HC9NX
CPZFN,CPZFN
53P7G,53P7G
X71CY,X71CY
XWVIO,XWVIO
CNI1A,CNI1A
3LIYM,3LIYM
YA3BG,YA3BG
CD8H7,CD8H7
BO2HQ,BO2HQ
EPBYH,EPBYH
G7GX2,G7GX2
PLZN1,PLZN1
KFDXD,KFDXD
5TIT2,5TIT2
EZK1Q,EZK1Q
PVOTI,PVOTI
V5CTQ,V5CTQ
JZK5A,JZK5A
O95WB,O95WB
9ZTH1,9ZTH1
04NQC,04NQC
IHP75,IHP75
RFCCA,RFCCA
VVLAH,VVLAH
F4BXT,F4BXT
XXARW,XXARW
BJ8ZW,BJ8ZW
O5XPC,O5XPC
PYU7V,PYU7V
4V392,4V392
3KOYE,3KOYE
VZA4Y,VZA4Y
6Q3ZP,6Q3ZP
1IQNB,1IQNB
7BEJB,7BEJB
NGUNA,NGUNA
5AXJ6,5AXJ6
IFQAM,IFQAM
MSA8C,MSA8C
IVDUY,IVDUY
E9S13,E9S13
XCWX9,XCWX9
N62MI,N62MI
PXXJX,PXXJX
NM7SH,NM7SH
4U8RR,4U8RR
YYYYX,YYYYX
23BG4,23BG4
28FKP,28FKP
4P21U,4P21U
3LIWS,3LIWS
9TLR5,9TLR5
NX1BN,NX1BN
G3Z9K,G3Z9K
YQIUT,YQIUT
2XVRB,2XVRB
YAOUV,YAOUV
JDV50,JDV50
RMBWF,RMBWF
3R20A,3R20A
B0C8S,B0C8S
O5HBP,O5HBP
MAK50,MAK50
FPIC9,FPIC9
VAIK3,VAIK3
LRU2K,LRU2K
0K5JX,0K5JX
56SJ6,56SJ6
CJ2UE,CJ2UE
I3AE8,I3AE8
BVOGS,BVOGS
UDEXN,UDEXN
ZT169,ZT169
J0OYF,J0OYF
6MEQC,6MEQC
TOO47,TOO47
IV989,IV989
9IAHK,9IAHK
GSFL2,GSFL2
0PNX6,0PNX6
UU7D0,UU7D0
YKBVI,YKBVI
8KESV,8KESV
7BQND,7BQND
9283V,9283V
NEFPC,NEFPC
5KZUC,5KZUC
0P97Y,0P97Y
2SVWV,2SVWV
5YXW1,5YXW1
7J6RT,7J6RT
HLEA8,HLEA8
S5ZIH,S5ZIH
KZ5EL,KZ5EL
XASKS,XASKS
SKUOB,SKUOB
WEKCY,WEKCY
14HR3,14HR3
UBNKG,UBNKG
RP8LH,RP8LH
CL8ZT,CL8ZT
WX2S8,WX2S8
U3TJM,U3TJM
YPSRQ,YPSRQ
0HJB4,0HJB4
92M5S,92M5S
V0UOS,V0UOS
UMSK7,UMSK7
Z7M4T,Z7M4T
QNZJU,QNZJU
Q0GB5,Q0GB5
TOID7,TOID7
FXX14,FXX14
ADXMM,ADXMM
DJM9X,DJM9X
PPYXH,PPYXH
JQ1XU,JQ1XU
B83NZ,B83NZ
4STUT,4STUT
RSYSC,RSYSC
4LW2M,4LW2M
4CCDL,4CCDL
D7MV3,D7MV3
34I5Z,34I5Z
15JLQ,15JLQ
KTZTK,KTZTK
47MTX,47MTX
4FT87,4FT87
CRAGU,CRAGU
8YZY9,8YZY9
LWLHW,LWLHW
R4MNV,R4MNV
G5PTT,G5PTT
7Y6FI,7Y6FI
IGGEJ,IGGEJ
MY89U,MY89U
MD1OF,MD1OF
6YMYT,6YMYT
0NERN,0NERN
SAHZD,SAHZD
70UUM,70UUM
QDPF8,QDPF8
FO1B0,FO1B0
KDE6Z,KDE6Z
D4606,D4606
3OPPA,3OPPA
H2V05,H2V05
IY8UK,IY8UK
X59TY,X59TY
BNFSE,BNFSE
RXJV0,RXJV0
GH6HZ,GH6HZ
L6YY9,L6YY9
VBE9P,VBE9P
RA9ZB,RA9ZB
7TEHN,7TEHN
VN468,VN468
Y7261,Y7261
OS0U7,OS0U7
U39WC,U39WC
NPJO5,NPJO5
550GV,550GV
O2LH6,O2LH6
U5AEM,U5AEM
MIBMQ,MIBMQ
9HYGY,9HYGY
85UOW,85UOW
57T6Q,57T6Q
ZKU5Z,ZKU5Z
TQ4NL,TQ4NL
V8DIS,V8DIS
LHIZW,LHIZW
P9BGU,P9BGU
PJFI8,PJFI8
OFU8N,OFU8N
W0ASV,W0ASV
VZ3N3,VZ3N3
W3YCF,W3YCF
JTIDV,JTIDV
PEVQZ,PEVQZ
YHR40,YHR40
VJBYD,VJBYD
NQJRF,NQJRF
MD7UD,MD7UD
ZC7HS,ZC7HS
5KG8Z,5KG8Z
HUY0D,HUY0D
QWUTM,QWUTM
4IF32,4IF32
EM2SR,EM2SR
OINW5,OINW5
KMOL9,KMOL9
2GK2I,2GK2I
PTMOZ,PTMOZ
FPRAS,FPRAS
47J9A,47J9A
NNOEM,NNOEM
0BNOO,0BNOO
5G6LW,5G6LW
FX1KD,FX1KD
L5XNE,L5XNE
3GRRT,3GRRT
OEKWS,OEKWS
0N9DI,0N9DI
6K4KO,6K4KO
JG17M,JG17M
NHD6R,NHD6R
Q1BFD,Q1BFD
OD365,OD365
WX7ML,WX7ML
XI2P8,XI2P8
8L1HZ,8L1HZ
WUNJJ,WUNJJ
CKA05,CKA05
H45H1,H45H1
D9CMY,D9CMY
MPMYA,MPMYA
DUVUI,DUVUI
JJIBR,JJIBR
0LWVC,0LWVC
OWH05,OWH05
117B6,117B6
NV7W6,NV7W6
ISX9C,ISX9C
D5O5E,D5O5E
42MR6,42MR6
3VMEF,3VMEF
2JGJT,2JGJT
D1IC6,D1IC6
BHL0D,BHL0D
4DQWL,4DQWL
UJ5MR,UJ5MR
HEEA5,HEEA5
4TXN8,4TXN8
BVL5B,BVL5B
F8QXH,F8QXH
BY220,BY220
GP14O,GP14O
PCWO5,PCWO5
QXKSZ,QXKSZ
07HW9,07HW9
1HJVT,1HJVT
SGL3A,SGL3A
LYLDH,LYLDH
Y693Y,Y693Y
F4EVY,F4EVY
693O7,693O7
6K49X,6K49X
M2BXP,M2BXP
6IPV4,6IPV4
QGIP0,QGIP0
U5T1A,U5T1A
D4PNO,D4PNO
10GU4,10GU4
XQ9ZO,XQ9ZO
LKX4X,LKX4X
KFYG2,KFYG2
R24OI,R24OI
LPJXI,LPJXI
VRZOU,VRZOU
AK8OD,AK8OD
3U66F,3U66F
HIR5Q,HIR5Q
RJSKB,RJSKB
71M8Y,71M8Y
BAUBW,BAUBW
PV98P,PV98P
ILXOF,ILXOF
57XFG,57XFG
T81GZ,T81GZ
9E5RW,9E5RW
Q1V5U,Q1V5U
C75O9,C75O9
XAFQE,XAFQE
D9XIP,D9XIP
DXLE6,DXLE6
DW9PD,DW9PD
MEBKZ,MEBKZ
XI4NN,XI4NN
T57S8,T57S8
ACY9P,ACY9P
2J2UO,2J2UO
567PQ,567PQ
407QW,407QW
BQYEH,BQYEH
Q7W7V,Q7W7V
2RS88,2RS88
QJDTR,QJDTR
6K5YP,6K5YP
VQ8UC,VQ8UC
AASUD,AASUD
QXV48,QXV48
P25F3,P25F3
JT5F7,JT5F7
ZLG85,ZLG85
VVXMP,VVXMP
RI8JG,RI8JG
80C3D,80C3D
KYN6V,KYN6V
H6ASG,H6ASG
C9ZBJ,C9ZBJ
LQU92,LQU92
DXYR9,DXYR9
X2FHL,X2FHL
EJYQW,EJYQW
CPSOT,CPSOT
XQKNT,XQKNT
Y8BJK,Y8BJK
0WEAF,0WEAF
7KWUB,7KWUB
P1G1Y,P1G1Y
R4DLI,R4DLI
CKVIK,CKVIK
KVFHF,KVFHF
W3KR9,W3KR9
5Z7RO,5Z7RO
Y21Z8,Y21Z8
0CJ4E,0CJ4E
FQBS2,FQBS2
AYH2U,AYH2U
G0XB9,G0XB9
UWRFM,UWRFM
91D2O,91D2O
26EOV,26EOV
G3HTO,G3HTO
BWN99,BWN99
G1FRX,G1FRX
3SHDF,3SHDF
39W2B,39W2B
V36LS,V36LS
010G7,010G7
D3PP1,D3PP1
GDXE0,GDXE0
RG5JT,RG5JT
U0S0B,U0S0B
DZRFW,DZRFW
UQUMC,UQUMC
S5LXR,S5LXR
9TTQE,9TTQE
DVCPD,DVCPD
HXRT0,HXRT0
V544I,V544I
H7TV2,H7TV2
C313K,C313K
ES61Z,ES61Z
AJ23N,AJ23N
IR6PM,IR6PM
KPSOZ,KPSOZ
0X9BW,0X9BW
21EI0,21EI0
PLQTL,PLQTL
5YFI5,5YFI5
7YG2V,7YG2V
WIOUY,WIOUY
44LUL,44LUL
RXXB9,RXXB9
NM1IN,NM1IN
94WNR,94WNR
8UTVI,8UTVI
UUFYT,UUFYT
VHTO9,VHTO9
S39VI,S39VI
OWDO4,OWDO4
G7BWV,G7BWV
C04TS,C04TS
DOWRJ,DOWRJ
3ZQA4,3ZQA4
RKFAA,RKFAA
IA8R8,IA8R8
YECV0,YECV0
1XLSF,1XLSF
QWRTP,QWRTP
7OP6O,7OP6O
F2WQ0,F2WQ0
MC2LC,MC2LC
0GZED,0GZED
CXIHW,CXIHW
5CQP1,5CQP1
56JW7,56JW7
DOL6C,DOL6C
PZTKS,PZTKS
JQKL6,JQKL6
UR8TA,UR8TA
4B99I,4B99I
UGSU3,UGSU3
5O0S5,5O0S5
QO6SY,QO6SY
TEE9N,TEE9N
YDHV8,YDHV8
XL09E,XL09E
CFWEI,CFWEI
GZWYD,GZWYD
6OUE8,6OUE8
X8XUC,X8XUC
WINMV,WINMV
SWBTZ,SWBTZ
TI3J7,TI3J7
1Z8TY,1Z8TY
L1GQE,L1GQE
YWIKC,YWIKC
B4M9Q,B4M9Q
3RTJK,3RTJK
WKST7,WKST7
G4F3Q,G4F3Q
XWR7J,XWR7J
NQM0F,NQM0F
KIM7B,KIM7B
JM29Y,JM29Y
5QVDJ,5QVDJ
505D9,505D9
YSLIZ,YSLIZ
PP09V,PP09V
87HBS,87HBS
GSRAY,GSRAY
OE86L,OE86L
CWL83,CWL83
185FY,185FY
M1WNH,M1WNH
47WM5,47WM5
FQFO4,FQFO4
QP8OO,QP8OO
XRNQG,XRNQG
P2KQK,P2KQK
5LA2R,5LA2R
MFU0A,MFU0A
OJHD0,OJHD0
3RVEO,3RVEO
FE5C8,FE5C8
VY0VD,VY0VD
6NSKI,6NSKI
M91KL,M91KL
CAINY,CAINY
DHS8E,DHS8E
YCZLK,YCZLK
VS7UN,VS7UN
H9W85,H9W85
3E3SK,3E3SK
ECD5O,ECD5O
OV7YA,OV7YA
E3LVB,E3LVB
59OXK,59OXK
T5UIF,T5UIF
RJ2WN,RJ2WN
JT0GC,JT0GC
PM633,PM633
69TTQ,69TTQ
QOVQX,QOVQX
8KCFK,8KCFK
LO7AA,LO7AA
6JXGI,6JXGI
GU635,GU635
6I5NH,6I5NH
JUJSR,JUJSR
8L4LJ,8L4LJ
1K2JU,1K2JU
8IZXV,8IZXV
QUOBA,QUOBA
NCKU2,NCKU2
I6ZNL,I6ZNL
U07NU,U07NU
S8N2J,S8N2J
VBMAC,VBMAC
UZ396,UZ396
2OJZT,2OJZT
NKQPJ,NKQPJ
FL4RY,FL4RY
VWPQJ,VWPQJ
8W4XT,8W4XT
I0O90,I0O90
ZRN0R,ZRN0R
6JSE6,6JSE6
2G5Z8,2G5Z8
4QMGK,4QMGK
TBSA1,TBSA1
BDQUB,BDQUB
X1W73,X1W73
9CZMF,9CZMF
5A1MB,5A1MB
RARKK,RARKK
HLH83,HLH83
QDQW9,QDQW9
W3TSP,W3TSP
BG892,BG892
VN6C8,VN6C8
VUOA2,VUOA2
5CNSQ,5CNSQ
MLVIQ,MLVIQ
G7AP2,G7AP2
51Y3F,51Y3F
VVOWH,VVOWH
TDBW9,TDBW9
KJ2LA,KJ2LA
EAS9Q,EAS9Q
11W7C,11W7C
QOCCT,QOCCT
T9GAF,T9GAF
206TI,206TI
LR2I9,LR2I9
467CT,467CT
NOFPH,NOFPH
DQJBC,DQJBC
MQX08,MQX08
HZLGP,HZLGP
N6MO7,N6MO7
JB52B,JB52B
EPOPJ,EPOPJ
B77HQ,B77HQ
V820H,V820H
RNYX2,RNYX2
USBHN,USBHN
AN1NV,AN1NV
44FTI,44FTI
XSOD3,XSOD3
RCOUD,RCOUD
6WFIX,6WFIX
858B5,858B5
CTBZG,CTBZG
3F6KN,3F6KN
UELZ3,UELZ3
9196A,9196A
32UF6,32UF6
Y0O7I,Y0O7I
VS8JB,VS8JB
ACFUH,ACFUH
HWNQF,HWNQF
OC5NO,OC5NO
07C1A,07C1A
ZUSSZ,ZUSSZ
J2MH5,J2MH5
C0OPX,C0OPX
A8Q19,A8Q19
KKIOK,KKIOK
N0042,N0042
LWVQY,LWVQY
B838C,B838C
0491G,0491G
OZJR8,OZJR8
XW7RO,XW7RO
QMGB3,QMGB3
VIY2V,VIY2V
FA205,FA205
32QR1,32QR1
U85A3,U85A3
UO2S9,UO2S9
V89F5,V89F5
UATTD,UATTD
E54IU,E54IU
UO78N,UO78N
EOSIG,EOSIG
U3289,U3289
J323K,J323K
Q78IV,Q78IV
FIMF1,FIMF1
9HWSY,9HWSY
V84V1,V84V1
EZ3LJ,EZ3LJ
R0E1Y,R0E1Y
ZRV73,ZRV73
1CP54,1CP54
X3ZLN,X3ZLN
4GCEG,4GCEG
6AGGW,6AGGW
W3F5V,W3F5V
SXPSN,SXPSN
HKP9I,HKP9I
GCLXW,GCLXW
VBTJM,VBTJM
2AKZW,2AKZW
IUXMU,IUXMU
ZI4YP,ZI4YP
2GKTY,2GKTY
K5WUJ,K5WUJ
XFOVP,XFOVP
UOHEX,UOHEX
DMB1B,DMB1B
3VAKS,3VAKS
CQTOV,CQTOV
JBCJ5,JBCJ5
IZSHQ,IZSHQ
FPY31,FPY31
5A8NR,5A8NR
2SEXB,2SEXB
W288B,W288B
IRV4F,IRV4F
5H6K4,5H6K4
DX78V,DX78V
THEH0,THEH0
1Z663,1Z663
4G9RW,4G9RW
RMN7I,RMN7I
8BSK0,8BSK0
P5BM8,P5BM8
DZQIA,DZQIA
FEA6V,FEA6V
ZL265,ZL265
JDQFC,JDQFC
IPT1S,IPT1S
KVVM9,KVVM9
LTEWL,LTEWL
FBKRB,FBKRB
GSIXP,GSIXP
AMUJ5,AMUJ5
T3CD8,T3CD8
VC2LC,VC2LC
UI08L,UI08L
BMYTU,BMYTU
IYUA5,IYUA5
GBAQ4,GBAQ4
SI7CC,SI7CC
OP162,OP162
VPQA6,VPQA6
CJMSP,CJMSP
E9R0X,E9R0X
P1XOU,P1XOU
ARUFD,ARUFD
V6GNF,V6GNF
94N5G,94N5G
K73UN,K73UN
KROIN,KROIN
0301K,0301K
IDEEB,IDEEB
Y1TEF,Y1TEF
UOO9L,UOO9L
347QA,347QA
31VM2,31VM2
XDPWR,XDPWR
IHLPY,IHLPY
NQPPH,NQPPH
XEU89,XEU89
3VU7V,3VU7V
JGW93,JGW93
ZZV7T,ZZV7T
RBEMG,RBEMG
O51WF,O51WF
QDK9V,QDK9V
01FPS,01FPS
S5C12,S5C12
9725A,9725A
821OU,821OU
2NQG2,2NQG2
YN6Q5,YN6Q5
SD9TP,SD9TP
CU6XE,CU6XE
I96CR,I96CR
1OSUF,1OSUF
PF71I,PF71I
WZYM4,WZYM4
FQUZA,FQUZA
YVE39,YVE39
7GUUZ,7GUUZ
JE2PO,JE2PO
61YFO,61YFO
F7OQ6,F7OQ6
1P1HT,1P1HT
EY0CW,EY0CW
VZY7W,VZY7W
6H3DY,6H3DY
0OTJ4,0OTJ4
VKT3T,VKT3T
M08VQ,M08VQ
H085W,H085W
K10GY,K10GY
LWL7W,LWL7W
OVHHW,OVHHW
J00WH,J00WH
HHALL,HHALL
ZLQ3U,ZLQ3U
I5GGS,I5GGS
MA31G,MA31G
YRH3G,YRH3G
LFSVG,LFSVG
W6DT1,W6DT1
LERH2,LERH2
C3YAX,C3YAX
1XAQX,1XAQX
YEO10,YEO10
8B2M1,8B2M1
04DXZ,04DXZ
ER9HO,ER9HO
SMWPH,SMWPH
Q1I6L,Q1I6L
X7I5C,X7I5C
Z8WX1,Z8WX1
1IJGM,1IJGM
32AEP,32AEP
1XMQR,1XMQR
AQZP4,AQZP4
TDF02,TDF02
3BPUM,3BPUM
MSJFO,MSJFO
SCEP7,SCEP7
CEVNB,CEVNB
THF23,THF23
IJ8X9,IJ8X9
EGN6J,EGN6J
3M1BZ,3M1BZ
RJ5GE,RJ5GE
M25ZH,M25ZH
JYFHB,JYFHB
236F3,236F3
BWH6G,BWH6G
NT2WB,NT2WB
8SL0L,8SL0L
GG2KV,GG2KV
DGEPY,DGEPY
2PGND,2PGND
BIYYL,BIYYL
70GCZ,70GCZ
II7Y4,II7Y4
S9B5Q,S9B5Q
T8I07,T8I07
ENPCG,ENPCG
I3T1S,I3T1S
TNW23,TNW23
DDN4Z,DDN4Z
QSS5G,QSS5G
AVQLG,AVQLG
22Z87,22Z87
YTA5V,YTA5V
6G4OD,6G4OD
E4JSJ,E4JSJ
SA1U7,SA1U7
EBCJA,EBCJA
ZOTI0,ZOTI0
GK6UW,GK6UW
IFOHK,IFOHK
KJIG1,KJIG1
7K5M6,7K5M6
R2X5D,R2X5D
IOTFR,IOTFR
ATBOG,ATBOG
7D02M,7D02M
3Z4PA,3Z4PA
L0FGI,L0FGI
OPEQY,OPEQY
K11VJ,K11VJ
KPTGB,KPTGB
NQ2BH,NQ2BH
CX0H6,CX0H6
U2PD9,U2PD9
I7NE9,I7NE9
JXIXW,JXIXW
TSRST,TSRST
HG5MV,HG5MV
AAZCN,AAZCN
LFISR,LFISR
R72GH,R72GH
O3EHS,O3EHS
FJZVT,FJZVT
GXRO2,GXRO2
INYEU,INYEU
C0G29,C0G29
1QWL7,1QWL7
6CG4R,6CG4R
MZ2NA,MZ2NA
K2ZEN,K2ZEN
6AHLY,6AHLY
IU7LX,IU7LX
HC81X,HC81X
H35Q2,H35Q2
V554M,V554M
274LQ,274LQ
H2FRT,H2FRT
NIDN1,NIDN1
PG2M2,PG2M2
KT0V1,KT0V1
OVJBC,OVJBC
JV4YO,JV4YO
NCF81,NCF81
IS1TR,IS1TR
7YNK9,7YNK9
E0LPI,E0LPI
GB9HN,GB9HN
RCX34,RCX34
1PA1G,1PA1G
AWZ22,AWZ22
6Q0P7,6Q0P7
IJLMD,IJLMD
D35VM,D35VM
WK7PI,WK7PI
YRDUP,YRDUP
BQP80,BQP80
MDBEE,MDBEE
YYN1B,YYN1B
C9ID6,C9ID6
QVKBY,QVKBY
YDYF6,YDYF6
UCFZ3,UCFZ3
LWYDT,LWYDT
VD4KH,VD4KH
9Y45X,9Y45X
XWI85,XWI85
16P8B,16P8B
FKQ8L,FKQ8L
2C891,2C891
GM4JP,GM4JP
ODS21,ODS21
XUPE2,XUPE2
RJ058,RJ058
6EVOZ,6EVOZ
LIDGA,LIDGA
TM6N4,TM6N4
CXOKU,CXOKU
18244,18244
58HAL,58HAL
6267O,6267O
WMM0K,WMM0K
8GIMQ,8GIMQ
F9W8O,F9W8O
H371N,H371N
7YADU,7YADU
DZUDI,DZUDI
M0MJ6,M0MJ6
YPPJS,YPPJS
7H8PK,7H8PK
0OJY4,0OJY4
3G06O,3G06O
8VR1N,8VR1N
RPDQC,RPDQC
0CQ73,0CQ73
F4580,F4580
4U42I,4U42I
C3VN0,C3VN0
56ZQ8,56ZQ8
SVBN2,SVBN2
X78ZI,X78ZI
55M12,55M12
6TEJ5,6TEJ5
5OWMB,5OWMB
TJCH9,TJCH9
CORZP,CORZP
XMYN4,XMYN4
R1X0Q,R1X0Q
RTQ6X,RTQ6X
70J8Z,70J8Z
EPPGT,EPPGT
WKZVY,WKZVY
86GUJ,86GUJ
IRYYG,IRYYG
32ANK,32ANK
LWVO6,LWVO6
AKYX0,AKYX0
TFSE6,TFSE6
EH9AD,EH9AD
8B9JB,8B9JB
AQFPG,AQFPG
P5F7R,P5F7R
FCWW1,FCWW1
B6LAC,B6LAC
KMR40,KMR40
7MHSG,7MHSG
NO4V8,NO4V8
YCGIC,YCGIC
JTEVN,JTEVN
FIT32,FIT32
3YRSW,3YRSW
RPDRO,RPDRO
0LRM4,0LRM4
5AAWT,5AAWT
3VDZL,3VDZL
TRHFP,TRHFP
VDVAM,VDVAM
LKLEI,LKLEI
VT10W,VT10W
3CBPG,3CBPG
3K6DH,3K6DH
GR0P2,GR0P2
8QLUH,8QLUH
912OT,912OT
1XJFP,1XJFP
0PPVZ,0PPVZ
4N10M,4N10M
TTM2S,TTM2S
T0Y0Z,T0Y0Z
HUM8W,HUM8W
5HQ4X,5HQ4X
30CKL,30CKL
5EW3B,5EW3B
MX147,MX147
C9FYU,C9FYU
AL310,AL310
5Y51C,5Y51C
JJ0DO,JJ0DO
QKO6L,QKO6L
XQB6T,XQB6T
JZ1L0,JZ1L0
FSTD5,FSTD5
ZQIL6,ZQIL6
5H7SI,5H7SI
68UPG,68UPG
EGZYP,EGZYP
PA7GQ,PA7GQ
F4SVV,F4SVV
1NIIJ,1NIIJ
6WAUP,6WAUP
3921W,3921W
YJURQ,YJURQ
A9Z4R,A9Z4R
37V6L,37V6L
7CIU7,7CIU7
C2PE9,C2PE9
ZUYCR,ZUYCR
KLAC1,KLAC1
YL6X8,YL6X8
8V5FJ,8V5FJ
U13JS,U13JS
3EDPL,3EDPL
K8Z4X,K8Z4X
YBGN5,YBGN5
9V2OE,9V2OE
ZSWXS,ZSWXS
CSPEP,CSPEP
4C2E4,4C2E4
EKTFQ,EKTFQ
FATQG,FATQG
D8DOW,D8DOW
9A1W9,9A1W9
5DDWF,5DDWF
RWBU4,RWBU4
7GDMN,7GDMN
37VYI,37VYI
YRBEO,YRBEO
PNAGW,PNAGW
8V9R3,8V9R3
BXGXS,BXGXS
0C947,0C947
DK5YO,DK5YO
DETF9,DETF9
QCMJJ,QCMJJ
5OYAE,5OYAE
I4XAX,I4XAX
K3PCZ,K3PCZ
LY4FX,LY4FX
FBBWY,FBBWY
DNCJ3,DNCJ3
OKRID,OKRID
EEAI5,EEAI5
7SA0J,7SA0J
HDMJ8,HDMJ8
160X8,160X8
044SN,044SN
XAH3V,XAH3V
PRLDU,PRLDU
HUKUS,HUKUS
4GSG1,4GSG1
D30RR,D30RR
BLXXA,BLXXA
NB7H7,NB7H7
MPDGO,MPDGO
190V3,190V3
7HUZM,7HUZM
FU2Y0,FU2Y0
B6FSC,B6FSC
3KCHP,3KCHP
7FIR5,7FIR5
YASWV,YASWV
RH81Y,RH81Y
ULH3U,ULH3U
ELL4E,ELL4E
PFAR4,PFAR4
09LX3,09LX3
VJNOX,VJNOX
3ANHL,3ANHL
YY4WR,YY4WR
RNVJT,RNVJT
HYNS2,HYNS2
PQJXZ,PQJXZ
69BIW,69BIW
OZMAW,OZMAW
L4UDC,L4UDC
BKZXY,BKZXY
EMW0J,EMW0J
XFZT8,XFZT8
EVODU,EVODU
Y2X1D,Y2X1D
7SCRQ,7SCRQ
JMCYD,JMCYD
1IJ92,1IJ92
0ZHZN,0ZHZN
JVQLA,JVQLA
7EGZ9,7EGZ9
14JVM,14JVM
HDQCG,HDQCG
XIUHG,XIUHG
58TA3,58TA3
0SJ76,0SJ76
SFRLT,SFRLT
4WB12,4WB12
F2VTX,F2VTX
HYY06,HYY06
WDMNK,WDMNK
HH07E,HH07E
K7F3A,K7F3A
DKLC8,DKLC8
XEUY9,XEUY9
T6PLM,T6PLM
TJXIF,TJXIF
ZS8RC,ZS8RC
R6ZKS,R6ZKS
S45X7,S45X7
UWC73,UWC73
AHU5R,AHU5R
P917C,P917C
F2HJJ,F2HJJ
4Y6UJ,4Y6UJ
NO1TQ,NO1TQ
WSYEM,WSYEM
9V8PT,9V8PT
91I6Q,91I6Q
Y15YQ,Y15YQ
KGI3J,KGI3J
1RPID,1RPID
ZYSX7,ZYSX7
Y8BNS,Y8BNS
I3M10,I3M10
J5XFP,J5XFP
9HE4V,9HE4V
QFYOI,QFYOI
XUH5Z,XUH5Z
FLZ9O,FLZ9O
OXXFS,OXXFS
5XETA,5XETA
9I05F,9I05F
BLKO7,BLKO7
VCNXQ,VCNXQ
9Y2HY,9Y2HY
CJDEU,CJDEU
FRZLP,FRZLP
CWEYQ,CWEYQ
JYSPO,JYSPO
88MIU,88MIU
9BKB7,9BKB7
BJZS3,BJZS3
QEBNS,QEBNS
ZCDJZ,ZCDJZ
6CNFU,6CNFU
UZDLU,UZDLU
FVQSJ,FVQSJ
5PYOD,5PYOD
8C3AD,8C3AD
V2CG5,V2CG5
LSHZ1,LSHZ1
PHWG6,PHWG6
I8SEB,I8SEB
5HRQK,5HRQK
F1F4G,F1F4G
FRIYJ,FRIYJ
SRC7Q,SRC7Q
6DXTK,6DXTK
37I6K,37I6K
VV3BG,VV3BG
ETHGQ,ETHGQ
N4KI9,N4KI9
4QIDD,4QIDD
H4YEH,H4YEH
U5K4P,U5K4P
V7TG4,V7TG4
GSZ6G,GSZ6G
8HM4C,8HM4C
Q5MIZ,Q5MIZ
OZNUY,OZNUY
PH66X,PH66X
4QCD9,4QCD9
8GH4O,8GH4O
239I0,239I0
2PF6U,2PF6U
AFKWG,AFKWG
MDA7E,MDA7E
7SOLQ,7SOLQ
SPHEN,SPHEN
CNYMF,CNYMF
OX1RT,OX1RT
APEMO,APEMO
KZUH4,KZUH4
SPMN3,SPMN3
GBULJ,GBULJ
SXJFD,SXJFD
KVXWM,KVXWM
CAUJ8,CAUJ8
RZHZZ,RZHZZ
IKXWY,IKXWY
00QL2,00QL2
VN8KJ,VN8KJ
SNL3C,SNL3C
BM1J9,BM1J9
A6FYV,A6FYV
Z0YZ0,Z0YZ0
JTDFR,JTDFR
1WQW7,1WQW7
O8UUW,O8UUW
8XUH1,8XUH1
R76HR,R76HR
60XEC,60XEC
AE3J2,AE3J2
LO082,LO082
YMSBD,YMSBD
39XJR,39XJR
6C9TR,6C9TR
5HLIE,5HLIE
T92IP,T92IP
OLRZQ,OLRZQ
3XAM1,3XAM1
Z9OGC,Z9OGC
9Q7LE,9Q7LE
DZ4X9,DZ4X9
KWXDD,KWXDD
BC9GL,BC9GL
OQ6XK,OQ6XK
HIUKC,HIUKC
5BXIH,5BXIH
FQZQK,FQZQK
RLQAY,RLQAY
72F49,72F49
3EPPH,3EPPH
IN4E6,IN4E6
F68L3,F68L3
H8E9D,H8E9D
QT1ED,QT1ED
EA6YU,EA6YU
NLJ05,NLJ05
O9OBO,O9OBO
VUQB7,VUQB7
CCERR,CCERR
4FGQU,4FGQU
COM8I,COM8I
QA9X2,QA9X2
X31JR,X31JR
AFL3J,AFL3J
JVIMS,JVIMS
3T0NQ,3T0NQ
5V0O9,5V0O9
VGOP7,VGOP7
OX3OB,OX3OB
4LRTB,4LRTB
JO0ZT,JO0ZT
9LRGB,9LRGB
IZU79,IZU79
KC16D,KC16D
VRJVP,VRJVP
V144R,V144R
CK9XF,CK9XF
GCNPL,GCNPL
UB831,UB831
60JPV,60JPV
PZX5O,PZX5O
3OP1D,3OP1D
QPTN1,QPTN1
I3DNY,I3DNY
4MJCA,4MJCA
KMPQJ,KMPQJ
1V3XB,1V3XB
RMQAL,RMQAL
O05IV,O05IV
D6NTN,D6NTN
SAO86,SAO86
112WY,112WY
ECJXM,ECJXM
FRO0H,FRO0H
QRLG8,QRLG8
5MVI7,5MVI7
C2RZH,C2RZH
KDD67,KDD67
94EHL,94EHL
CMI4X,CMI4X
YNL1E,YNL1E
64LG1,64LG1
84OKQ,84OKQ
WHTEX,WHTEX
1Y2ZC,1Y2ZC
MC5ZY,MC5ZY
AYE56,AYE56
SG6S9,SG6S9
QQJQC,QQJQC
UJ56A,UJ56A
9OEMK,9OEMK
R0SHZ,R0SHZ
DFGBZ,DFGBZ
TI75P,TI75P
09LJ5,09LJ5
S0ABK,S0ABK
10KRR,10KRR
TP0C9,TP0C9
XZZFL,XZZFL
Z5TH9,Z5TH9
K6PSF,K6PSF
Z23N3,Z23N3
Q85MO,Q85MO
6FIZH,6FIZH
EBAME,EBAME
YXS4A,YXS4A
LX32Y,LX32Y
3NEV5,3NEV5
9BOA9,9BOA9
H9TXH,H9TXH
HC705,HC705
LPMPY,LPMPY
LB8BD,LB8BD
MBGW8,MBGW8
XCF0H,XCF0H
U0S6R,U0S6R
BR9WK,BR9WK
G47D6,G47D6
S972N,S972N
69ZKI,69ZKI
39UQW,39UQW
68AFL,68AFL
3E34U,3E34U
SMTHX,SMTHX
QEZ4P,QEZ4P
XQ8CT,XQ8CT
IX9W3,IX9W3
MQA90,MQA90
XUTL6,XUTL6
J062K,J062K
F9T8N,F9T8N
9BJ56,9BJ56
NV24W,NV24W
QV6ZW,QV6ZW
IUAMN,IUAMN
C1FOD,C1FOD
8CPGF,8CPGF
6451I,6451I
3BTTP,3BTTP
6TS9P,6TS9P
3O2CC,3O2CC
0TFER,0TFER
7MOT7,7MOT7
QFGGR,QFGGR
HY3QO,HY3QO
EO47R,EO47R
B16Y6,B16Y6
1WTJ2,1WTJ2
YEAJZ,YEAJZ
YRLCG,YRLCG
I04Y0,I04Y0
V6KPP,V6KPP
LR2ZL,LR2ZL
LD01N,LD01N
3EVYV,3EVYV
FE5GE,FE5GE
3P4UM,3P4UM
74Q8B,74Q8B
9MV9V,9MV9V
ZTKF6,ZTKF6
0R1Y0,0R1Y0
4Q7HP,4Q7HP
0WTSN,0WTSN
BWHE3,BWHE3
ESUCF,ESUCF
A01M5,A01M5
98PH6,98PH6
IQQ9W,IQQ9W
LCB6J,LCB6J
SO8LO,SO8LO
ZQHOS,ZQHOS
UU351,UU351
M7XZL,M7XZL
O8SIP,O8SIP
3FJEO,3FJEO
L4U67,L4U67
Q4UMF,Q4UMF
9EW4X,9EW4X
N8J4E,N8J4E
OFCF2,OFCF2
KI38J,KI38J
ZUN6A,ZUN6A
EGMZP,EGMZP
A34BN,A34BN
BI5OK,BI5OK
DTAT6,DTAT6
F3F8N,F3F8N
E87B7,E87B7
7U4FU,7U4FU
HUHQ0,HUHQ0
02R3V,02R3V
WNTN7,WNTN7
VNBMO,VNBMO
9K17B,9K17B
ZSTJ3,ZSTJ3
AOWL9,AOWL9
ZRAG9,ZRAG9
HRXJZ,HRXJZ
LLQHQ,LLQHQ
L8B07,L8B07
06WMK,06WMK
VS60L,VS60L
PGCRU,PGCRU
JQ2MP,JQ2MP
XBAPC,XBAPC
0W0YA,0W0YA
UHBJF,UHBJF
6HHKB,6HHKB
FJ3D0,FJ3D0
DLSD2,DLSD2
B0V3Z,B0V3Z
VAMPF,VAMPF
8L2X4,8L2X4
F9PGP,F9PGP
PGZW7,PGZW7
PBOZP,PBOZP
W86MX,W86MX
6NV36,6NV36
D2WJ4,D2WJ4
UM1UQ,UM1UQ
FVTZJ,FVTZJ
7L04F,7L04F
ANQ27,ANQ27
4S8MS,4S8MS
8S9DB,8S9DB
XGHT3,XGHT3
R083M,R083M
J3W6E,J3W6E
5UL8B,5UL8B
W4M45,W4M45
1O16W,1O16W
XA34J,XA34J
LNHUV,LNHUV
FO4N4,FO4N4
B95CD,B95CD
4WCMS,4WCMS
XL75H,XL75H
JD3TE,JD3TE
4M74C,4M74C
C0JSY,C0JSY
OLOG0,OLOG0
QPD9V,QPD9V
CWCRX,CWCRX
0P3FH,0P3FH
DLB3N,DLB3N
WNRI6,WNRI6
T3EHE,T3EHE
VP2WU,VP2WU
DII6G,DII6G
YA4NU,YA4NU
UJW52,UJW52
U08VR,U08VR
ACCBE,ACCBE
2MGXL,2MGXL
MYNEB,MYNEB
RCPU2,RCPU2
5PDXO,5PDXO
MC4HJ,MC4HJ
IQ74D,IQ74D
8J0Q6,8J0Q6
PRIFD,PRIFD
0B4DU,0B4DU
RJ1HE,RJ1HE
375MM,375MM
MZPKM,MZPKM
2RMQP,2RMQP
AEVGV,AEVGV
TJ4GP,TJ4GP
7L43O,7L43O
1YXCT,1YXCT
H4530,H4530
XHZYW,XHZYW
GD61A,GD61A
RMS7F,RMS7F
SXEPC,SXEPC
ELKZG,ELKZG
UROO9,UROO9
5FZES,5FZES
ZGIO5,ZGIO5
NTOQG,NTOQG
7JC5R,7JC5R
AVDK5,AVDK5
JDM9Q,JDM9Q
624AF,624AF
8PBDW,8PBDW
HF6TZ,HF6TZ
WVCHP,WVCHP
UO79V,UO79V
RHWHY,RHWHY
SUFOL,SUFOL
V9KSR,V9KSR
HSZC6,HSZC6
J8OVE,J8OVE
2X2Q4,2X2Q4
3V9YW,3V9YW
V36AU,V36AU
WU0EM,WU0EM
VYJK4,VYJK4
M0P3E,M0P3E
NAFRM,NAFRM
RMYHW,RMYHW
7HGKQ,7HGKQ
KJNIZ,KJNIZ
66TV3,66TV3
RQWLN,RQWLN
5LA2P,5LA2P
EJIZ6,EJIZ6
ZR1PE,ZR1PE
0WV77,0WV77
8CQJX,8CQJX
QKPYH,QKPYH
DLYTW,DLYTW
Z19VQ,Z19VQ
NMJJA,NMJJA
F1NMD,F1NMD
OYI5C,OYI5C
7MPB0,7MPB0
GGDTL,GGDTL
82X61,82X61
ZQFTB,ZQFTB
185BC,185BC
4F3N8,4F3N8
QJG74,QJG74
I9KXX,I9KXX
OLNTP,OLNTP
QY004,QY004
Z3RF4,Z3RF4
YE6JX,YE6JX
67APA,67APA
NMZ9W,NMZ9W
6E42Z,6E42Z
Z9NOL,Z9NOL
RCW7Y,RCW7Y
WTLB7,WTLB7
KBAJ6,KBAJ6
PXVZ4,PXVZ4
B5045,B5045
NOV4H,NOV4H
2TEU1,2TEU1
SUGA9,SUGA9
HOFPM,HOFPM
FN1FN,FN1FN
AZQ0Y,AZQ0Y
8B02U,8B02U
Z4N6B,Z4N6B
Y56VU,Y56VU
3DNKW,3DNKW
R9RY1,R9RY1
TO44S,TO44S
FP3EA,FP3EA
S913L,S913L
IAP50,IAP50
61CG9,61CG9
91P91,91P91
0J04R,0J04R
GPP1F,GPP1F
0XBGW,0XBGW
XURV1,XURV1
S4NF5,S4NF5
SGUY5,SGUY5
ODEQ5,ODEQ5
REQPZ,REQPZ
0AHZ7,0AHZ7
RW4LD,RW4LD
TV1KE,TV1KE
OZV53,OZV53
JM4P9,JM4P9
ERKIU,ERKIU
RNM6U,RNM6U
9QFXH,9QFXH
KZ0KK,KZ0KK
0DU1C,0DU1C
5ILIV,5ILIV
GTL9H,GTL9H
QEX18,QEX18
YAW8B,YAW8B
V5VGV,V5VGV
2VK7W,2VK7W
83ZCX,83ZCX
FB6VW,FB6VW
C83OA,C83OA
SF88Q,SF88Q
OKDCU,OKDCU
LDXRL,LDXRL
U94G1,U94G1
Z57WZ,Z57WZ
L2NN0,L2NN0
XNRWU,XNRWU
HUAPA,HUAPA
31209,31209
LEFYL,LEFYL
OHIX0,OHIX0
J8ETN,J8ETN
41Q22,41Q22
L78OZ,L78OZ
VBH29,VBH29
4OA7H,4OA7H
33BIP,33BIP
FUETJ,FUETJ
DFQE0,DFQE0
1DMQL,1DMQL
4IP2Y,4IP2Y
LJDW3,LJDW3
EBQV7,EBQV7
6U6CM,6U6CM
SX5WH,SX5WH
G3KBI,G3KBI
7MH04,7MH04
BEINB,BEINB
KB7RZ,KB7RZ
ZSA8P,ZSA8P
DW4M2,DW4M2
NKRN2,NKRN2
J9JH8,J9JH8
WAP6F,WAP6F
X81V6,X81V6
OKI22,OKI22
TJJ0B,TJJ0B
4KN5H,4KN5H
ZL4XG,ZL4XG
6T5BS,6T5BS
YC3FW,YC3FW
1X70Q,1X70Q
NNORU,NNORU
O39TE,O39TE
ZOB2G,ZOB2G
FS6PL,FS6PL
QIZDZ,QIZDZ
0T0L9,0T0L9
BEBFW,BEBFW
FWRHT,FWRHT
B26LC,B26LC
FOFUO,FOFUO
DNF7Z,DNF7Z
NBBB0,NBBB0
O559O,O559O
6S7YY,6S7YY
857VL,857VL
JY88Y,JY88Y
HXKB6,HXKB6
H4JVH,H4JVH
2GGPX,2GGPX
DB8KX,DB8KX
4ZMRD,4ZMRD
T08H0,T08H0
THQQE,THQQE
6BKQB,6BKQB
F9BWY,F9BWY
T1905,T1905
A021Y,A021Y
KF36P,KF36P
UHXTX,UHXTX
F2JV0,F2JV0
DFDH1,DFDH1
172J7,172J7
24O06,24O06
OYRF4,OYRF4
CAHVU,CAHVU
P4I9A,P4I9A
UQL08,UQL08
XJ91O,XJ91O
GRRTP,GRRTP
6RBDA,6RBDA
E1RFF,E1RFF
HJYYL,HJYYL
WVR94,WVR94
NZVSK,NZVSK
CT00P,CT00P
STGUX,STGUX
VB96G,VB96G
OG8NI,OG8NI
PB87I,PB87I
KXU4O,KXU4O
EIFKY,EIFKY
B7ZJV,B7ZJV
H74KU,H74KU
Z49JS,Z49JS
KCFQK,KCFQK
PCTPQ,PCTPQ
335DW,335DW
J7FNH,J7FNH
OJVPK,OJVPK
BNDDP,BNDDP
BC4EP,BC4EP
EVVSK,EVVSK
1E5NU,1E5NU
FQOLS,FQOLS
8QE4I,8QE4I
XU3WL,XU3WL
6PVCH,6PVCH
0B8WL,0B8WL
4ABJM,4ABJM
TPOXL,TPOXL
3GEH1,3GEH1
PPL7K,PPL7K
BRZHP,BRZHP
GFKNQ,GFKNQ
06FAR,06FAR
S8P7P,S8P7P
0DD2Z,0DD2Z
2JO8Y,2JO8Y
DNY7A,DNY7A
0GNGF,0GNGF
77YG9,77YG9
4DIEI,4DIEI
7N94I,7N94I
GS1B2,GS1B2
3ORHM,3ORHM
Q2P3N,Q2P3N
FICA8,FICA8
TXME1,TXME1
X432P,X432P
LTW8T,LTW8T
4TFNT,4TFNT
H35MM,H35MM
8V6XG,8V6XG
1FRLH,1FRLH
VH3A5,VH3A5
6W9VB,6W9VB
TLZZG,TLZZG
D35P6,D35P6
X6OX1,X6OX1
1F7M0,1F7M0
726R5,726R5
TRBNG,TRBNG
XECQ4,XECQ4
0OPYL,0OPYL
PNXQ0,PNXQ0
5I3PO,5I3PO
WSZJ8,WSZJ8
0K16B,0K16B
E5TJD,E5TJD
WHPQF,WHPQF
CM5EH,CM5EH
EB5EQ,EB5EQ
GWMXZ,GWMXZ
2G0JY,2G0JY
SZ3S2,SZ3S2
GC2MK,GC2MK
NECW2,NECW2
D0A3D,D0A3D
OPUBC,OPUBC
QY9DL,QY9DL
TYNQX,TYNQX
JB1UK,JB1UK
HEUBI,HEUBI
LP87Y,LP87Y
WYM9N,WYM9N
DTRRM,DTRRM
LYMEZ,LYMEZ
XWNNA,XWNNA
ZXRKD,ZXRKD
BYEXS,BYEXS
P5YB0,P5YB0
HQNUY,HQNUY
S8V6Q,S8V6Q
I8RNY,I8RNY
EAXUV,EAXUV
6AALU,6AALU
HOFX6,HOFX6
64IYE,64IYE
TQLW7,TQLW7
I1PB1,I1PB1
AWQX5,AWQX5
SFBXP,SFBXP
4GS5X,4GS5X
29G0I,29G0I
HGP03,HGP03
EY3M7,EY3M7
JM2RJ,JM2RJ
XCFHC,XCFHC
CR9GV,CR9GV
YCYR4,YCYR4
K2IFZ,K2IFZ
N3UV0,N3UV0
FDJ02,FDJ02
G068A,G068A
QY0VH,QY0VH
MEO89,MEO89
0IF6Q,0IF6Q
PRR0T,PRR0T
Q5B12,Q5B12
DLQKQ,DLQKQ
YWDHB,YWDHB
J4KKT,J4KKT
D5Z3K,D5Z3K
WGKP9,WGKP9
8P62I,8P62I
CWN0Q,CWN0Q
7MUYV,7MUYV
1YPV5,1YPV5
WKBD7,WKBD7
D6RD7,D6RD7
SX1J0,SX1J0
3Y7FB,3Y7FB
YRW57,YRW57
V96E8,V96E8
FY40D,FY40D
QT6SY,QT6SY
6M8TX,6M8TX
JF0R4,JF0R4
AQHPJ,AQHPJ
TBFUI,TBFUI
0WVW3,0WVW3
LWBM4,LWBM4
ROYS7,ROYS7
ZC13A,ZC13A
4BALT,4BALT
L41HB,L41HB
1MKP3,1MKP3
56EMM,56EMM
7BCO2,7BCO2
MT6OV,MT6OV
9HZEP,9HZEP
DR6SO,DR6SO
6WPA5,6WPA5
PNOP3,PNOP3
Q6LD8,Q6LD8
1XMIR,1XMIR
9XV6R,9XV6R
4M4M3,4M4M3
L82AM,L82AM
JKHC6,JKHC6
JPXS3,JPXS3
S9X18,S9X18
3915Q,3915Q
196JQ,196JQ
CZAJ6,CZAJ6
LIKPQ,LIKPQ
M74H7,M74H7
315RM,315RM
7K864,7K864
D38GU,D38GU
U6TCP,U6TCP
4PBW9,4PBW9
R82GW,R82GW
R9QPW,R9QPW
PLY4N,PLY4N
OIT12,OIT12
NA2I6,NA2I6
MYXM1,MYXM1
ZVKWD,ZVKWD
XPP6L,XPP6L
K6I9B,K6I9B
Z3HUQ,Z3HUQ
B56L3,B56L3
2MLVY,2MLVY
8NK2U,8NK2U
U6EJO,U6EJO
AXMTH,AXMTH
X6OLG,X6OLG
KYU8Z,KYU8Z
YHZVW,YHZVW
Y557Z,Y557Z
XNB60,XNB60
N8S70,N8S70
4VVIV,4VVIV
AE7FD,AE7FD
8VASA,8VASA
V70C2,V70C2
KUSKV,KUSKV
AWL1R,AWL1R
7QZTJ,7QZTJ
A6HWI,A6HWI
V2LFC,V2LFC
O5HHP,O5HHP
7IKO9,7IKO9
3PZWA,3PZWA
NTJFU,NTJFU
K1QNM,K1QNM
5F9TW,5F9TW
OUZF5,OUZF5
V9XTW,V9XTW
TZ1XP,TZ1XP
5UTQ7,5UTQ7
RDWXL,RDWXL
IKV2E,IKV2E
XV7BU,XV7BU
GYEV3,GYEV3
YUSRW,YUSRW
PP5MK,PP5MK
02BV4,02BV4
48OAB,48OAB
SYVK1,SYVK1
VKASZ,VKASZ
XEYYG,XEYYG
YLZMG,YLZMG
S3KOX,S3KOX
48AIT,48AIT
LO43Z,LO43Z
MQBZ8,MQBZ8
YTTU3,YTTU3
C3J50,C3J50
MRVNH,MRVNH
98NHQ,98NHQ
E6AYF,E6AYF
3MVV1,3MVV1
8S2MZ,8S2MZ
189VW,189VW
GM89Q,GM89Q
V7108,V7108
RB25D,RB25D
5V436,5V436
JYIWB,JYIWB
2G0FY,2G0FY
F4Q8T,F4Q8T
DWUG3,DWUG3
IAXUU,IAXUU
SVYKX,SVYKX
ZCFZT,ZCFZT
QGXJ8,QGXJ8
EYQDD,EYQDD
7RIHL,7RIHL
TEMJN,TEMJN
HUU86,HUU86
RTFTU,RTFTU
P4QTS,P4QTS
V14XL,V14XL
Q9DBJ,Q9DBJ
UMUY5,UMUY5
SMDGL,SMDGL
826K2,826K2
7XER2,7XER2
0PY7A,0PY7A
EN0FD,EN0FD
F3KGC,F3KGC
FSKVU,FSKVU
ND466,ND466
2SNPC,2SNPC
DUZ91,DUZ91
64LGO,64LGO
LME8B,LME8B
GLU2X,GLU2X
OLDXM,OLDXM
L5GBC,L5GBC
ULPEB,ULPEB
EQUHJ,EQUHJ
A4LQX,A4LQX
BUOLB,BUOLB
7PYUL,7PYUL
SY0O6,SY0O6
1VYLD,1VYLD
2QYEJ,2QYEJ
RM7W0,RM7W0
NJK7K,NJK7K
CU8LL,CU8LL
4IBO5,4IBO5
8XL5J,8XL5J
EEQUR,EEQUR
CYGTC,CYGTC
36MMZ,36MMZ
P4198,P4198
931Y4,931Y4
5YCRF,5YCRF
NGJ2C,NGJ2C
TH0CJ,TH0CJ
WB12L,WB12L
S431B,S431B
3WEXK,3WEXK
EQG40,EQG40
XEYPH,XEYPH
0M5N0,0M5N0
QEKRO,QEKRO
WKK5I,WKK5I
VEOFQ,VEOFQ
A5DT7,A5DT7
YAEWT,YAEWT
7BWBD,7BWBD
9KMLP,9KMLP
5NPX9,5NPX9
H8S61,H8S61
QV4E5,QV4E5
QTQQS,QTQQS
Q0QZD,Q0QZD
PMLML,PMLML
CBAT2,CBAT2
917B1,917B1
3KIF7,3KIF7
DWB7U,DWB7U
1BM5N,1BM5N
QFK7B,QFK7B
5XJ98,5XJ98
A2GF4,A2GF4
BP713,BP713
IR2P4,IR2P4
HWV68,HWV68
6FE7M,6FE7M
YVJ54,YVJ54
T1SWT,T1SWT
WXPIJ,WXPIJ
TAQKZ,TAQKZ
2716J,2716J
33QQG,33QQG
I03OH,I03OH
A8Q05,A8Q05
IMV5R,IMV5R
010JZ,010JZ
TIPSR,TIPSR
OKTC6,OKTC6
YMETA,YMETA
NV2HN,NV2HN
U3CU9,U3CU9
JTYXR,JTYXR
IKNHQ,IKNHQ
MA6YX,MA6YX
LYS41,LYS41
XR35M,XR35M
G6833,G6833
S17OE,S17OE
PP3XN,PP3XN
BX6ZT,BX6ZT
LI64O,LI64O
215L3,215L3
23W4J,23W4J
SANAU,SANAU
0WNS3,0WNS3
XT7NK,XT7NK
ZQP26,ZQP26
3QX1S,3QX1S
1T850,1T850
BUXOV,BUXOV
1SF96,1SF96
FL50L,FL50L
2TTU5,2TTU5
TK2G9,TK2G9
3B8HE,3B8HE
1RPLB,1RPLB
U1D2Y,U1D2Y
ZTYKJ,ZTYKJ
MAG9X,MAG9X
QRF56,QRF56
XSG49,XSG49
MPLOT,MPLOT
3GD7T,3GD7T
D95PN,D95PN
VMG3P,VMG3P
31B6W,31B6W
7HAHQ,7HAHQ
MCG2T,MCG2T
5OVI1,5OVI1
K06WM,K06WM
Y1VSH,Y1VSH
2V8UC,2V8UC
VBVGL,VBVGL
CW96R,CW96R
5UHV0,5UHV0
U8VR0,U8VR0
G5PLF,G5PLF
42D5M,42D5M
FEZ4R,FEZ4R
E9BNX,E9BNX
JSSYH,JSSYH
5RDPD,5RDPD
ZWOVB,ZWOVB
QDD0X,QDD0X
LV6C2,LV6C2
85GOX,85GOX
71B2U,71B2U
QJ80T,QJ80T
3N8O3,3N8O3
4NE1G,4NE1G
HCKAJ,HCKAJ
3DEDF,3DEDF
B2U35,B2U35
OQVMB,OQVMB
8F65G,8F65G
8XMQ8,8XMQ8
EYPSZ,EYPSZ
KATJ2,KATJ2
FMZ6X,FMZ6X
PWE0P,PWE0P
5VZW8,5VZW8
SLI7B,SLI7B
7C6MA,7C6MA
NF0ZO,NF0ZO
ARXOK,ARXOK
ZHKZZ,ZHKZZ
724OC,724OC
A1QOM,A1QOM
62Q2Q,62Q2Q
UTRB1,UTRB1
SZXAO,SZXAO
5OA1H,5OA1H
FKB16,FKB16
CFM0T,CFM0T
3BR12,3BR12
WR37C,WR37C
Z0DFO,Z0DFO
G2BNL,G2BNL
CZBAT,CZBAT
BHEI8,BHEI8
FM8LH,FM8LH
AVZ6O,AVZ6O
0HZVJ,0HZVJ
BQXCN,BQXCN
2AWU2,2AWU2
47LP0,47LP0
EA5GR,EA5GR
3NB2G,3NB2G
O33QU,O33QU
30R9W,30R9W
0D4BF,0D4BF
TPIL4,TPIL4
RGUWY,RGUWY
D7BS3,D7BS3
Q6FPC,Q6FPC
KO6HO,KO6HO
SYIXX,SYIXX
M9JUX,M9JUX
74GYT,74GYT
KUA8Q,KUA8Q
CLNBD,CLNBD
Q7XC9,Q7XC9
LD1JC,LD1JC
W44PY,W44PY
YZXXX,YZXXX
RZDD4,RZDD4
40A81,40A81
P9DME,P9DME
PSPAO,PSPAO
9WNLK,9WNLK
BPJHP,BPJHP
SYOAG,SYOAG
VN25U,VN25U
WHA86,WHA86
BDBSV,BDBSV
R7USZ,R7USZ
AOYWP,AOYWP
BG44K,BG44K
1TWLZ,1TWLZ
JY0SE,JY0SE
U85TE,U85TE
OWPCE,OWPCE
1M9SF,1M9SF
LLS1B,LLS1B
MIYAQ,MIYAQ
CH0R7,CH0R7
XNQHW,XNQHW
0CG0Q,0CG0Q
ASH0F,ASH0F
IQHIF,IQHIF
X4Q1G,X4Q1G
IKKSO,IKKSO
HR994,HR994
68QX4,68QX4
49F0C,49F0C
OU2RB,OU2RB
1HXUW,1HXUW
87ICK,87ICK
OC3D2,OC3D2
D5OT7,D5OT7
RQOIJ,RQOIJ
MTYWB,MTYWB
B90P7,B90P7
VONNA,VONNA
EAPVS,EAPVS
62LT6,62LT6
8V0SQ,8V0SQ
60LFM,60LFM
F8HCM,F8HCM
JKN9D,JKN9D
ENW0L,ENW0L
1Q9B9,1Q9B9
6GKJG,6GKJG
0FTWS,0FTWS
J9GA2,J9GA2
6V7VR,6V7VR
OS9GL,OS9GL
Z0OQC,Z0OQC
EMLTQ,EMLTQ
QKK89,QKK89
TQFOT,TQFOT
YOTEW,YOTEW
GBI0E,GBI0E
CKTTJ,CKTTJ
XIHG5,XIHG5
3OIQT,3OIQT
55NF4,55NF4
CUCY1,CUCY1
XJI9M,XJI9M
Z8ZEC,Z8ZEC
3L58X,3L58X
ETQH5,ETQH5
ETM5B,ETM5B
43GFP,43GFP
32IAZ,32IAZ
D4BRP,D4BRP
S7H9Z,S7H9Z
E0IYD,E0IYD
41S8A,41S8A
M9PJI,M9PJI
WX2BA,WX2BA
6B8YG,6B8YG
P3HJ3,P3HJ3
ZYV7X,ZYV7X
RIEOE,RIEOE
LDCZD,LDCZD
IPUV4,IPUV4
CB9EH,CB9EH
BHT27,BHT27
S0DUT,S0DUT
0SL93,0SL93
9JJCL,9JJCL
XI8UB,XI8UB
6BZSL,6BZSL
67W9Q,67W9Q
VKEB6,VKEB6
YLPMW,YLPMW
UDCKM,UDCKM
BQIJC,BQIJC
G75YQ,G75YQ
G2TZC,G2TZC
3EPKD,3EPKD
6PGLJ,6PGLJ
LT9UK,LT9UK
5GVD1,5GVD1
KBGWR,KBGWR
0ZQO9,0ZQO9
X9N11,X9N11
NRB9A,NRB9A
DTQOA,DTQOA
7QNKL,7QNKL
Y5WSY,Y5WSY
3MFME,3MFME
MQSNA,MQSNA
WI496,WI496
SQB8O,SQB8O
KL9JR,KL9JR
2WV6W,2WV6W
4GPVD,4GPVD
FID7F,FID7F
KQ9I4,KQ9I4
8V7TY,8V7TY
IN4FU,IN4FU
ZDYX4,ZDYX4
X3LZZ,X3LZZ
7UVRZ,7UVRZ
UME55,UME55
D7VLI,D7VLI
X1K0T,X1K0T
CVNU2,CVNU2
24OBZ,24OBZ
U04OA,U04OA
9GMC2,9GMC2
IXG28,IXG28
KWLIZ,KWLIZ
9GTU6,9GTU6
URMMH,URMMH
L6VLY,L6VLY
J8H5E,J8H5E
U6CSH,U6CSH
27XK6,27XK6
OK1Q5,OK1Q5
ZKVLP,ZKVLP
YOQ09,YOQ09
GON1N,GON1N
BWP1P,BWP1P
I0YBQ,I0YBQ
WMDSH,WMDSH
OJBEJ,OJBEJ
6YWNX,6YWNX
9HK06,9HK06
Z7FEX,Z7FEX
MXGUT,MXGUT
5KO6J,5KO6J
5A78Q,5A78Q
HNM44,HNM44
1E71H,1E71H
9MUF0,9MUF0
3EX4V,3EX4V
BM2LJ,BM2LJ
1P87H,1P87H
HL2B5,HL2B5
KA23K,KA23K
WAGDF,WAGDF
I7FEI,I7FEI
CTGCO,CTGCO
ECPY8,ECPY8
UHPSI,UHPSI
9I5H9,9I5H9
3JDYI,3JDYI
1LGIX,1LGIX
9OZYM,9OZYM
9DNPL,9DNPL
6A5YF,6A5YF
CRMTK,CRMTK
MV1V1,MV1V1
YFWT7,YFWT7
BTU9B,BTU9B
OJPXT,OJPXT
2T1VN,2T1VN
R0NPW,R0NPW
5A1JD,5A1JD
L2JTX,L2JTX
X3U6J,X3U6J
83N2D,83N2D
FVQGZ,FVQGZ
B0GPZ,B0GPZ
0O708,0O708
68C62,68C62
9O46R,9O46R
JX296,JX296
SUQPB,SUQPB
071SE,071SE
0U14L,0U14L
X80XP,X80XP
J9YYD,J9YYD
QRT8Z,QRT8Z
I0XRR,I0XRR
Z3Y5V,Z3Y5V
QCNQ7,QCNQ7
OSFHG,OSFHG
KRVBI,KRVBI
K47AF,K47AF
Z91SD,Z91SD
D7FJG,D7FJG
GH0P7,GH0P7
1MRR7,1MRR7
KH0BC,KH0BC
H9QR8,H9QR8
UCJ8K,UCJ8K
5P1V0,5P1V0
CO0U9,CO0U9
67EWL,67EWL
O6K4O,O6K4O
HPR9B,HPR9B
DDFWI,DDFWI
D5CM5,D5CM5
CK52C,CK52C
EGU6J,EGU6J
8P1BR,8P1BR
YJ05E,YJ05E
64J8C,64J8C
W269R,W269R
DWQEW,DWQEW
QF8JA,QF8JA
4GTOZ,4GTOZ
HMRSX,HMRSX
445U0,445U0
K7UE3,K7UE3
ZCS6K,ZCS6K
ZBRVZ,ZBRVZ
2JT1B,2JT1B
84HSN,84HSN
WMG9V,WMG9V
ZFDIR,ZFDIR
SMRYU,SMRYU
6ZOCW,6ZOCW
T2C4P,T2C4P
DHXOW,DHXOW
EBOPL,EBOPL
RT20W,RT20W
7GL8M,7GL8M
ZBORU,ZBORU
YTZPE,YTZPE
U5W94,U5W94
3VR4E,3VR4E
6SVCR,6SVCR
9Y2W7,9Y2W7
OICWB,OICWB
XMYWK,XMYWK
P8YRS,P8YRS
RTHX5,RTHX5
GVCTH,GVCTH
V93PE,V93PE
1CGTW,1CGTW
WEX6K,WEX6K
LZO9U,LZO9U
S7FJ2,S7FJ2
GLY9S,GLY9S
MRWUW,MRWUW
UJERM,UJERM
QBPHS,QBPHS
G7EFM,G7EFM
2YNKY,2YNKY
HAE8L,HAE8L
ZIHMA,ZIHMA
BL0VX,BL0VX
YFQAP,YFQAP
YL3TM,YL3TM
SHS5M,SHS5M
W59OE,W59OE
HD4WK,HD4WK
AFU4M,AFU4M
EJKYW,EJKYW
2200G,2200G
T0FYN,T0FYN
YJZ13,YJZ13
OGGFM,OGGFM
I4GMZ,I4GMZ
1Q8NR,1Q8NR
1JE4A,1JE4A
U5U9P,U5U9P
XB0YR,XB0YR
I2S6X,I2S6X
MRRFQ,MRRFQ
UPPTL,UPPTL
1T0ZO,1T0ZO
GPVBG,GPVBG
3KX1U,3KX1U
O30F9,O30F9
CYIXF,CYIXF
ZF110,ZF110
ON6B3,ON6B3
RLLG0,RLLG0
VT62E,VT62E
18LET,18LET
BFEAL,BFEAL
FJSU1,FJSU1
FAFMZ,FAFMZ
YJI7Y,YJI7Y
9LQ0S,9LQ0S
P8MLT,P8MLT
C62AG,C62AG
4ZMSO,4ZMSO
YQB4W,YQB4W
FBI32,FBI32
UPP1G,UPP1G
HYQTP,HYQTP
PGTNC,PGTNC
44BVG,44BVG
LVON6,LVON6
FPT0T,FPT0T
V1RJD,V1RJD
TMXM6,TMXM6
ZP2VV,ZP2VV
QATB3,QATB3
HVQ2A,HVQ2A
BHQUA,BHQUA
Y94BX,Y94BX
GCSTO,GCSTO
6XY2W,6XY2W
H94CM,H94CM
GBZD1,GBZD1
JVQ5J,JVQ5J
7S694,7S694
N8DIF,N8DIF
O4862,O4862
7F8BG,7F8BG
ZQLQ1,ZQLQ1
0XN7S,0XN7S
VO348,VO348
0LKGJ,0LKGJ
I5VYR,I5VYR
PNPMH,PNPMH
MSIOF,MSIOF
1NU17,1NU17
C567J,C567J
DL35B,DL35B
0TM4G,0TM4G
2C6F7,2C6F7
M7F3E,M7F3E
XS11B,XS11B
3SPTU,3SPTU
EVJE8,EVJE8
GSVL9,GSVL9
2LFIU,2LFIU
WNRDM,WNRDM
RG7XD,RG7XD
I9RRV,I9RRV
7QRH7,7QRH7
RZY8S,RZY8S
2QCHL,2QCHL
8SI8U,8SI8U
8K4QC,8K4QC
C0506,C0506
78XI9,78XI9
MORTI,MORTI
K76KX,K76KX
CT57L,CT57L
R0VQS,R0VQS
926LQ,926LQ
676R0,676R0
00ARB,00ARB
SF62X,SF62X
F86LO,F86LO
ABO0N,ABO0N
9MZC1,9MZC1
92FW8,92FW8
CPD6X,CPD6X
N1IVN,N1IVN
0NFRX,0NFRX
17S3I,17S3I
BSEGG,BSEGG
GKGO6,GKGO6
XRBDS,XRBDS
J695T,J695T
K59PP,K59PP
OWERV,OWERV
06D9J,06D9J
XRS6P,XRS6P
OXIE3,OXIE3
QLBZB,QLBZB
82DKC,82DKC
P5WM0,P5WM0
BF3YW,BF3YW
03ZVP,03ZVP
O5DXD,O5DXD
GJ76R,GJ76R
XFVZG,XFVZG
BS23W,BS23W
O9TDX,O9TDX
F7JKF,F7JKF
0B3DS,0B3DS
OHZH3,OHZH3
M4WFG,M4WFG
6HWOV,6HWOV
M8TCG,M8TCG
URABW,URABW
07D82,07D82
PWCBF,PWCBF
BELYO,BELYO
OJVJS,OJVJS
4Y6BH,4Y6BH
0PSJ7,0PSJ7
KGA61,KGA61
FUX2K,FUX2K
WMJR3,WMJR3
LTHMO,LTHMO
GP40S,GP40S
ZI9V0,ZI9V0
6L3AF,6L3AF
C4CWT,C4CWT
OY1O8,OY1O8
M1KU0,M1KU0
Z2A43,Z2A43
96SYN,96SYN
4MAM0,4MAM0
2H5BO,2H5BO
ZI8OR,ZI8OR
K5T87,K5T87
XVI4P,XVI4P
CGHCT,CGHCT
ZIMTD,ZIMTD
QX8J8,QX8J8
5BF37,5BF37
EYL12,EYL12
R1972,R1972
KJNEN,KJNEN
CN3CV,CN3CV
MT2K5,MT2K5
EMU3A,EMU3A
QIHKY,QIHKY
1T2R5,1T2R5
D3O8Y,D3O8Y
GI524,GI524
3OMR3,3OMR3
Y71YL,Y71YL
2GOG2,2GOG2
4SH1T,4SH1T
BWB49,BWB49
S8V8C,S8V8C
G7LQ2,G7LQ2
0T0D6,0T0D6
4L9K9,4L9K9
YJZ98,YJZ98
DUQH5,DUQH5
LJMF5,LJMF5
XNKZO,XNKZO
XNRL6,XNRL6
B1XVJ,B1XVJ
2N1CR,2N1CR
8H5H7,8H5H7
F6M42,F6M42
29ZJF,29ZJF
0XW0T,0XW0T
VWJT2,VWJT2
DV3JH,DV3JH
P4NVM,P4NVM
3Z7YF,3Z7YF
THJV2,THJV2
WGVU9,WGVU9
XY1QN,XY1QN
5XUKG,5XUKG
DZPRM,DZPRM
FWGAS,FWGAS
TI7GO,TI7GO
I5LZR,I5LZR
1AOIT,1AOIT
AQFR6,AQFR6
RL9G9,RL9G9
AWK95,AWK95
SURL3,SURL3
PDYA6,PDYA6
Q5IGT,Q5IGT
1169W,1169W
8PEWN,8PEWN
NS5UU,NS5UU
R3V5W,R3V5W
9JAH3,9JAH3
ODRPV,ODRPV
H25J8,H25J8
ETPT7,ETPT7
7GR8M,7GR8M
BZ7KQ,BZ7KQ
545I5,545I5
E70P3,E70P3
7O2AG,7O2AG
Y7WEA,Y7WEA
EZUKW,EZUKW
2X3T6,2X3T6
LM9FI,LM9FI
367HP,367HP
4B4RO,4B4RO
JX2G3,JX2G3
GNU48,GNU48
HAROQ,HAROQ
8RK3V,8RK3V
AN5KY,AN5KY
AEO27,AEO27
RZ9TR,RZ9TR
G28BR,G28BR
7GV56,7GV56
9GFFM,9GFFM
J6BLF,J6BLF
T29E3,T29E3
P8GTB,P8GTB
DZV6I,DZV6I
PY1C8,PY1C8
CYU9T,CYU9T
CA0Y1,CA0Y1
VU5DR,VU5DR
K82BX,K82BX
AWS0H,AWS0H
3Q3NJ,3Q3NJ
FYBU9,FYBU9
DBXBR,DBXBR
I2D4S,I2D4S
2FK4A,2FK4A
ZG9GS,ZG9GS
BVYNM,BVYNM
8F8KG,8F8KG
5K6MW,5K6MW
9M3TO,9M3TO
X3K7Q,X3K7Q
PN8UK,PN8UK
0FM1G,0FM1G
VT6A0,VT6A0
LTQMC,LTQMC
PJ7KW,PJ7KW
Y8BXE,Y8BXE
GZ1TE,GZ1TE
EJD3O,EJD3O
IVOIT,IVOIT
BSAXL,BSAXL
UD4IP,UD4IP
KTW6L,KTW6L
7O0LD,7O0LD
KEVUR,KEVUR
DMU82,DMU82
OVL2C,OVL2C
RE5V8,RE5V8
9S6FX,9S6FX
QQ384,QQ384
T7DU3,T7DU3
YP1LR,YP1LR
ULQVP,ULQVP
XQDMO,XQDMO
HYW1D,HYW1D
OHM0M,OHM0M
35QIO,35QIO
EUS6X,EUS6X
ML9XU,ML9XU
TAEGQ,TAEGQ
TOZ89,TOZ89
FGTCO,FGTCO
HOCU1,HOCU1
C6HJ7,C6HJ7
75VRC,75VRC
U44N3,U44N3
XWTN3,XWTN3
8S06S,8S06S
W77DS,W77DS
NPEHV,NPEHV
21SRY,21SRY
WABEQ,WABEQ
4GRMI,4GRMI
FJQ9C,FJQ9C
YU97J,YU97J
RG77U,RG77U
7O566,7O566
P7H0P,P7H0P
NJE9J,NJE9J
DAK8B,DAK8B
4WVVA,4WVVA
P8LHR,P8LHR
BTVTL,BTVTL
KKAIF,KKAIF
QQD6L,QQD6L
8R94J,8R94J
P1T40,P1T40
V0YME,V0YME
SMGJZ,SMGJZ
CD1O6,CD1O6
UDZMY,UDZMY
2A5XA,2A5XA
FPTJ4,FPTJ4
3RMVI,3RMVI
N1U1X,N1U1X
OV5ZQ,OV5ZQ
HKLT6,HKLT6
PUCOM,PUCOM
9XD56,9XD56
TZET7,TZET7
YXLLD,YXLLD
K1R5P,K1R5P
99SQ7,99SQ7
8VIA9,8VIA9
JYYTY,JYYTY
J2OZ5,J2OZ5
GE1FU,GE1FU
RHUZ3,RHUZ3
ONCP1,ONCP1
38PU2,38PU2
CLRUY,CLRUY
TG4YQ,TG4YQ
3EGQC,3EGQC
KD3WO,KD3WO
52TRQ,52TRQ
J3QUW,J3QUW
EH35W,EH35W
P7PMO,P7PMO
J94RU,J94RU
86MMI,86MMI
755W5,755W5
TFPUM,TFPUM
GNH7T,GNH7T
K1S7G,K1S7G
DCHTE,DCHTE
BA9WU,BA9WU
WY28U,WY28U
4ONBB,4ONBB
YC3C5,YC3C5
VN4Q6,VN4Q6
I0PWQ,I0PWQ
OIKNA,OIKNA
TIHL9,TIHL9
CE77H,CE77H
YS34Q,YS34Q
3MTBD,3MTBD
ALWB8,ALWB8
OPGON,OPGON
JZCIJ,JZCIJ
EM9Y9,EM9Y9
F1KWC,F1KWC
GR7MW,GR7MW
25MZL,25MZL
F0LBQ,F0LBQ
5ZGAC,5ZGAC
VN8F4,VN8F4
P2AJJ,P2AJJ
Y3LBR,Y3LBR
O31YS,O31YS
9EA6W,9EA6W
SX4AV,SX4AV
X8S0A,X8S0A
B3OS2,B3OS2
5GRAV,5GRAV
OGUFV,OGUFV
UKWD6,UKWD6
5VLCS,5VLCS
XALUY,XALUY
8V6W7,8V6W7
SYH5I,SYH5I
CNKXA,CNKXA
2MCMS,2MCMS
4XBK6,4XBK6
O45F1,O45F1
4UVPT,4UVPT
RN682,RN682
WVTY6,WVTY6
26M27,26M27
JTS6U,JTS6U
900F2,900F2
OGKJB,OGKJB
97SMC,97SMC
NFIXE,NFIXE
MNGZ5,MNGZ5
39623,39623
GWVSN,GWVSN
LXI3K,LXI3K
9LPHG,9LPHG
IXYUF,IXYUF
UP6IJ,UP6IJ
IIRA8,IIRA8
LO0I4,LO0I4
SNBNF,SNBNF
TFXN5,TFXN5
DAVAZ,DAVAZ
IXQ6S,IXQ6S
LN4M9,LN4M9
QJW3Y,QJW3Y
SMHVC,SMHVC
2HK1P,2HK1P
QUNRL,QUNRL
YVUSI,YVUSI
K11W9,K11W9
AQNCF,AQNCF
O41HN,O41HN
OIGR1,OIGR1
OTXDM,OTXDM
ZI9Y5,ZI9Y5
VCACO,VCACO
6B0VP,6B0VP
K95XW,K95XW
L1ENL,L1ENL
SY47Y,SY47Y
WO517,WO517
NG05C,NG05C
RXHW0,RXHW0
1KO1I,1KO1I
FA3KC,FA3KC
3L8PX,3L8PX
V1RLG,V1RLG
Q99PK,Q99PK
9H7WI,9H7WI
DQO5D,DQO5D
XGGFI,XGGFI
VM3O0,VM3O0
JIPIY,JIPIY
0BZQQ,0BZQQ
98GOM,98GOM
H3WOH,H3WOH
QBL30,QBL30
VQUQI,VQUQI
NP1PQ,NP1PQ
7TPKV,7TPKV
TCSEW,TCSEW
ELEY8,ELEY8
JZAQR,JZAQR
U5H0Q,U5H0Q
04L0T,04L0T
T2E6Q,T2E6Q
DLNQY,DLNQY
F12FJ,F12FJ
WFA3C,WFA3C
A4RQ2,A4RQ2
E6DYH,E6DYH
9HWWM,9HWWM
JVXFW,JVXFW
O13S6,O13S6
NUK0L,NUK0L
EGI2J,EGI2J
SFGPV,SFGPV
L2Q2V,L2Q2V
77PFJ,77PFJ
QD5OA,QD5OA
F7G5C,F7G5C
YU03O,YU03O
I2LYG,I2LYG
MBVXV,MBVXV
ZJNJO,ZJNJO
F45IW,F45IW
33Y1R,33Y1R
UUB5C,UUB5C
QHYBG,QHYBG
WM94V,WM94V
HDDZ8,HDDZ8
NCM6G,NCM6G
MLPQE,MLPQE
J11WK,J11WK
4TU3Z,4TU3Z
5FO1J,5FO1J
M4GND,M4GND
N55M1,N55M1
IQ34R,IQ34R
VYV8L,VYV8L
43WTX,43WTX
B16Y7,B16Y7
4I8A9,4I8A9
XSWWM,XSWWM
ZSXB3,ZSXB3
UT3HF,UT3HF
KERNJ,KERNJ
BKFU0,BKFU0
B4RAX,B4RAX
RMIS4,RMIS4
A31XR,A31XR
1UHG4,1UHG4
C7R2A,C7R2A
4R67U,4R67U
HDJJE,HDJJE
WNBCF,WNBCF
542OS,542OS
WFTYK,WFTYK
4KBX3,4KBX3
3J7E5,3J7E5
79THH,79THH
ZVIVZ,ZVIVZ
FTX0G,FTX0G
4TVS6,4TVS6
7K265,7K265
16F8R,16F8R
44C7C,44C7C
RB93P,RB93P
SYP7P,SYP7P
011E0,011E0
JE3WX,JE3WX
IFPDV,IFPDV
EVI3C,EVI3C
4BF3G,4BF3G
D2EPF,D2EPF
KHO8L,KHO8L
1IHSV,1IHSV
OKMLR,OKMLR
EHLS6,EHLS6
EQPAB,EQPAB
UJL6V,UJL6V
GMCHI,GMCHI
ZUY0Z,ZUY0Z
QBLWK,QBLWK
MTJSW,MTJSW
EVGMH,EVGMH
MAG6J,MAG6J
A4H5R,A4H5R
3BA28,3BA28
GSGYY,GSGYY
81IAS,81IAS
E13N9,E13N9
81CRH,81CRH
YWBOP,YWBOP
8LW7S,8LW7S
CIDUS,CIDUS
DJ0MO,DJ0MO
RX33Z,RX33Z
49IO1,49IO1
ZYBLJ,ZYBLJ
K5XLR,K5XLR
6VXOA,6VXOA
X248D,X248D
ZYQ44,ZYQ44
CA2ZY,CA2ZY
7UAZT,7UAZT
5N479,5N479
E37AQ,E37AQ
HY4HZ,HY4HZ
Q5306,Q5306
8UWEZ,8UWEZ
F29CN,F29CN
UUJBM,UUJBM
JTTVX,JTTVX
HY269,HY269
UF1QT,UF1QT
EL1DM,EL1DM
SXR00,SXR00
SLB3L,SLB3L
I0PUA,I0PUA
TES9N,TES9N
6B0OV,6B0OV
K06S5,K06S5
OGZHA,OGZHA
52ERU,52ERU
9PW8Z,9PW8Z
AT5P5,AT5P5
1E1RL,1E1RL
Q1267,Q1267
KIBV1,KIBV1
6H8XN,6H8XN
GWZSW,GWZSW
7YD0W,7YD0W
2ENTG,2ENTG
FZNE8,FZNE8
JGEJE,JGEJE
H3G1O,H3G1O
NOZ9K,NOZ9K
LP5JK,LP5JK
ZD631,ZD631
B7R8N,B7R8N
XYPEF,XYPEF
TZFDJ,TZFDJ
MG9XQ,MG9XQ
NSQRW,NSQRW
0XQI8,0XQI8
AIYLF,AIYLF
MXVAQ,MXVAQ
93YMY,93YMY
ENCQ1,ENCQ1
2YVAH,2YVAH
JZYS8,JZYS8
SXXKP,SXXKP
KQ84B,KQ84B
NI6S9,NI6S9
71U3P,71U3P
OMDET,OMDET
UMMPL,UMMPL
RNFNY,RNFNY
I30XB,I30XB
HISR6,HISR6
QEDCG,QEDCG
PVCB5,PVCB5
L4SGO,L4SGO
2SE67,2SE67
G44E9,G44E9
9LPOY,9LPOY
WHOWW,WHOWW
0ORVF,0ORVF
2DPP5,2DPP5
C1QID,C1QID
IZQYL,IZQYL
80LUW,80LUW
0LIMZ,0LIMZ
OBSQV,OBSQV
BRT7T,BRT7T
SQ0TT,SQ0TT
22H4D,22H4D
EULSN,EULSN
VB0E5,VB0E5
08MER,08MER
A4X4E,A4X4E
DJQP1,DJQP1
3RKYJ,3RKYJ
5C9OK,5C9OK
M5F4K,M5F4K
N96II,N96II
ISCXC,ISCXC
GMAFX,GMAFX
ER54E,ER54E
D2RCH,D2RCH
ED9LV,ED9LV
VQW6R,VQW6R
GXNJ6,GXNJ6
JI3EL,JI3EL
ONIQP,ONIQP
PS29Y,PS29Y
Y01EJ,Y01EJ
ML9JC,ML9JC
UQWO4,UQWO4
SDNT3,SDNT3
BSHIR,BSHIR
G4TKA,G4TKA
5VGX0,5VGX0
AH1U4,AH1U4
FBQ64,FBQ64
18I3F,18I3F
WHBV2,WHBV2
4DY3U,4DY3U
J420F,J420F
XX1HB,XX1HB
NU7OB,NU7OB
4DP5R,4DP5R
XB537,XB537
IWL9Z,IWL9Z
9RJ5L,9RJ5L
GO7JV,GO7JV
4GY7P,4GY7P
TOJHB,TOJHB
6STFB,6STFB
XRAKK,XRAKK
O2QLU,O2QLU
7KWK5,7KWK5
PA3B5,PA3B5
8QW01,8QW01
344HV,344HV
GZ51V,GZ51V
57U89,57U89
F7PQH,F7PQH
IB05Z,IB05Z
RID19,RID19
QLZJY,QLZJY
DWQHL,DWQHL
89WKI,89WKI
05EZU,05EZU
781JW,781JW
GZ1J9,GZ1J9
T09T6,T09T6
PKV6S,PKV6S
C3HUL,C3HUL
XGVD6,XGVD6
A3R2S,A3R2S
1I2WP,1I2WP
MUM6W,MUM6W
CLQMP,CLQMP
X2CDK,X2CDK
LDMEK,LDMEK
NEO1R,NEO1R
RCHL2,RCHL2
OHRYM,OHRYM
UV3QV,UV3QV
B47XY,B47XY
EFT0K,EFT0K
7QQ9K,7QQ9K
8EVNJ,8EVNJ
X8310,X8310
8VJCP,8VJCP
VNVYG,VNVYG
7BN1N,7BN1N
KYJ3I,KYJ3I
GAPVR,GAPVR
TSQ33,TSQ33
DK0SX,DK0SX
GNANB,GNANB
8K1H0,8K1H0
7CUG3,7CUG3
LTU6Y,LTU6Y
G4062,G4062
5ZSYX,5ZSYX
46D8A,46D8A
PHZXQ,PHZXQ
OVPKL,OVPKL
OS1KD,OS1KD
8BXAJ,8BXAJ
PKFTH,PKFTH
TPM8C,TPM8C
QWPWY,QWPWY
3JVWN,3JVWN
I1QAW,I1QAW
ULT29,ULT29
3VLTL,3VLTL
7S1YT,7S1YT
9N1CA,9N1CA
Q7JTP,Q7JTP
0W0GR,0W0GR
7AOCZ,7AOCZ
QIIY2,QIIY2
R6WBZ,R6WBZ
MLGCU,MLGCU
S0BO9,S0BO9
TRCL0,TRCL0
2GHJF,2GHJF
JZFFG,JZFFG
2TCNC,2TCNC
5VTRT,5VTRT
S81CD,S81CD
JC2I8,JC2I8
CHDYD,CHDYD
XHBKU,XHBKU
REC49,REC49
W24VM,W24VM
1Q08H,1Q08H
I2XX7,I2XX7
7OPGU,7OPGU
U86DQ,U86DQ
KATZ8,KATZ8
DMBQI,DMBQI
Y8F9O,Y8F9O
E3BAA,E3BAA
BFJ78,BFJ78
Z2AOJ,Z2AOJ
6EW2H,6EW2H
560J3,560J3
SOUQI,SOUQI
W2777,W2777
XG8M8,XG8M8
B0YOF,B0YOF
5LGY5,5LGY5
YVJLS,YVJLS
OPG3N,OPG3N
AAL5Y,AAL5Y
DWW0C,DWW0C
LIJTI,LIJTI
AY5RY,AY5RY
LA9UH,LA9UH
0C1I1,0C1I1
T0B4F,T0B4F
MNITW,MNITW
37O53,37O53
6M5DL,6M5DL
C78N2,C78N2
GSNBV,GSNBV
J5OPB,J5OPB
DDZWA,DDZWA
BLLGF,BLLGF
X5GMW,X5GMW
E18ZI,E18ZI
TH8Z6,TH8Z6
LWBER,LWBER
A2KFC,A2KFC
7YK5T,7YK5T
PBJ5T,PBJ5T
T9QWT,T9QWT
MY9OF,MY9OF
FN9WD,FN9WD
GOIDP,GOIDP
Q6BZF,Q6BZF
2NTFJ,2NTFJ
B9TLD,B9TLD
HQ5N5,HQ5N5
RUJ3J,RUJ3J
04IDA,04IDA
5QHHH,5QHHH
SK24G,SK24G
6LRRM,6LRRM
6LCZ1,6LCZ1
4PWJ2,4PWJ2
VUQUP,VUQUP
96JT7,96JT7
ZXOW1,ZXOW1
9GY4M,9GY4M
2D7AC,2D7AC
Z1WDQ,Z1WDQ
F0LZI,F0LZI
AIP4M,AIP4M
JOW1D,JOW1D
2Q502,2Q502
IA8IH,IA8IH
ZB9CV,ZB9CV
AI22V,AI22V
KBC50,KBC50
718S3,718S3
XQ5RL,XQ5RL
N0OWH,N0OWH
AFWCK,AFWCK
HFMKN,HFMKN
GV1RS,GV1RS
CGS5O,CGS5O
AC7HZ,AC7HZ
F0YQE,F0YQE
XAXGY,XAXGY
EKI87,EKI87
XVKVT,XVKVT
YL9U9,YL9U9
M1REL,M1REL
78H2U,78H2U
DLWCP,DLWCP
Z2QQC,Z2QQC
YH0TS,YH0TS
FXK13,FXK13
AGJF0,AGJF0
FMQIB,FMQIB
P3OL8,P3OL8
MXXYB,MXXYB
466N6,466N6
B40MH,B40MH
2MIC7,2MIC7
C2MWE,C2MWE
XN0YH,XN0YH
N7JLO,N7JLO
G5RQ8,G5RQ8
GPU2R,GPU2R
DA18A,DA18A
ZA2KH,ZA2KH
5KIFG,5KIFG
3SOWD,3SOWD
699VI,699VI
JMO6E,JMO6E
BX6LS,BX6LS
6IBCN,6IBCN
918GM,918GM
LUNQX,LUNQX
IPT6Q,IPT6Q
KFCI4,KFCI4
OT2UW,OT2UW
QQ9RF,QQ9RF
4HX2S,4HX2S
20C9M,20C9M
S88ML,S88ML
IW3I0,IW3I0
AN8IR,AN8IR
OH48P,OH48P
5JVRM,5JVRM
QRVBO,QRVBO
W9QVY,W9QVY
FH4BU,FH4BU
OPQIW,OPQIW
00OW1,00OW1
JPNG6,JPNG6
FLYQK,FLYQK
9UWO0,9UWO0
MTDNT,MTDNT
IXKWH,IXKWH
QXJCD,QXJCD
C0NUY,C0NUY
SGW3C,SGW3C
F2WPB,F2WPB
EB2Q7,EB2Q7
DQ3VB,DQ3VB
RX75O,RX75O
W96T4,W96T4
IDR4E,IDR4E
FKB0C,FKB0C
4QLVJ,4QLVJ
WSU8R,WSU8R
ZR6VE,ZR6VE
8IDDQ,8IDDQ
04YT6,04YT6
Q6DOB,Q6DOB
44DN1,44DN1
FARY9,FARY9
4QC92,4QC92
NDCLD,NDCLD
DYO9U,DYO9U
FUPY9,FUPY9
BYOMK,BYOMK
2U4U3,2U4U3
NVO9G,NVO9G
E38DQ,E38DQ
52324,52324
MVI4Q,MVI4Q
9HNSN,9HNSN
BHL7N,BHL7N
889U5,889U5
UIVP6,UIVP6
6Q33R,6Q33R
BE1BU,BE1BU
V28QM,V28QM
NW8J6,NW8J6
K3VYL,K3VYL
VWRNG,VWRNG
S3WEH,S3WEH
WHH37,WHH37
YMBBD,YMBBD
D90XW,D90XW
UUSHG,UUSHG
SL3BF,SL3BF
PTQX3,PTQX3
R2D35,R2D35
WYHWO,WYHWO
SV4ZU,SV4ZU
XRTJD,XRTJD
U4G0G,U4G0G
DWI2J,DWI2J
LU3RK,LU3RK
B841W,B841W
W9PIW,W9PIW
VZ4MW,VZ4MW
7QL1Q,7QL1Q
7O3LV,7O3LV
5CESZ,5CESZ
61CGG,61CGG
1KNL6,1KNL6
02TGY,02TGY
GN0PF,GN0PF
J1EYF,J1EYF
NC5AS,NC5AS
OP0ZU,OP0ZU
5P20H,5P20H
UXUZX,UXUZX
I8AMT,I8AMT
KVN5J,KVN5J
FEX43,FEX43
QTXSO,QTXSO
YKI11,YKI11
PAJWJ,PAJWJ
50LYD,50LYD
YKN4S,YKN4S
KHXJR,KHXJR
0PP3P,0PP3P
YT2I6,YT2I6
F8GGB,F8GGB
A89MI,A89MI
TPH2T,TPH2T
F14MN,F14MN
D11OI,D11OI
GTI3X,GTI3X
6WVN1,6WVN1
8XE9X,8XE9X
G8XLJ,G8XLJ
2MKNA,2MKNA
9T91T,9T91T
ZHLJ8,ZHLJ8
RS0QE,RS0QE
JST8Z,JST8Z
YW5RP,YW5RP
53AW4,53AW4
P5U61,P5U61
KCA80,KCA80
JREIU,JREIU
5FFLM,5FFLM
O3WW4,O3WW4
7C3S3,7C3S3
L0CH1,L0CH1
63KYU,63KYU
ZVNXC,ZVNXC
9NLHI,9NLHI
CPSKS,CPSKS
GN8ZC,GN8ZC
RSZN2,RSZN2
ZFZ8J,ZFZ8J
UIVLO,UIVLO
FZ26H,FZ26H
G4NUA,G4NUA
PCFX1,PCFX1
CGNZJ,CGNZJ
D45WZ,D45WZ
OQBNT,OQBNT
5IETO,5IETO
RFFDI,RFFDI
49QX0,49QX0
EF9OX,EF9OX
QQ61A,QQ61A
3WFCB,3WFCB
PG8F0,PG8F0
QWF79,QWF79
ZN90T,ZN90T
QMUGJ,QMUGJ
I17ZQ,I17ZQ
W5GPG,W5GPG
VMTY0,VMTY0
YXC49,YXC49
23HIL,23HIL
YRGLW,YRGLW
4E18P,4E18P
4PLK9,4PLK9
LJ561,LJ561
S0GIK,S0GIK
E4HFC,E4HFC
9O8ZK,9O8ZK
H1UAQ,H1UAQ
98BHO,98BHO
LZRTC,LZRTC
F0HAO,F0HAO
PSBKH,PSBKH
VB5RL,VB5RL
BXBSY,BXBSY
VP749,VP749
5A6QC,5A6QC
F31H8,F31H8
7UTVN,7UTVN
Z2B0F,Z2B0F
HVF2N,HVF2N
O2HJU,O2HJU
BP2WE,BP2WE
3Z3JD,3Z3JD
F96X7,F96X7
03PNQ,03PNQ
QI9UT,QI9UT
Q2O7C,Q2O7C
8F987,8F987
0RU6I,0RU6I
OH9BF,OH9BF
VPFUY,VPFUY
UKD8U,UKD8U
0JVYH,0JVYH
JPQ5D,JPQ5D
ETKDW,ETKDW
HL9NJ,HL9NJ
EHXLV,EHXLV
I6JWK,I6JWK
LBFHN,LBFHN
N3QB1,N3QB1
GQ415,GQ415
9L9NV,9L9NV
275Q9,275Q9
MRO6M,MRO6M
2FVCC,2FVCC
NWXI7,NWXI7
W1I1P,W1I1P
W0BAM,W0BAM
WFJZV,WFJZV
GGKNS,GGKNS
CERSO,CERSO
VCRNV,VCRNV
6E5K3,6E5K3
Q5D9Z,Q5D9Z
10CCY,10CCY
4L6A2,4L6A2
S5BV0,S5BV0
K40AK,K40AK
7YJZR,7YJZR
1OVV5,1OVV5
KGYCX,KGYCX
J6YG2,J6YG2
9O249,9O249
CHU9L,CHU9L
ADUR6,ADUR6
9WMOO,9WMOO
OO6V5,OO6V5
ENS9J,ENS9J
H20ZM,H20ZM
5NKHJ,5NKHJ
9PASW,9PASW
81MB7,81MB7
MBHIP,MBHIP
68344,68344
KOTNL,KOTNL
EBDKP,EBDKP
7OHPS,7OHPS
LX7NB,LX7NB
9N5YS,9N5YS
BVL22,BVL22
QY9TF,QY9TF
MBVGG,MBVGG
CED91,CED91
7V82Q,7V82Q
D3V01,D3V01
TEHQF,TEHQF
3OUPT,3OUPT
XYF26,XYF26
W9PN6,W9PN6
C0E13,C0E13
K6MC1,K6MC1
PLWHT,PLWHT
6RWLC,6RWLC
NHI9D,NHI9D
YCH3A,YCH3A
H3DTT,H3DTT
Q4ZD4,Q4ZD4
XKV8L,XKV8L
1LDVZ,1LDVZ
7WQF4,7WQF4
CPPMG,CPPMG
LEFMA,LEFMA
6Q7XL,6Q7XL
PV69V,PV69V
WZ60U,WZ60U
4JZ67,4JZ67
0D72H,0D72H
0FQRT,0FQRT
1YPVG,1YPVG
QUP7Y,QUP7Y
S2IL9,S2IL9
ML428,ML428
WANSQ,WANSQ
WUMHL,WUMHL
FW4CL,FW4CL
GP7HV,GP7HV
OKBAW,OKBAW
8C3AN,8C3AN
KSV28,KSV28
EO247,EO247
6COB5,6COB5
SEX3C,SEX3C
L7BCJ,L7BCJ
6TEVG,6TEVG
W7FDS,W7FDS
GH7BX,GH7BX
2PY1Z,2PY1Z
ZYBF7,ZYBF7
QS9QT,QS9QT
QNCJ2,QNCJ2
QNU8A,QNU8A
LUWKL,LUWKL
0RB7K,0RB7K
BI57L,BI57L
O4MAN,O4MAN
9TJY2,9TJY2
UQCD0,UQCD0
1W4W9,1W4W9
7QRG8,7QRG8
RIK8P,RIK8P
Z28A8,Z28A8
3WZ1Q,3WZ1Q
4HQTE,4HQTE
104F2,104F2
0HWHP,0HWHP
HCXFJ,HCXFJ
UO7W6,UO7W6
26JG0,26JG0
QY86R,QY86R
GVACQ,GVACQ
MXIEH,MXIEH
15S3Q,15S3Q
9X26N,9X26N
86H1Y,86H1Y
SPWQN,SPWQN
68LID,68LID
0JXP8,0JXP8
2WIMC,2WIMC
5D2QX,5D2QX
I1EC3,I1EC3
3GL4L,3GL4L
IYQS4,IYQS4
CFUZA,CFUZA
2DUWR,2DUWR
RFSBA,RFSBA
L6A0U,L6A0U
5JFDM,5JFDM
QZJC2,QZJC2
D6SAN,D6SAN
O4TMU,O4TMU
5N0XA,5N0XA
8P94H,8P94H
K59YQ,K59YQ
TGJ82,TGJ82
RNHWE,RNHWE
VSX9L,VSX9L
VJ4WB,VJ4WB
4YT61,4YT61
Z75GW,Z75GW
FQLVP,FQLVP
J5CIE,J5CIE
3SB6J,3SB6J
OA9OX,OA9OX
A4PF1,A4PF1
8VJHH,8VJHH
ZEIT8,ZEIT8
UBHBT,UBHBT
PUMOD,PUMOD
URE8N,URE8N
Z470M,Z470M
5W9QQ,5W9QQ
7BC2F,7BC2F
ABP4N,ABP4N
OIDTK,OIDTK
HSANQ,HSANQ
QD1IH,QD1IH
EE3FK,EE3FK
KV25W,KV25W
JK2CH,JK2CH
5233F,5233F
W85N8,W85N8
TQH9S,TQH9S
AOTAN,AOTAN
8VB99,8VB99
DLLIR,DLLIR
IGT4K,IGT4K
482CH,482CH
SKLCD,SKLCD
3Z2YR,3Z2YR
8A44N,8A44N
7HGIK,7HGIK
I1TOD,I1TOD
VONXX,VONXX
XOJE5,XOJE5
6B5FE,6B5FE
9UXAO,9UXAO
3TKPJ,3TKPJ
VQRRW,VQRRW
FSZDT,FSZDT
K2Z2N,K2Z2N
2IFMB,2IFMB
WP7BF,WP7BF
MBDR3,MBDR3
35FFY,35FFY
8KCUC,8KCUC
07RAI,07RAI
LAEGW,LAEGW
7JGRE,7JGRE
DLKUS,DLKUS
6F2CZ,6F2CZ
E991A,E991A
QS5EV,QS5EV
EDTYK,EDTYK
0KDES,0KDES
FQAOQ,FQAOQ
3C1Y9,3C1Y9
TDG9C,TDG9C
APHBC,APHBC
4U0R0,4U0R0
0LSL0,0LSL0
40367,40367
LIUGL,LIUGL
ISBH7,ISBH7
CZ48L,CZ48L
97GOW,97GOW
X0MJD,X0MJD
11CZZ,11CZZ
8TVLT,8TVLT
6QJM8,6QJM8
0VBCQ,0VBCQ
38FAQ,38FAQ
XC7PJ,XC7PJ
UNC5Z,UNC5Z
4BCXF,4BCXF
OPD74,OPD74
CFM15,CFM15
YAIH8,YAIH8
HVI12,HVI12
TS8AX,TS8AX
HBC2D,HBC2D
1OR2Y,1OR2Y
T8KO7,T8KO7
WOOXG,WOOXG
JGDTI,JGDTI
8HUCW,8HUCW
1C4RC,1C4RC
9GD1S,9GD1S
TMVS1,TMVS1
SEOB4,SEOB4
1D0VC,1D0VC
IPV4C,IPV4C
UC328,UC328
83H1N,83H1N
2EZ16,2EZ16
3JWYR,3JWYR
IUNNR,IUNNR
4I381,4I381
SY26R,SY26R
DL6BV,DL6BV
7XJEY,7XJEY
8X5OX,8X5OX
4DSOY,4DSOY
LSW0R,LSW0R
K3WPC,K3WPC
SMCPM,SMCPM
8QJTA,8QJTA
D7G3T,D7G3T
3Z2B8,3Z2B8
4Q4DK,4Q4DK
70KMQ,70KMQ
X7JX9,X7JX9
UK3OV,UK3OV
ZPCFE,ZPCFE
I935E,I935E
CZZ5A,CZZ5A
7SDL6,7SDL6
9LJPT,9LJPT
AHBZN,AHBZN
EYT8E,EYT8E
8GCXB,8GCXB
R9V5F,R9V5F
Q223Q,Q223Q
SNMM1,SNMM1
4CRLV,4CRLV
N40GN,N40GN
3DWHI,3DWHI
7GABG,7GABG
LOA9W,LOA9W
CN858,CN858
HPQSS,HPQSS
DFT8A,DFT8A
6M1Y3,6M1Y3
5LOBP,5LOBP
RJK6A,RJK6A
F8DO0,F8DO0
Q23GE,Q23GE
Q4K71,Q4K71
9O8M4,9O8M4
6CCJ6,6CCJ6
85CIF,85CIF
MKS5N,MKS5N
LITEB,LITEB
U4P79,U4P79
HHDAB,HHDAB
3MEU8,3MEU8
D3944,D3944
D1SLL,D1SLL
QM4Y8,QM4Y8
LPP9Q,LPP9Q
57TDS,57TDS
O2HVW,O2HVW
S1QS0,S1QS0
IW66L,IW66L
PNXOJ,PNXOJ
U7NES,U7NES
AF2G8,AF2G8
5RVBW,5RVBW
K6GVG,K6GVG
H0AOF,H0AOF
6V3GP,6V3GP
H6O8R,H6O8R
72TWM,72TWM
0QF3N,0QF3N
9NBZ2,9NBZ2
QHQJP,QHQJP
263U7,263U7
1KCMN,1KCMN
BFEJ7,BFEJ7
MQ36N,MQ36N
I320V,I320V
ZXTCW,ZXTCW
BMYF5,BMYF5
YRLV4,YRLV4
2MWKQ,2MWKQ
H9XZD,H9XZD
YTC1M,YTC1M
90G3Q,90G3Q
VCWDS,VCWDS
3ZCDC,3ZCDC
8IV4V,8IV4V
4ASAW,4ASAW
DVLIP,DVLIP
8DW26,8DW26
FAO13,FAO13
ES9O8,ES9O8
0RSLX,0RSLX
9BN71,9BN71
9EM0O,9EM0O
UE23Q,UE23Q
ZB10C,ZB10C
8VJ0E,8VJ0E
T0XW4,T0XW4
3T10Q,3T10Q
31PI5,31PI5
2KNUG,2KNUG
MQSNU,MQSNU
Z3NSO,Z3NSO
E81PK,E81PK
9DSON,9DSON
OZLJB,OZLJB
Y03NM,Y03NM
1K6HU,1K6HU
HHQ7Q,HHQ7Q
EDRDM,EDRDM
LCYF9,LCYF9
H6ILA,H6ILA
BMW7D,BMW7D
L64LF,L64LF
58QUT,58QUT
06J27,06J27
4DEDV,4DEDV
K0JT2,K0JT2
AWG9Y,AWG9Y
YPWD3,YPWD3
9AGPR,9AGPR
PZ8MD,PZ8MD
6RT07,6RT07
M97V2,M97V2
YZPV2,YZPV2
R9SA2,R9SA2
CXQOL,CXQOL
XQKC6,XQKC6
6AD8V,6AD8V
OTWBA,OTWBA
P2DPA,P2DPA
27I2L,27I2L
468TJ,468TJ
WBQPW,WBQPW
B0PKL,B0PKL
ZH02Z,ZH02Z
CRJKB,CRJKB
II1Y2,II1Y2
GMV7J,GMV7J
IAIR9,IAIR9
582KU,582KU
4DFYH,4DFYH
CUOKX,CUOKX
5V9EH,5V9EH
9I5SZ,9I5SZ
W8R6Z,W8R6Z
LBTPS,LBTPS
WH3AH,WH3AH
8WLNJ,8WLNJ
AKD87,AKD87
MXF4H,MXF4H
8KDUD,8KDUD
KNE7I,KNE7I
OEK59,OEK59
WHJMP,WHJMP
BNZGS,BNZGS
IRU2T,IRU2T
Q499S,Q499S
O7WQB,O7WQB
6XWQK,6XWQK
3JQQO,3JQQO
YYYJF,YYYJF
UX8ZF,UX8ZF
0N8M1,0N8M1
VGK6J,VGK6J
46BFQ,46BFQ
IF0MK,IF0MK
46KZE,46KZE
WK3GI,WK3GI
N7Y6K,N7Y6K
NAY2U,NAY2U
ROZY2,ROZY2
GWS4B,GWS4B
O0VTC,O0VTC
PO598,PO598
QHZQF,QHZQF
XSA1O,XSA1O
69WZS,69WZS
UQ07X,UQ07X
V7K99,V7K99
2N474,2N474
0H8EC,0H8EC
AFEY8,AFEY8
AQIMR,AQIMR
2IQI5,2IQI5
Z46FV,Z46FV
OT0Y4,OT0Y4
SBMP3,SBMP3
STW5I,STW5I
PI7QW,PI7QW
OMZNK,OMZNK
YFCJP,YFCJP
RPH9K,RPH9K
9GQR5,9GQR5
99VE1,99VE1
K1NWN,K1NWN
WLO8I,WLO8I
3Y13M,3Y13M
R9T1T,R9T1T
QZP96,QZP96
F4O77,F4O77
MYK8L,MYK8L
7QLXL,7QLXL
SUDRH,SUDRH
EJSSY,EJSSY
SB54F,SB54F
IEX8Y,IEX8Y
NQ481,NQ481
QHNU6,QHNU6
O8EW4,O8EW4
NGJ42,NGJ42
GLSDS,GLSDS
4HJ5H,4HJ5H
4U607,4U607
HG2W3,HG2W3
BPN53,BPN53
2K830,2K830
IEKM2,IEKM2
O7O91,O7O91
TMQ4X,TMQ4X
0F33O,0F33O
YPYPG,YPYPG
0VAEP,0VAEP
RPQJB,RPQJB
GHJZD,GHJZD
J037L,J037L
H05VC,H05VC
7TB30,7TB30
KRILD,KRILD
3AGOS,3AGOS
QV7HA,QV7HA
7DTFY,7DTFY
1OR3I,1OR3I
C44SG,C44SG
MUOB2,MUOB2
SQ05J,SQ05J
NOG5U,NOG5U
I00TX,I00TX
CW2A9,CW2A9
IZJUK,IZJUK
IFD5X,IFD5X
53QME,53QME
OC58D,OC58D
YPVW3,YPVW3
GOGZM,GOGZM
9UQT7,9UQT7
32EF6,32EF6
COCXW,COCXW
GCFTC,GCFTC
VNMNU,VNMNU
26T1D,26T1D
4164Y,4164Y
KA1TP,KA1TP
IOPBL,IOPBL
HUFO9,HUFO9
9AJVW,9AJVW
CKXW2,CKXW2
1X0QV,1X0QV
OV0Z9,OV0Z9
ZCQ16,ZCQ16
MDMP8,MDMP8
7G40O,7G40O
3O2NW,3O2NW
MPKU3,MPKU3
LQJZD,LQJZD
OJAM0,OJAM0
ABZUC,ABZUC
UBRD3,UBRD3
BAMGW,BAMGW
8Q34K,8Q34K
366EP,366EP
OHAOR,OHAOR
LCJQN,LCJQN
U7XMV,U7XMV
HLB1J,HLB1J
Y6WV8,Y6WV8
CW41G,CW41G
05KWK,05KWK
RXKU5,RXKU5
VHZ1Z,VHZ1Z
ITILZ,ITILZ
G3JDL,G3JDL
0VI3R,0VI3R
R0JX0,R0JX0
39Y5Z,39Y5Z
45OTY,45OTY
3NZ8D,3NZ8D
JOH2E,JOH2E
UNSND,UNSND
Z3VTC,Z3VTC
SMFAJ,SMFAJ
99D9N,99D9N
10G8L,10G8L
YBLR6,YBLR6
J2MAB,J2MAB
41VPE,41VPE
FC5CH,FC5CH
325MZ,325MZ
3WI03,3WI03
BOEXZ,BOEXZ
NQEX8,NQEX8
UWAXL,UWAXL
2CYR4,2CYR4
4GIIA,4GIIA
SU84W,SU84W
LL1PI,LL1PI
Y46CQ,Y46CQ
PTP67,PTP67
3MVVN,3MVVN
0KHT9,0KHT9
RVU92,RVU92
VBJ1W,VBJ1W
00OE1,00OE1
P9QTA,P9QTA
7XZ1V,7XZ1V
XQAN7,XQAN7
1FRPA,1FRPA
1UXIO,1UXIO
6NGN0,6NGN0
UJY3W,UJY3W
E5G0H,E5G0H
W561T,W561T
TA0M1,TA0M1
MMLOX,MMLOX
NT8PN,NT8PN
G2F84,G2F84
TCEV7,TCEV7
SX2KU,SX2KU
Z82BR,Z82BR
TFIHO,TFIHO
NBTH4,NBTH4
UTTDP,UTTDP
AR32F,AR32F
SH92D,SH92D
D939N,D939N
N6KPV,N6KPV
QB75A,QB75A
03DGL,03DGL
SRTUV,SRTUV
SLU4Q,SLU4Q
NJDKE,NJDKE
0SS92,0SS92
J9IP7,J9IP7
YKVDR,YKVDR
N7PYF,N7PYF
HYFU8,HYFU8
MRIMF,MRIMF
XK5GF,XK5GF
RXOG7,RXOG7
VT8OE,VT8OE
PC88Y,PC88Y
AMTJ0,AMTJ0
00BAT,00BAT
YZS6K,YZS6K
NH9OF,NH9OF
9ULKO,9ULKO
ZSBIP,ZSBIP
JT7ST,JT7ST
OR0T5,OR0T5
6OZTI,6OZTI
JT6ZK,JT6ZK
UAO8O,UAO8O
I4WY7,I4WY7
DWWPS,DWWPS
W66SU,W66SU
YE8FM,YE8FM
Z22EG,Z22EG
OVJVH,OVJVH
9F7HL,9F7HL
TWLNQ,TWLNQ
XGNJO,XGNJO
BR7JF,BR7JF
G6X2S,G6X2S
2ZERA,2ZERA
EFZAO,EFZAO
NATNU,NATNU
5XJAB,5XJAB
6M77Q,6M77Q
R1T76,R1T76
Y3BD3,Y3BD3
4BGJE,4BGJE
7AL7M,7AL7M
88Y76,88Y76
5EDAH,5EDAH
BB5O8,BB5O8
DMNHL,DMNHL
T79P7,T79P7
8I5QY,8I5QY
0RSDH,0RSDH
9C4PY,9C4PY
HGQUT,HGQUT
47YMW,47YMW
8SGWZ,8SGWZ
O042U,O042U
S95SE,S95SE
0PCO5,0PCO5
YC2CK,YC2CK
J2U12,J2U12
27FVZ,27FVZ
ZWPQQ,ZWPQQ
6MMCN,6MMCN
8P2L9,8P2L9
GAKS3,GAKS3
SEGP3,SEGP3
222AR,222AR
KTDIG,KTDIG
RAVLE,RAVLE
QCI0O,QCI0O
6GUTM,6GUTM
8L6KQ,8L6KQ
DP8WW,DP8WW
0IKYN,0IKYN
H5K0W,H5K0W
T0U9B,T0U9B
DC239,DC239
DQ9HK,DQ9HK
IA9P1,IA9P1
1GEQB,1GEQB
L4EAI,L4EAI
8MK60,8MK60
H3A6F,H3A6F
NYXVO,NYXVO
6B6R5,6B6R5
APYKU,APYKU
B3G4D,B3G4D
Y83H6,Y83H6
6QPNK,6QPNK
9GRMC,9GRMC
KSCII,KSCII
4RO68,4RO68
LAP1H,LAP1H
WYE0O,WYE0O
VYX9Q,VYX9Q
G1Q9K,G1Q9K
UTXTR,UTXTR
JGTMX,JGTMX
BQF1N,BQF1N
PFXZH,PFXZH
6J3KJ,6J3KJ
79CMU,79CMU
HM6VN,HM6VN
1VVHR,1VVHR
U25MZ,U25MZ
Q9L5B,Q9L5B
YGKMH,YGKMH
33LEU,33LEU
HSM8B,HSM8B
IG3YA,IG3YA
AVHCE,AVHCE
JW73T,JW73T
KJTY8,KJTY8
ZWVCH,ZWVCH
YDXH5,YDXH5
AUZ5V,AUZ5V
AWWNZ,AWWNZ
DJ1PZ,DJ1PZ
PSTG6,PSTG6
IGKBY,IGKBY
SWAZS,SWAZS
93JMA,93JMA
P3J2W,P3J2W
BJ7EN,BJ7EN
7KC96,7KC96
HTVZ7,HTVZ7
9C5W2,9C5W2
GYOYY,GYOYY
RBUNX,RBUNX
TMXDQ,TMXDQ
1TX2Y,1TX2Y
JL4FH,JL4FH
3K47S,3K47S
QH45A,QH45A
NACMC,NACMC
WXS4U,WXS4U
FH75X,FH75X
85S5N,85S5N
0IMA6,0IMA6
X5QIW,X5QIW
YJFOY,YJFOY
HEUNT,HEUNT
D3FXA,D3FXA
4N67T,4N67T
TCOLE,TCOLE
JRSHW,JRSHW
H7QBM,H7QBM
8EA4V,8EA4V
PQB9X,PQB9X
4RXFI,4RXFI
W4FK1,W4FK1
DUAUL,DUAUL
N621R,N621R
HRW6U,HRW6U
0OUDU,0OUDU
ZF5OD,ZF5OD
NA0J4,NA0J4
IUP9C,IUP9C
PT2L2,PT2L2
UM74N,UM74N
VHY01,VHY01
QAQEM,QAQEM
GDDOD,GDDOD
4O73S,4O73S
T3YV4,T3YV4
B1UXX,B1UXX
XTDYJ,XTDYJ
JOL2J,JOL2J
VR4PI,VR4PI
P7W8F,P7W8F
GUNRE,GUNRE
FKWC2,FKWC2
7UGPH,7UGPH
9XI9M,9XI9M
XQETH,XQETH
NV6BY,NV6BY
M919L,M919L
A8TEQ,A8TEQ
5DB2Z,5DB2Z
WYZS5,WYZS5
SS58D,SS58D
85T55,85T55
6RD24,6RD24
448VW,448VW
N5UAV,N5UAV
1RKMF,1RKMF
ZPXG5,ZPXG5
559YY,559YY
ONTPF,ONTPF
J5Z8C,J5Z8C
G97E0,G97E0
13RU5,13RU5
GQ8DX,GQ8DX
7M80M,7M80M
UCE6S,UCE6S
0QFOS,0QFOS
SMZ0X,SMZ0X
HSSLO,HSSLO
U7ASS,U7ASS
OHHWN,OHHWN
37ITL,37ITL
CO126,CO126
NGS3P,NGS3P
IJXBL,IJXBL
T9VSN,T9VSN
BRBTC,BRBTC
QCUJ0,QCUJ0
RWZL6,RWZL6
79O6Q,79O6Q
C1Q44,C1Q44
JBR1X,JBR1X
H7961,H7961
LT0YB,LT0YB
GRCXJ,GRCXJ
3WRWH,3WRWH
KU9DQ,KU9DQ
YT6L9,YT6L9
TZUQN,TZUQN
V1F49,V1F49
J36E2,J36E2
KIO61,KIO61
K5LRQ,K5LRQ
KTPQ1,KTPQ1
Z3KMC,Z3KMC
QO6XX,QO6XX
LPTEH,LPTEH
P98JC,P98JC
R58M3,R58M3
L5N14,L5N14
H29IZ,H29IZ
CUZEB,CUZEB
TKQ83,TKQ83
8CJ96,8CJ96
TAZT0,TAZT0
JJV6L,JJV6L
RR4JY,RR4JY
T2Z6T,T2Z6T
CS1AB,CS1AB
0BHD8,0BHD8
GJY54,GJY54
SYG5O,SYG5O
EY0MC,EY0MC
JOBKL,JOBKL
8C4NL,8C4NL
5MVBU,5MVBU
WI34D,WI34D
2O0F4,2O0F4
RVRV7,RVRV7
3T8LS,3T8LS
WLQMT,WLQMT
JAIM4,JAIM4
Q38E7,Q38E7
IEV4B,IEV4B
9FPJO,9FPJO
QKGH4,QKGH4
GMPEG,GMPEG
LXBDA,LXBDA
BH5DF,BH5DF
E7ONJ,E7ONJ
77M69,77M69
8NIHN,8NIHN
GDVFL,GDVFL
EDOG8,EDOG8
I6VYY,I6VYY
3OIEU,3OIEU
R7B85,R7B85
S8PUI,S8PUI
T821M,T821M
GDC1H,GDC1H
YE1TN,YE1TN
OPQKU,OPQKU
RRYZV,RRYZV
8HUO0,8HUO0
36FFW,36FFW
QFGQZ,QFGQZ
1K1WR,1K1WR
1DK3T,1DK3T
NMMDT,NMMDT
5MP6F,5MP6F
O6RTQ,O6RTQ
BPJYY,BPJYY
F2TYT,F2TYT
2XWM5,2XWM5
X2YR3,X2YR3
WHB5Z,WHB5Z
OQML3,OQML3
FZ82S,FZ82S
X45MV,X45MV
BCB4D,BCB4D
PNLIF,PNLIF
UNDRY,UNDRY
BKP4B,BKP4B
8QLXI,8QLXI
V10BC,V10BC
AE9H4,AE9H4
SDSNE,SDSNE
99DL1,99DL1
BL3EK,BL3EK
S2NXQ,S2NXQ
J4QX4,J4QX4
O0E6S,O0E6S
QBJ09,QBJ09
5I816,5I816
7ET69,7ET69
58V5I,58V5I
Z1IO3,Z1IO3
TWWKW,TWWKW
296C7,296C7
91T7T,91T7T
8CLSV,8CLSV
3YEH5,3YEH5
NOS3E,NOS3E
MQEK0,MQEK0
KYC2K,KYC2K
DD2ZJ,DD2ZJ
O77XT,O77XT
OKUJ0,OKUJ0
OXQD1,OXQD1
C5QDY,C5QDY
F1MSP,F1MSP
WV00V,WV00V
WJ8NI,WJ8NI
II6M5,II6M5
BQDCT,BQDCT
MEV8Q,MEV8Q
9TXVI,9TXVI
WEP8I,WEP8I
K3DVN,K3DVN
TVI2T,TVI2T
6469E,6469E
PBYBD,PBYBD
4KZSD,4KZSD
WVZHR,WVZHR
AQFVV,AQFVV
YP8GW,YP8GW
4G5SH,4G5SH
XV3A1,XV3A1
KERWN,KERWN
F7XU3,F7XU3
YK87I,YK87I
3344R,3344R
TPE7W,TPE7W
DG5MH,DG5MH
OWVHR,OWVHR
0EQI4,0EQI4
4TQ6X,4TQ6X
N63OW,N63OW
NBHBU,NBHBU
I7HGG,I7HGG
841DH,841DH
M53BP,M53BP
JZGF0,JZGF0
XQ1KC,XQ1KC
K8HMF,K8HMF
BVYKE,BVYKE
IHI8C,IHI8C
CMPO0,CMPO0
2RNMA,2RNMA
Y3PMP,Y3PMP
SCZ44,SCZ44
XA8VY,XA8VY
G7BOU,G7BOU
PDHX8,PDHX8
DVF44,DVF44
8XFN4,8XFN4
CWS0F,CWS0F
QHYGS,QHYGS
A7VXU,A7VXU
MA8O6,MA8O6
5EQBF,5EQBF
KQ3OZ,KQ3OZ
LCMFI,LCMFI
4IVDI,4IVDI
WSRQ6,WSRQ6
SXJJL,SXJJL
RFWH1,RFWH1
F0GEJ,F0GEJ
HXWLB,HXWLB
N17GC,N17GC
FIFDY,FIFDY
5KIFO,5KIFO
VV4X2,VV4X2
M55GB,M55GB
E0YJ6,E0YJ6
LC18J,LC18J
8PSA3,8PSA3
P12FM,P12FM
B2QP5,B2QP5
VOJVX,VOJVX
RD9FZ,RD9FZ
1NUOL,1NUOL
AA755,AA755
BCRCF,BCRCF
J7N6D,J7N6D
5FWVA,5FWVA
N2G2N,N2G2N
LXCED,LXCED
AB6MZ,AB6MZ
CMTY7,CMTY7
YC2T1,YC2T1
5CQT9,5CQT9
WX8MP,WX8MP
3XQH8,3XQH8
UPOX3,UPOX3
F3WON,F3WON
HZRW9,HZRW9
YQRGR,YQRGR
RPCRL,RPCRL
BH3KS,BH3KS
JS04R,JS04R
COEBT,COEBT
23TVD,23TVD
JU7VY,JU7VY
I2J24,I2J24
QK5W8,QK5W8
IEPDV,IEPDV
DLC7O,DLC7O
VBNF2,VBNF2
53FSG,53FSG
V6QCH,V6QCH
05AAR,05AAR
B1NND,B1NND
7OLFT,7OLFT
541CX,541CX
22810,2281
ZVUU0,ZVUU0
5K34E,5K34E
PDL9P,PDL9P
VUILD,VUILD
JFHRI,JFHRI
KG4HS,KG4HS
F09N2,F09N2
INUYI,INUYI
RZR0H,RZR0H
1T9IN,1T9IN
8AQ30,8AQ30
EPX24,EPX24
0KN9L,0KN9L
Q83Z2,Q83Z2
R8QOL,R8QOL
WM6FU,WM6FU
C1ZAJ,C1ZAJ
Y2NMC,Y2NMC
Q1Y9X,Q1Y9X
JRVA4,JRVA4
WRNGM,WRNGM
WG8D7,WG8D7
7WJ7D,7WJ7D
SMJLT,SMJLT
BXDFD,BXDFD
CZNYH,CZNYH
ALQFW,ALQFW
U01PP,U01PP
RO1UU,RO1UU
SRVEB,SRVEB
WGFUJ,WGFUJ
OT0N3,OT0N3
WYIOS,WYIOS
DS5IL,DS5IL
2DKBI,2DKBI
5LWPE,5LWPE
8VIA5,8VIA5
5T287,5T287
VPJU0,VPJU0
LEHTO,LEHTO
2VJV1,2VJV1
WS8YL,WS8YL
IAS21,IAS21
VVCH1,VVCH1
DU62W,DU62W
AN35O,AN35O
NGOXE,NGOXE
0NLIE,0NLIE
22J0O,22J0O
NN3HH,NN3HH
K9760,K9760
M19IQ,M19IQ
BCGCA,BCGCA
TO6UZ,TO6UZ
72IBF,72IBF
VHSQN,VHSQN
9F4TE,9F4TE
EJ0QP,EJ0QP
OME3N,OME3N
YOV39,YOV39
9QKN1,9QKN1
LONIQ,LONIQ
ZQHUT,ZQHUT
3TMPQ,3TMPQ
I4HFB,I4HFB
61OB8,61OB8
MY4GQ,MY4GQ
2MPT5,2MPT5
W5ZHT,W5ZHT
X43JM,X43JM
FFVRS,FFVRS
DW9JY,DW9JY
62D5D,62D5D
P755H,P755H
M9BZC,M9BZC
TKPEQ,TKPEQ
82BCV,82BCV
U22AT,U22AT
DCJ87,DCJ87
IUZP6,IUZP6
QDQBP,QDQBP
4X60P,4X60P
Z4H6F,Z4H6F
FX2AE,FX2AE
TFFAS,TFFAS
F8I10,F8I10
1BKBC,1BKBC
YJZ82,YJZ82
N4ILM,N4ILM
B2YN8,B2YN8
KE2M8,KE2M8
F9B4P,F9B4P
Z43AL,Z43AL
HL8CS,HL8CS
A3EYK,A3EYK
WI9TO,WI9TO
3D28U,3D28U
CSCOP,CSCOP
FAJQE,FAJQE
2YI9Z,2YI9Z
DTKN4,DTKN4
X6ROF,X6ROF
1F1WL,1F1WL
NIJYS,NIJYS
J7RYC,J7RYC
QN7YC,QN7YC
V9O69,V9O69
VKVX0,VKVX0
4IOC8,4IOC8
WIY2N,WIY2N
FNLRM,FNLRM
OLHT3,OLHT3
J7D0K,J7D0K
WZ3AY,WZ3AY
ODSYO,ODSYO
AWFL5,AWFL5
E4DIT,E4DIT
4LYH9,4LYH9
Z783Y,Z783Y
ZCITN,ZCITN
VACFW,VACFW
2GTTX,2GTTX
HXOXC,HXOXC
E5QHZ,E5QHZ
4VRLN,4VRLN
KPDLU,KPDLU
TUDNA,TUDNA
7PNOD,7PNOD
2MSSI,2MSSI
YPVQZ,YPVQZ
UDB3T,UDB3T
YAHDI,YAHDI
SBFLD,SBFLD
XFBIC,XFBIC
YEW4N,YEW4N
GB0O0,GB0O0
5C718,5C718
0SS89,0SS89
DNI1O,DNI1O
B0UK0,B0UK0
PEIY6,PEIY6
D8239,D8239
LR6GN,LR6GN
K3DHW,K3DHW
CYTTU,CYTTU
NQTM7,NQTM7
V8DQ4,V8DQ4
8FEUD,8FEUD
PR0YN,PR0YN
IOM9K,IOM9K
MBVXK,MBVXK
VJJ9K,VJJ9K
R2FQE,R2FQE
TZE6V,TZE6V
F1NRT,F1NRT
347YB,347YB
3WKL1,3WKL1
VNITA,VNITA
VOYQX,VOYQX
RY9WW,RY9WW
LUYFF,LUYFF
E7WX3,E7WX3
BWEMW,BWEMW
8ZMAZ,8ZMAZ
3IJL4,3IJL4
3WHBP,3WHBP
SQ1RX,SQ1RX
D6AI7,D6AI7
HZYJ1,HZYJ1
Z4TWL,Z4TWL
TTCW1,TTCW1
OOEXV,OOEXV
74LMM,74LMM
WJPOR,WJPOR
JWWD8,JWWD8
C6O4S,C6O4S
9P9PD,9P9PD
I9E9D,I9E9D
LVOC5,LVOC5
JAW5I,JAW5I
4F4TW,4F4TW
QFJGT,QFJGT
ALFQB,ALFQB
ID7N2,ID7N2
X0K5Q,X0K5Q
E90AC,E90AC
4L5H2,4L5H2
L1L2Z,L1L2Z
DGU5K,DGU5K
DS3SO,DS3SO
Y12AW,Y12AW
IQH87,IQH87
WG701,WG701
RO8EU,RO8EU
PZ0RW,PZ0RW
LVFGT,LVFGT
FQHHE,FQHHE
B64E3,B64E3
NYUD6,NYUD6
VH8OI,VH8OI
E7JKN,E7JKN
QUCCU,QUCCU
OV87A,OV87A
ETOGQ,ETOGQ
OKN5K,OKN5K
3C4MN,3C4MN
1YZ2F,1YZ2F
TIOI2,TIOI2
RJO1B,RJO1B
CLMX5,CLMX5
UN8CO,UN8CO
0DODR,0DODR
E7MS4,E7MS4
IPULN,IPULN
3H8Q2,3H8Q2
C0JZ9,C0JZ9
X8E18,X8E18
JPZ1P,JPZ1P
ICRM1,ICRM1
JQOSF,JQOSF
4CTNM,4CTNM
77CZE,77CZE
6W85D,6W85D
1VJ90,1VJ90
L9VOS,L9VOS
GI38J,GI38J
3GIJO,3GIJO
XL7HK,XL7HK
JOOO1,JOOO1
VX11Q,VX11Q
JQDF5,JQDF5
VNLGD,VNLGD
VYBX6,VYBX6
RTD65,RTD65
M7SWW,M7SWW
39DLJ,39DLJ
J0FHH,J0FHH
RUTA5,RUTA5
IXGYZ,IXGYZ
1S9AQ,1S9AQ
BBSTH,BBSTH
BVLCF,BVLCF
8ODBC,8ODBC
FSB4P,FSB4P
QV13W,QV13W
P0HAS,P0HAS
9KKJ5,9KKJ5
TJD52,TJD52
CNUV1,CNUV1
TMRF5,TMRF5
ZMDCE,ZMDCE
LC6J5,LC6J5
M34VW,M34VW
B6DPW,B6DPW
6L753,6L753
Z51VN,Z51VN
NOD81,NOD81
W6HSF,W6HSF
VGBV4,VGBV4
T2OLB,T2OLB
4AOTK,4AOTK
RJAWB,RJAWB
VBLC3,VBLC3
15WCQ,15WCQ
Y5SI2,Y5SI2
H5JS4,H5JS4
BL79R,BL79R
EG462,EG462
EO2HM,EO2HM
D0PMH,D0PMH
1YQ8L,1YQ8L
0NCA7,0NCA7
FM1N3,FM1N3
3V20W,3V20W
5HT5N,5HT5N
1WME0,1WME0
CNGCB,CNGCB
ADOYG,ADOYG
98VZF,98VZF
VUAUC,VUAUC
S7PBN,S7PBN
FTF9V,FTF9V
7EB45,7EB45
H3MHX,H3MHX
PG2UX,PG2UX
B3I54,B3I54
QV83D,QV83D
PYVMA,PYVMA
L91BD,L91BD
2FMLL,2FMLL
IVTEI,IVTEI
RDXHU,RDXHU
KZJH3,KZJH3
FZLF5,FZLF5
60WE6,60WE6
0N2KK,0N2KK
TKE5S,TKE5S
P41QQ,P41QQ
44ZOP,44ZOP
JQXKT,JQXKT
G9DWV,G9DWV
BTUMZ,BTUMZ
1SQR8,1SQR8
MYOC8,MYOC8
2LKVH,2LKVH
F58Z7,F58Z7
LFD6I,LFD6I
H544R,H544R
PYH21,PYH21
ZU3M8,ZU3M8
A0XT1,A0XT1
XWFFT,XWFFT
EAVFS,EAVFS
LIL62,LIL62
1FGFD,1FGFD
LL2M9,LL2M9
41KKO,41KKO
2U389,2U389
NEHVC,NEHVC
2OZNB,2OZNB
5YPAN,5YPAN
MQOY2,MQOY2
L1V4T,L1V4T
D5313,D5313
6IUVY,6IUVY
Z9233,Z9233
J6K1I,J6K1I
H8L60,H8L60
HUICZ,HUICZ
KOLJS,KOLJS
C8YQ0,C8YQ0
H7R0P,H7R0P
KHTGR,KHTGR
WAZ8J,WAZ8J
MLXTH,MLXTH
OTUWO,OTUWO
8BVBO,8BVBO
BQDWE,BQDWE
RT752,RT752
RXEAF,RXEAF
CUI54,CUI54
MCNRM,MCNRM
13Q62,13Q62
5P1K1,5P1K1
JUT3Y,JUT3Y
1MDGI,1MDGI
P6A4O,P6A4O
GMNVF,GMNVF
OCB0Q,OCB0Q
PS3MM,PS3MM
8DIFE,8DIFE
PNYQC,PNYQC
FIUZF,FIUZF
GNYKR,GNYKR
Q5TY2,Q5TY2
ZIFCH,ZIFCH
ACY0P,ACY0P
PB3TX,PB3TX
22FA4,22FA4
UTGTT,UTGTT
A0IUM,A0IUM
QEHHQ,QEHHQ
6I3N7,6I3N7
8C22H,8C22H
BVSOY,BVSOY
EM7CK,EM7CK
R87H0,R87H0
GE2BR,GE2BR
CO0Q8,CO0Q8
F44C8,F44C8
XY95E,XY95E
3KVNB,3KVNB
M6AWS,M6AWS
2DAF5,2DAF5
PLPTG,PLPTG
LGSN3,LGSN3
XLLQ5,XLLQ5
NTASQ,NTASQ
J1QQ6,J1QQ6
3QHGF,3QHGF
UA16E,UA16E
GCW88,GCW88
8X8U0,8X8U0
5XY0I,5XY0I
ZW3NZ,ZW3NZ
7DGS5,7DGS5
2L6FG,2L6FG
66RM5,66RM5
GG9EC,GG9EC
S4I4I,S4I4I
EW89J,EW89J
PCFZY,PCFZY
KU9LB,KU9LB
54UGW,54UGW
9EICA,9EICA
8WVZW,8WVZW
K1BTW,K1BTW
T1QJW,T1QJW
3QAK0,3QAK0
NHTXK,NHTXK
S3LI9,S3LI9
EF42O,EF42O
LWOWJ,LWOWJ
MCHFX,MCHFX
29SI6,29SI6
YE54M,YE54M
HDWCH,HDWCH
GKES3,GKES3
3XAQT,3XAQT
BDS84,BDS84
UN25T,UN25T
WX81E,WX81E
58KHX,58KHX
P4VBG,P4VBG
X58G3,X58G3
4YHUF,4YHUF
66LSB,66LSB
7BUL6,7BUL6
KISYM,KISYM
YH64K,YH64K
L5IQI,L5IQI
8EFSQ,8EFSQ
AVC5T,AVC5T
1E79W,1E79W
2N5PG,2N5PG
AED62,AED62
MXK92,MXK92
N223P,N223P
9X9V8,9X9V8
YDIWI,YDIWI
P86AO,P86AO
XXOL2,XXOL2
ACH00,ACH00
BWMZT,BWMZT
LLK3O,LLK3O
MPDVZ,MPDVZ
FUK5R,FUK5R
19ZH9,19ZH9
IG6U6,IG6U6
9UV99,9UV99
RVJG8,RVJG8
1V9IX,1V9IX
26RVL,26RVL
JRU15,JRU15
MD6JQ,MD6JQ
S4UCN,S4UCN
NL0QO,NL0QO
XZFTW,XZFTW
BN9O5,BN9O5
99SIN,99SIN
WTWYR,WTWYR
7DMGP,7DMGP
D0XZM,D0XZM
E0E31,E0E31
D1FQX,D1FQX
8T8QY,8T8QY
4HZNB,4HZNB
BZN48,BZN48
XXYKY,XXYKY
URS92,URS92
6EQSU,6EQSU
6R9TV,6R9TV
SKO4N,SKO4N
Q4ZEQ,Q4ZEQ
R0SH5,R0SH5
S8B5Q,S8B5Q
9DDBE,9DDBE
DX8EX,DX8EX
49U4V,49U4V
DHOGO,DHOGO
UR4TF,UR4TF
4RKP7,4RKP7
B2BJA,B2BJA
X08PW,X08PW
MGEL3,MGEL3
JGNEX,JGNEX
3TJ55,3TJ55
SEZ13,SEZ13
6UIEG,6UIEG
BJA3T,BJA3T
4JATD,4JATD
Z5SOT,Z5SOT
93P3M,93P3M
0TC62,0TC62
B023W,B023W
G3FN5,G3FN5
OWAL0,OWAL0
AY1UC,AY1UC
957IX,957IX
IH8FO,IH8FO
3CAFN,3CAFN
K5957,K5957
JOND1,JOND1
8ZPJG,8ZPJG
7RINI,7RINI
F4200,F4200
VZ80C,VZ80C
H44M8,H44M8
2L4KD,2L4KD
WKEHJ,WKEHJ
DGDK1,DGDK1
S0JD7,S0JD7
QDE2G,QDE2G
UYGWS,UYGWS
PK2AL,PK2AL
5CZ6H,5CZ6H
90KY2,90KY2
SZDF4,SZDF4
PW31G,PW31G
USFBP,USFBP
5T4Z8,5T4Z8
SFHKW,SFHKW
PHQ5V,PHQ5V
6O3YU,6O3YU
0EH56,0EH56
SBJLG,SBJLG
HGJRV,HGJRV
D4PKR,D4PKR
6ZL8C,6ZL8C
MV678,MV678
ULDFH,ULDFH
ERP9R,ERP9R
MCS4P,MCS4P
SO92W,SO92W
N4UUC,N4UUC
SO7PK,SO7PK
A0NVU,A0NVU
82BYE,82BYE
KE5SW,KE5SW
6OEW0,6OEW0
1KJ9I,1KJ9I
YP95W,YP95W
ZWG44,ZWG44
6S7MW,6S7MW
D4RV3,D4RV3
Y16SM,Y16SM
OW33P,OW33P
677YN,677YN
KM4MD,KM4MD
Q8MIY,Q8MIY
E7JP3,E7JP3
0A2PQ,0A2PQ
WWK8J,WWK8J
9U4KP,9U4KP
31B67,31B67
FPGWQ,FPGWQ
R0LX5,R0LX5
JXMZ5,JXMZ5
PLGC0,PLGC0
3DEV3,3DEV3
5OKTX,5OKTX
MO3RD,MO3RD
TVQJD,TVQJD
D0N1Y,D0N1Y
LUTTN,LUTTN
WOYNR,WOYNR
KLPBI,KLPBI
7ZIYW,7ZIYW
MSTCC,MSTCC
GDRL1,GDRL1
L3UDG,L3UDG
DKFIW,DKFIW
AJVHD,AJVHD
I5E69,I5E69
9SH0V,9SH0V
8PRNK,8PRNK
7SWXM,7SWXM
SUKQK,SUKQK
QV4GV,QV4GV
Y5DSL,Y5DSL
1920F,1920F
BFVLD,BFVLD
FNBZG,FNBZG
PCTGW,PCTGW
AZMLK,AZMLK
W4EXK,W4EXK
0WF9G,0WF9G
SBJEN,SBJEN
NUJ9W,NUJ9W
C6SXQ,C6SXQ
S1L87,S1L87
F1X7C,F1X7C
Y2QS6,Y2QS6
IIG4E,IIG4E
EVSLG,EVSLG
4700N,4700N
P4ROT,P4ROT
ZXOOY,ZXOOY
A6AUC,A6AUC
9E7TN,9E7TN
3IKZG,3IKZG
WLA9G,WLA9G
SNS75,SNS75
94WXS,94WXS
GBXJV,GBXJV
G1CZB,G1CZB
JVVF2,JVVF2
R96WJ,R96WJ
GQFBT,GQFBT
AKF0C,AKF0C
PWNVZ,PWNVZ
GZ875,GZ875
Z7JDQ,Z7JDQ
LENUC,LENUC
U4FR0,U4FR0
ANCMW,ANCMW
LLFCZ,LLFCZ
KVA9B,KVA9B
PFZ9G,PFZ9G
NNHUM,NNHUM
Z5ABD,Z5ABD
3J9IZ,3J9IZ
0B3K5,0B3K5
A7BTO,A7BTO
MY4IK,MY4IK
ZQ4JD,ZQ4JD
IGZMS,IGZMS
AJWMC,AJWMC
HR396,HR396
REGMA,REGMA
J3QEP,J3QEP
F53EO,F53EO
ZOEGY,ZOEGY
0X06O,0X06O
TIUED,TIUED
3VJ0U,3VJ0U
C2BY0,C2BY0
D8HZE,D8HZE
SM0SD,SM0SD
SL7WO,SL7WO
P944H,P944H
TWHVR,TWHVR
827C8,827C8
1KLOZ,1KLOZ
G1Z7X,G1Z7X
5J8NQ,5J8NQ
H0ZWJ,H0ZWJ
ZAZC6,ZAZC6
D6SUQ,D6SUQ
EI8TS,EI8TS
4G11U,4G11U
DW08C,DW08C
TJ062,TJ062
XP870,XP870
8UDSC,8UDSC
2GFCQ,2GFCQ
I0CXF,I0CXF
PRQKQ,PRQKQ
JYDVT,JYDVT
ATPVA,ATPVA
UU7D4,UU7D4
CVN14,CVN14
YCBYZ,YCBYZ
5994R,5994R
5VFU0,5VFU0
4RWD7,4RWD7
RHGPR,RHGPR
J19S4,J19S4
OJL3S,OJL3S
YXEGF,YXEGF
AX6B2,AX6B2
QDQSX,QDQSX
MFJYT,MFJYT
COSBM,COSBM
SU71N,SU71N
N2MEV,N2MEV
GX1FN,GX1FN
NVHKX,NVHKX
CBV3J,CBV3J
IIR3X,IIR3X
50JLD,50JLD
PSFV5,PSFV5
RP6BC,RP6BC
15216,15216
MHB0W,MHB0W
VMXWM,VMXWM
DSQNG,DSQNG
Y03FH,Y03FH
OCP4H,OCP4H
QSYJ6,QSYJ6
ZES1J,ZES1J
5O1XO,5O1XO
NT0D8,NT0D8
87UEP,87UEP
WYQ9I,WYQ9I
247UA,247UA
AQ199,AQ199
0SCBO,0SCBO
FG1XV,FG1XV
JGE76,JGE76
934GZ,934GZ
FHSVF,FHSVF
YUUHX,YUUHX
9S6UV,9S6UV
UI5VE,UI5VE
Z9A43,Z9A43
PX11Y,PX11Y
UXUFG,UXUFG
CPHBO,CPHBO
R7VSK,R7VSK
JES1E,JES1E
FHKK8,FHKK8
WSO0E,WSO0E
5ERP9,5ERP9
NV23S,NV23S
KUQ8T,KUQ8T
3LAI2,3LAI2
5L3J0,5L3J0
98L4S,98L4S
I3PXN,I3PXN
F363Y,F363Y
8EWEZ,8EWEZ
A4EDN,A4EDN
ZLO3S,ZLO3S
GN7JM,GN7JM
J9IRC,J9IRC
L3QTF,L3QTF
41NM4,41NM4
DSYJ7,DSYJ7
LZGH4,LZGH4
7HJ46,7HJ46
W6D5E,W6D5E
XDWPG,XDWPG
GUAPD,GUAPD
JE5YA,JE5YA
FZJAZ,FZJAZ
MCYP6,MCYP6
J9VZ3,J9VZ3
TBPWD,TBPWD
DKH7P,DKH7P
KF88Y,KF88Y
VODH6,VODH6
98OPA,98OPA
56OB6,56OB6
NTEDK,NTEDK
H6UYP,H6UYP
VP59L,VP59L
3H8ZI,3H8ZI
X5QOF,X5QOF
1EZUP,1EZUP
DAD4L,DAD4L
NQ4UG,NQ4UG
PHNYQ,PHNYQ
IMPWJ,IMPWJ
JGBVA,JGBVA
2K4IA,2K4IA
ACAKO,ACAKO
1ZNLO,1ZNLO
Z7ZBS,Z7ZBS
5CVJ4,5CVJ4
MT9X7,MT9X7
82HED,82HED
TC5E0,TC5E0
6M5GD,6M5GD
E68PU,E68PU
ZJGHJ,ZJGHJ
RJ4FI,RJ4FI
3TDJP,3TDJP
57US6,57US6
YMQ3Y,YMQ3Y
4RZRN,4RZRN
JO3DR,JO3DR
AUCGB,AUCGB
ONOJQ,ONOJQ
G1D90,G1D90
38R2O,38R2O
YLVGO,YLVGO
GDZO1,GDZO1
S0V71,S0V71
BBS5E,BBS5E
OBCEX,OBCEX
HNO5Q,HNO5Q
DKT6P,DKT6P
XBZ04,XBZ04
LCXW2,LCXW2
BQ6UZ,BQ6UZ
UZQLR,UZQLR
033S2,033S2
BTYDE,BTYDE
IED7K,IED7K
SRCS2,SRCS2
DNO76,DNO76
6ARMK,6ARMK
H2AFG,H2AFG
PS2NG,PS2NG
3ZBF5,3ZBF5
JPYRQ,JPYRQ
97B4G,97B4G
RJA1Z,RJA1Z
Z3DE1,Z3DE1
14ZH8,14ZH8
KRFT9,KRFT9
95JHG,95JHG
JF6GJ,JF6GJ
OPJEV,OPJEV
LG7EB,LG7EB
JPACX,JPACX
NPSX9,NPSX9
BD8YC,BD8YC
KLU8O,KLU8O
1K0FL,1K0FL
CT790,CT790
TU8ZW,TU8ZW
W55D2,W55D2
SFO6Z,SFO6Z
HRDNX,HRDNX
RI80T,RI80T
39SCO,39SCO
JNSI5,JNSI5
PZGIH,PZGIH
WK7D1,WK7D1
DE5KS,DE5KS
SZNMX,SZNMX
EH5C4,EH5C4
UA4R6,UA4R6
CJVL7,CJVL7
02PT2,02PT2
83TF8,83TF8
G06ZZ,G06ZZ
GQT3E,GQT3E
QIRPY,QIRPY
EZCEO,EZCEO
69HE4,69HE4
1HBB0,1HBB0
60TK5,60TK5
QPDII,QPDII
PKKG9,PKKG9
5DACJ,5DACJ
JM4QV,JM4QV
ILNS0,ILNS0
TN7II,TN7II
NG3ZP,NG3ZP
4LHFV,4LHFV
6A0ZP,6A0ZP
J7ZIR,J7ZIR
C5R7R,C5R7R
DZ03L,DZ03L
UL0HC,UL0HC
M0CJH,M0CJH
O63QR,O63QR
LPAJ0,LPAJ0
J62RB,J62RB
NWAOZ,NWAOZ
JVDBR,JVDBR
T8F9H,T8F9H
0E82C,0E82C
YK1AP,YK1AP
MO2DL,MO2DL
6WJAE,6WJAE
7E8VA,7E8VA
VDSAY,VDSAY
TJ60Y,TJ60Y
K7BLW,K7BLW
E47UV,E47UV
WIDI5,WIDI5
GLCJ4,GLCJ4
GAZAX,GAZAX
QJWE5,QJWE5
CK9WX,CK9WX
DDXEU,DDXEU
4ULHZ,4ULHZ
P5N7W,P5N7W
JMHJZ,JMHJZ
A9C4L,A9C4L
BHBFZ,BHBFZ
BW7X6,BW7X6
0WF9E,0WF9E
B330B,B330B
7SV8S,7SV8S
XPBNI,XPBNI
Y5STC,Y5STC
NZ85M,NZ85M
PCM02,PCM02
GHVEX,GHVEX
4OQ0B,4OQ0B
FN2WC,FN2WC
3RUD8,3RUD8
FL6XJ,FL6XJ
5C6X3,5C6X3
U61E8,U61E8
IGW0R,IGW0R
W85OM,W85OM
H9I13,H9I13
DT07X,DT07X
WKDVD,WKDVD
A659X,A659X
B1NN2,B1NN2
IZJXR,IZJXR
VT68G,VT68G
4MDX3,4MDX3
OLS1A,OLS1A
V6M8B,V6M8B
1MGVU,1MGVU
51N04,51N04
U1WBG,U1WBG
U44KQ,U44KQ
RO751,RO751
4FFYU,4FFYU
D0U2G,D0U2G
NZATA,NZATA
WBNY5,WBNY5
ZJAFV,ZJAFV
Y14XO,Y14XO
SVBY3,SVBY3
7QRMU,7QRMU
EUVZI,EUVZI
5QSFO,5QSFO
PVHSV,PVHSV
RBAKN,RBAKN
4G9XY,4G9XY
9X875,9X875
4WRWP,4WRWP
MIFBI,MIFBI
4U1LP,4U1LP
5GM3K,5GM3K
JD1NJ,JD1NJ
NK257,NK257
A95OW,A95OW
O2PWY,O2PWY
BGUKN,BGUKN
T6PHA,T6PHA
7CQ0J,7CQ0J
ZGY1E,ZGY1E
EG1JS,EG1JS
S7H1U,S7H1U
7JC1Z,7JC1Z
NER2A,NER2A
PSH5W,PSH5W
EVIAJ,EVIAJ
X4TOZ,X4TOZ
MOZFI,MOZFI
5L2XK,5L2XK
GYJV2,GYJV2
VEQDW,VEQDW
57Z6P,57Z6P
KFQCX,KFQCX
Q8HEY,Q8HEY
XPB5L,XPB5L
F2X3A,F2X3A
UQN3J,UQN3J
IM733,IM733
BGOVY,BGOVY
TZNZ5,TZNZ5
2145J,2145J
B8UNI,B8UNI
8A267,8A267
9QPIJ,9QPIJ
PDXRH,PDXRH
PTDR6,PTDR6
MI5CG,MI5CG
ADRP9,ADRP9
ZMWZ7,ZMWZ7
XLJGM,XLJGM
SKLR9,SKLR9
M1EZB,M1EZB
8Y6ZT,8Y6ZT
LLP0B,LLP0B
DFXGS,DFXGS
R2JOD,R2JOD
X35IT,X35IT
23ZGH,23ZGH
7BFG3,7BFG3
Y9NVI,Y9NVI
YIRC3,YIRC3
S3XFI,S3XFI
AD3M5,AD3M5
A3CTS,A3CTS
ANG93,ANG93
0OHDH,0OHDH
X6Q0T,X6Q0T
AET3X,AET3X
VTR7Z,VTR7Z
8GOYA,8GOYA
13JU7,13JU7
B5FPM,B5FPM
PX9S5,PX9S5
685A2,685A2
5GTK8,5GTK8
1VZFP,1VZFP
ZSY8P,ZSY8P
P3UYN,P3UYN
YNXCM,YNXCM
BDSNT,BDSNT
1HA3S,1HA3S
Q4FU6,Q4FU6
QWTU6,QWTU6
0FB0G,0FB0G
F65HU,F65HU
GCWIN,GCWIN
PXCJE,PXCJE
7NCVW,7NCVW
KY0WO,KY0WO
E4ISZ,E4ISZ
4B1L6,4B1L6
64GW8,64GW8
DNHYI,DNHYI
OLSX1,OLSX1
E7TQ1,E7TQ1
SIFDB,SIFDB
GDHUQ,GDHUQ
ZIHDS,ZIHDS
F811V,F811V
PGYTO,PGYTO
YOUMF,YOUMF
3MHAP,3MHAP
M0SQ3,M0SQ3
YBEZ7,YBEZ7
7160G,7160G
80YVH,80YVH
D5JP4,D5JP4
VQE23,VQE23
L1AAU,L1AAU
02V7M,02V7M
O2GOG,O2GOG
5ZILO,5ZILO
FWAL1,FWAL1
XNPKW,XNPKW
XFQ8U,XFQ8U
B4YDQ,B4YDQ
7Y0TA,7Y0TA
5RBXO,5RBXO
8DWHP,8DWHP
R3PWW,R3PWW
YXQ61,YXQ61
I658K,I658K
U0M3U,U0M3U
I3A0I,I3A0I
X9EXP,X9EXP
7T51C,7T51C
ZZ5XU,ZZ5XU
BNYDN,BNYDN
EH3HX,EH3HX
751PD,751PD
EA45F,EA45F
1JSDH,1JSDH
OCZTR,OCZTR
818AB,818AB
DEHR6,DEHR6
HHF6B,HHF6B
HW9RF,HW9RF
G8MNN,G8MNN
HJ89R,HJ89R
99FU4,99FU4
6MY6G,6MY6G
RDIL4,RDIL4
QM0M6,QM0M6
O7K0F,O7K0F
FTGW2,FTGW2
BW52H,BW52H
9ZMVG,9ZMVG
NVFS5,NVFS5
H0KZL,H0KZL
H4HBB,H4HBB
LMNPQ,LMNPQ
U06W9,U06W9
BZ7YN,BZ7YN
YDX29,YDX29
AADYV,AADYV
T0CAD,T0CAD
MT8U8,MT8U8
BJ1SL,BJ1SL
5BTGG,5BTGG
CPCIN,CPCIN
Q4LF2,Q4LF2
DYS99,DYS99
2PPJX,2PPJX
IPAGD,IPAGD
GTWX1,GTWX1
G2JXE,G2JXE
LQLYG,LQLYG
70AST,70AST
PB5YM,PB5YM
DBKB1,DBKB1
UWC3T,UWC3T
W5BQ7,W5BQ7
3OBR3,3OBR3
T9DUS,T9DUS
3KEH0,3KEH0
Y2MN4,Y2MN4
Y8U74,Y8U74
MOV5P,MOV5P
JDOK3,JDOK3
4CL3F,4CL3F
6VQE0,6VQE0
SXTEC,SXTEC
XRGUQ,XRGUQ
8V6T6,8V6T6
YUFTU,YUFTU
6PT5O,6PT5O
BSGDC,BSGDC
KS94W,KS94W
VL2PO,VL2PO
PEPZR,PEPZR
51GVX,51GVX
MBP17,MBP17
VBB8Z,VBB8Z
JXSL4,JXSL4
E2G9X,E2G9X
ZOCVU,ZOCVU
F7XU4,F7XU4
AUPVE,AUPVE
TH5VX,TH5VX
F9A4M,F9A4M
76Z0F,76Z0F
KMDSJ,KMDSJ
MQ7BK,MQ7BK
N1MPB,N1MPB
3RB8P,3RB8P
DDFUL,DDFUL
HVWUW,HVWUW
QGG1V,QGG1V
LDACH,LDACH
3SCHL,3SCHL
PC21T,PC21T
WIOXM,WIOXM
7355D,7355D
RKC7F,RKC7F
X0GS7,X0GS7
JI902,JI902
GA5BX,GA5BX
4TJTE,4TJTE
5DQZD,5DQZD
F3G9Y,F3G9Y
AU422,AU422
KZCGZ,KZCGZ
J06RL,J06RL
5N5UK,5N5UK
JI92V,JI92V
5QQ2G,5QQ2G
QX2Q2,QX2Q2
U59VV,U59VV
JU8K7,JU8K7
BSPKL,BSPKL
7K0J8,7K0J8
ODUKY,ODUKY
J4RGP,J4RGP
6E4AL,6E4AL
E0YTV,E0YTV
UTMSG,UTMSG
LWLFN,LWLFN
QGZKT,QGZKT
PXOJW,PXOJW
5EEB8,5EEB8
T8O5Q,T8O5Q
M9WI8,M9WI8
XNORE,XNORE
CKNH1,CKNH1
UCNKK,UCNKK
GWGDA,GWGDA
F1K8G,F1K8G
6SM8X,6SM8X
ZHSJQ,ZHSJQ
DUB1S,DUB1S
DBFZK,DBFZK
YBUQV,YBUQV
R5RRD,R5RRD
PXDH7,PXDH7
QCAP1,QCAP1
YQ7QB,YQ7QB
91TM1,91TM1
F8RGN,F8RGN
SN51S,SN51S
C9YR0,C9YR0
P6BRG,P6BRG
TS6II,TS6II
7D7MO,7D7MO
DNYLS,DNYLS
3WQV4,3WQV4
BT4K7,BT4K7
FDNZV,FDNZV
MGVA6,MGVA6
KWU80,KWU80
WPF1V,WPF1V
CGHMK,CGHMK
NSPED,NSPED
PJTY0,PJTY0
RM4NT,RM4NT
DSKJ5,DSKJ5
H5ETV,H5ETV
AK92U,AK92U
VVB37,VVB37
RWF95,RWF95
1L9KI,1L9KI
XEARV,XEARV
ZD0V1,ZD0V1
354OE,354OE
R9LWH,R9LWH
BT3D5,BT3D5
HVDC8,HVDC8
AAILF,AAILF
M5DY5,M5DY5
2UF8A,2UF8A
DLSPU,DLSPU
DJDKU,DJDKU
I893V,I893V
N233E,N233E
5RXEQ,5RXEQ
ZX6DC,ZX6DC
QT4N4,QT4N4
B1GNZ,B1GNZ
4DUWZ,4DUWZ
XRZWX,XRZWX
2WQNT,2WQNT
NFR7B,NFR7B
1I4EY,1I4EY
769KA,769KA
D5U9X,D5U9X
UEB6L,UEB6L
VFQXU,VFQXU
JDL09,JDL09
ZIBIF,ZIBIF
VJCW5,VJCW5
DVJ8X,DVJ8X
N8UZL,N8UZL
LEVRZ,LEVRZ
UUZRV,UUZRV
GRZD9,GRZD9
ZPZH7,ZPZH7
1MY9N,1MY9N
XIP4G,XIP4G
ZXIN5,ZXIN5
1B56C,1B56C
VKSFD,VKSFD
KK1R8,KK1R8
HSGRL,HSGRL
ZBZU0,ZBZU0
U00DX,U00DX
Q3UFD,Q3UFD
XWPBF,XWPBF
4SMDT,4SMDT
ILLXP,ILLXP
ESJDV,ESJDV
TVE8O,TVE8O
YWF5A,YWF5A
N0ZAV,N0ZAV
5FJPU,5FJPU
LWDTG,LWDTG
YED7H,YED7H
0UHYY,0UHYY
NFGTG,NFGTG
S5F2V,S5F2V
WPBYF,WPBYF
32F43,32F43
29CFJ,29CFJ
4L7K5,4L7K5
H3B6E,H3B6E
STL18,STL18
3AHDR,3AHDR
WDVBT,WDVBT
FD59M,FD59M
S12ZB,S12ZB
D7I7Q,D7I7Q
05I3Q,05I3Q
XYDH7,XYDH7
VZI8G,VZI8G
ZMBC0,ZMBC0
P2N8F,P2N8F
M2D32,M2D32
MGXDW,MGXDW
9WR5L,9WR5L
VHQGO,VHQGO
42PGV,42PGV
5I32D,5I32D
TIIY7,TIIY7
JR1FF,JR1FF
4L0AQ,4L0AQ
U7S69,U7S69
HJ0X9,HJ0X9
AW2RS,AW2RS
A4AOO,A4AOO
VCU4P,VCU4P
M9MX4,M9MX4
3OHRD,3OHRD
6Y22S,6Y22S
PODLT,PODLT
S8J4T,S8J4T
T2DBS,T2DBS
HIM0H,HIM0H
JB26J,JB26J
I3CO4,I3CO4
3CZHK,3CZHK
VHG9D,VHG9D
TF8PQ,TF8PQ
2AQLI,2AQLI
WHJAH,WHJAH
UYZF3,UYZF3
MEYIA,MEYIA
HRWQS,HRWQS
92S41,92S41
7050T,7050T
RVYY4,RVYY4
8HSHM,8HSHM
KT8F7,KT8F7
C0QL9,C0QL9
62O3O,62O3O
DAY9X,DAY9X
28R58,28R58
5FCH0,5FCH0
PEE8C,PEE8C
PH9CN,PH9CN
TVGPE,TVGPE
PTXB9,PTXB9
L3YJG,L3YJG
QQ764,QQ764
MOUJ6,MOUJ6
T0HSI,T0HSI
H3X1C,H3X1C
Q4NJZ,Q4NJZ
96MR2,96MR2
H6JCN,H6JCN
FPC0Y,FPC0Y
GUA37,GUA37
6Y7PJ,6Y7PJ
NSGZJ,NSGZJ
2C2D2,2C2D2
REDD8,REDD8
W43BT,W43BT
0JU1Z,0JU1Z
AWQPD,AWQPD
OXFT1,OXFT1
T93K2,T93K2
B3UDU,B3UDU
GVDDT,GVDDT
XXNQY,XXNQY
A0ICQ,A0ICQ
DN41I,DN41I
6YFT8,6YFT8
4I3GB,4I3GB
887NF,887NF
VYETY,VYETY
8GVTL,8GVTL
I7JIL,I7JIL
N7XR4,N7XR4
3QYZ3,3QYZ3
5ZHDY,5ZHDY
XFSI5,XFSI5
K1SMC,K1SMC
GTP5Z,GTP5Z
IS8Z0,IS8Z0
5KRYQ,5KRYQ
CYK9M,CYK9M
1E086,1E086
S9R86,S9R86
9JMH4,9JMH4
8Y3GS,8Y3GS
MIIWY,MIIWY
QR4T0,QR4T0
RELAB,RELAB
MASX8,MASX8
BS80S,BS80S
NW3PA,NW3PA
IVAJV,IVAJV
GW8I7,GW8I7
F3M6L,F3M6L
QQ3NK,QQ3NK
JGVXF,JGVXF
DW9Y3,DW9Y3
0FPMI,0FPMI
JYU19,JYU19
LG5RG,LG5RG
E23XC,E23XC
TQAP4,TQAP4
R64LS,R64LS
Q9KEX,Q9KEX
VK6ZI,VK6ZI
QG9WZ,QG9WZ
FJMT1,FJMT1
NV79G,NV79G
Q80FP,Q80FP
Z6O8V,Z6O8V
9BLPJ,9BLPJ
712ID,712ID
8PJP3,8PJP3
HXYMS,HXYMS
JWDPI,JWDPI
7IXTL,7IXTL
WA43R,WA43R
195YA,195YA
1738,01738
00BJ9,00BJ9
A8C1N,A8C1N
9KT2D,9KT2D
Y0G9I,Y0G9I
7GQJ5,7GQJ5
P0IJN,P0IJN
X81WI,X81WI
ORC2O,ORC2O
BIJO5,BIJO5
GWEVY,GWEVY
1MY9V,1MY9V
CGELL,CGELL
AGG95,AGG95
E7WXT,E7WXT
TFDRM,TFDRM
OQZ3W,OQZ3W
MLYDI,MLYDI
MD9YL,MD9YL
QIUPL,QIUPL
JNYSQ,JNYSQ
114EB,114EB
VMV18,VMV18
I5BKW,I5BKW
AMPG2,AMPG2
5X380,5X380
H7Y68,H7Y68
R6BMN,R6BMN
C6N0L,C6N0L
8K5XG,8K5XG
V0T1W,V0T1W
NJH13,NJH13
PRSTY,PRSTY
TS68P,TS68P
CRP25,CRP25
209N0,209N0
DLWDY,DLWDY
SPM7Z,SPM7Z
STPDR,STPDR
WOKMJ,WOKMJ
P9RWT,P9RWT
T51R7,T51R7
IPFMD,IPFMD
MW98I,MW98I
OIAPZ,OIAPZ
DED1E,DED1E
DHWFY,DHWFY
I9EAN,I9EAN
GRDK8,GRDK8
OCMOO,OCMOO
I8H5Y,I8H5Y
XGOB0,XGOB0
OFJ3T,OFJ3T
T8ZK1,T8ZK1
F0ZPT,F0ZPT
74T6V,74T6V
ASW97,ASW97
SYD33,SYD33
U0P0B,U0P0B
SY2H0,SY2H0
OUXGE,OUXGE
EZRJD,EZRJD
HBIYU,HBIYU
MMQ97,MMQ97
MM03Z,MM03Z
HFJVY,HFJVY
ZBNSI,ZBNSI
Z3NAS,Z3NAS
ONSHE,ONSHE
VLMV4,VLMV4
C68NH,C68NH
689SJ,689SJ
427ML,427ML
HFNY5,HFNY5
NOG3U,NOG3U
OCWIJ,OCWIJ
J39O0,J39O0
XXAZQ,XXAZQ
S22MK,S22MK
U0GZ3,U0GZ3
BQ3W9,BQ3W9
R6OSL,R6OSL
UQ9Q4,UQ9Q4
LYCW9,LYCW9
K1OGK,K1OGK
QX5RQ,QX5RQ
TWM25,TWM25
GIDKH,GIDKH
UJFTV,UJFTV
VY3RH,VY3RH
G8N25,G8N25
KR0C0,KR0C0
UD7JI,UD7JI
MO2TQ,MO2TQ
AW33D,AW33D
PLW7F,PLW7F
5DRU9,5DRU9
D2AN7,D2AN7
5QFGG,5QFGG
JGE3J,JGE3J
DROJK,DROJK
3NQ9L,3NQ9L
UOHYR,UOHYR
E8RAZ,E8RAZ
A9HAN,A9HAN
PH3LL,PH3LL
8QY4L,8QY4L
1BP6O,1BP6O
VGJA2,VGJA2
VI3L9,VI3L9
QMQOM,QMQOM
0I0GJ,0I0GJ
H20JL,H20JL
X1H5I,X1H5I
AVEDI,AVEDI
T5EAE,T5EAE
4JYUS,4JYUS
Z1NNG,Z1NNG
4WIYM,4WIYM
GBDVJ,GBDVJ
U2PCL,U2PCL
657PT,657PT
P9ZUX,P9ZUX
3OWWV,3OWWV
MR67W,MR67W
YD7QU,YD7QU
XX9TG,XX9TG
ONR1M,ONR1M
OJPJJ,OJPJJ
OAGW5,OAGW5
K7WY0,K7WY0
A3790,A3790
NTH1D,NTH1D
PPXSQ,PPXSQ
4WJAH,4WJAH
QBZ1Q,QBZ1Q
8F1FV,8F1FV
H4R0C,H4R0C
PYH26,PYH26
WM4BO,WM4BO
WZBR9,WZBR9
G19GE,G19GE
4LNBV,4LNBV
KXB0D,KXB0D
58F6D,58F6D
73WVY,73WVY
379Q7,379Q7
HEKGP,HEKGP
7MUTC,7MUTC
JXYVY,JXYVY
QZL77,QZL77
MS7ZL,MS7ZL
KTQ1J,KTQ1J
U14Y4,U14Y4
XYQPS,XYQPS
GZN23,GZN23
XQ0MS,XQ0MS
R7E7L,R7E7L
Y3AHN,Y3AHN
ZJLQF,ZJLQF
PXDE1,PXDE1
OHTCG,OHTCG
GR3QP,GR3QP
WDJHB,WDJHB
XWE47,XWE47
DVVTN,DVVTN
M0DFR,M0DFR
XBSIA,XBSIA
U44D4,U44D4
S3WWO,S3WWO
NPRCH,NPRCH
X60AZ,X60AZ
4W2UZ,4W2UZ
HB4C3,HB4C3
6EG3M,6EG3M
MFSQC,MFSQC
4PRNC,4PRNC
UGNLB,UGNLB
7E311,7E311
96ITA,96ITA
9IHRY,9IHRY
JI2LM,JI2LM
RA4O8,RA4O8
ULIL1,ULIL1
AMEZ4,AMEZ4
X2QW4,X2QW4
0IVNP,0IVNP
F0URU,F0URU
6EFD6,6EFD6
PR0FG,PR0FG
SMIXG,SMIXG
QO1YP,QO1YP
MET7U,MET7U
U9EW8,U9EW8
UYN6C,UYN6C
C8ONF,C8ONF
RTYD3,RTYD3
QXD9L,QXD9L
HOHMT,HOHMT
0CI3G,0CI3G
UBF2M,UBF2M
5WEFC,5WEFC
U0HW9,U0HW9
W6L4M,W6L4M
DZPO9,DZPO9
BONL7,BONL7
BS57X,BS57X
D3QS2,D3QS2
DRGNX,DRGNX
YJI45,YJI45
0R9L8,0R9L8
0OB4D,0OB4D
OI9T7,OI9T7
JWHBC,JWHBC
ENI3H,ENI3H
MFX4I,MFX4I
7AJ2P,7AJ2P
W8EXE,W8EXE
E3FPK,E3FPK
X91FS,X91FS
DY3ZQ,DY3ZQ
Q0TRM,Q0TRM
TZ2XY,TZ2XY
PUMI2,PUMI2
SAUSU,SAUSU
ZCQ7D,ZCQ7D
94A2Y,94A2Y
8AIOB,8AIOB
GNQZS,GNQZS
7JUKU,7JUKU
EYA1K,EYA1K
KPL8Z,KPL8Z
2R3D6,2R3D6
F0AJN,F0AJN
MKN0W,MKN0W
8KW7Q,8KW7Q
FT352,FT352
8CO75,8CO75
H9JAM,H9JAM
MSJZ4,MSJZ4
9YPQT,9YPQT
CH2I3,CH2I3
YK56R,YK56R
GCGN2,GCGN2
80XCJ,80XCJ
LSHSQ,LSHSQ
UOZ5I,UOZ5I
L1N5Z,L1N5Z
PEGWB,PEGWB
PGBJM,PGBJM
BYZOP,BYZOP
L73NM,L73NM
TOYSP,TOYSP
1502P,1502P
91WFY,91WFY
QSKRC,QSKRC
WZA82,WZA82
LPA3G,LPA3G
0ACOB,0ACOB
0IDOQ,0IDOQ
FSO7U,FSO7U
QQAG0,QQAG0
2MVRV,2MVRV
X5ZDL,X5ZDL
DK6AU,DK6AU
OOKRM,OOKRM
GZKXZ,GZKXZ
KHR2P,KHR2P
YALF2,YALF2
XBUS6,XBUS6
K5BEB,K5BEB
NFLSP,NFLSP
9D91S,9D91S
5EGYY,5EGYY
N31E3,N31E3
ZKPVY,ZKPVY
L3KUA,L3KUA
SARAW,SARAW
11FE3,11FE3
EDEJ7,EDEJ7
NN0JX,NN0JX
8U2OI,8U2OI
RHW7Q,RHW7Q
F1M5U,F1M5U
I7ZMQ,I7ZMQ
JU6CP,JU6CP
GLUT4,GLUT4
E8Q9S,E8Q9S
76AO2,76AO2
FQYC3,FQYC3
SUNDN,SUNDN
U1PXU,U1PXU
OYYC8,OYYC8
ICYAD,ICYAD
3M81I,3M81I
I00ZQ,I00ZQ
TF2LN,TF2LN
1FIN2,1FIN2
G1K1J,G1K1J
GDLI8,GDLI8
W76LE,W76LE
PDWBJ,PDWBJ
4N3ZO,4N3ZO
YQ7SY,YQ7SY
NYP7P,NYP7P
EVGFY,EVGFY
8V4Z2,8V4Z2
COI9W,COI9W
A10X9,A10X9
CF6AA,CF6AA
PVOSY,PVOSY
P4C48,P4C48
IINXZ,IINXZ
XAWXD,XAWXD
CJ7W5,CJ7W5
XR3FA,XR3FA
V5XHE,V5XHE
SPBSD,SPBSD
GSKI1,GSKI1
ULYHT,ULYHT
EU2VG,EU2VG
E7ZCE,E7ZCE
7KXQX,7KXQX
IFFO4,IFFO4
4HG3T,4HG3T
IV88F,IV88F
HILTM,HILTM
M2ROJ,M2ROJ
VGW8O,VGW8O
B65U5,B65U5
PC2H5,PC2H5
5AQRY,5AQRY
AGSZD,AGSZD
VVWJD,VVWJD
XKJOJ,XKJOJ
PC7SF,PC7SF
NUJP5,NUJP5
SMOTM,SMOTM
8IGCE,8IGCE
22LM0,22LM0
4VXNA,4VXNA
PWV0B,PWV0B
ZEPMI,ZEPMI
2MHO9,2MHO9
IMUM8,IMUM8
XGDPO,XGDPO
UCG3X,UCG3X
TII6Z,TII6Z
5UQ8V,5UQ8V
S6IZ9,S6IZ9
KLCWG,KLCWG
XEYVB,XEYVB
OKXHR,OKXHR
SN42A,SN42A
1PJTI,1PJTI
DY8C6,DY8C6
J49W8,J49W8
WB4EL,WB4EL
87LM7,87LM7
0FX3F,0FX3F
XM5FM,XM5FM
QHUC1,QHUC1
B660Z,B660Z
XLG91,XLG91
7BYKY,7BYKY
RX2YQ,RX2YQ
1NIQQ,1NIQQ
XK4O6,XK4O6
N3UCX,N3UCX
T0V1G,T0V1G
PYI4Y,PYI4Y
0MAQV,0MAQV
JNDSQ,JNDSQ
2E8SF,2E8SF
0RGYQ,0RGYQ
PU96N,PU96N
2MR9U,2MR9U
Q8TW0,Q8TW0
0XUXA,0XUXA
ESJA0,ESJA0
AIEX9,AIEX9
NZEAL,NZEAL
X57DA,X57DA
YA4Q9,YA4Q9
EKV6Q,EKV6Q
7HP5L,7HP5L
4HS4L,4HS4L
U32VG,U32VG
6VSZI,6VSZI
6I6UL,6I6UL
5AV25,5AV25
6JW3K,6JW3K
89CQD,89CQD
W4HX4,W4HX4
23CMN,23CMN
Y7E5J,Y7E5J
6KAGW,6KAGW
ADIXI,ADIXI
72756,72756
VP6QT,VP6QT
YCB55,YCB55
WU79Z,WU79Z
7WRXV,7WRXV
HGFTD,HGFTD
P90UE,P90UE
HLRFF,HLRFF
QU8LX,QU8LX
3EQKO,3EQKO
0GEKS,0GEKS
KLH7P,KLH7P
0CQQV,0CQQV
3XJU7,3XJU7
SBNDG,SBNDG
YC8ZX,YC8ZX
I471M,I471M
K3LNM,K3LNM
3MEYS,3MEYS
UVLPH,UVLPH
W1S6V,W1S6V
YCENC,YCENC
38NNO,38NNO
RV9FE,RV9FE
3GTAS,3GTAS
ISTRG,ISTRG
QZFMJ,QZFMJ
ED5A1,ED5A1
B4UJ2,B4UJ2
R02Y4,R02Y4
LX7MU,LX7MU
AG1E5,AG1E5
55DPG,55DPG
54KSA,54KSA
EOFAQ,EOFAQ
PIFF4,PIFF4
17HXS,17HXS
3M65E,3M65E
6UF2B,6UF2B
D8DRB,D8DRB
SNYGL,SNYGL
QXNUA,QXNUA
0ODIZ,0ODIZ
QVPPA,QVPPA
826A1,826A1
5COAC,5COAC
JZLPW,JZLPW
G76TP,G76TP
QL11Y,QL11Y
DVRXN,DVRXN
937YR,937YR
N5AS7,N5AS7
MLJ5O,MLJ5O
SJHRE,SJHRE
7DROL,7DROL
DB1NJ,DB1NJ
4ZMO9,4ZMO9
XAC2Z,XAC2Z
ASVGU,ASVGU
Y3YWY,Y3YWY
PE964,PE964
M3OH0,M3OH0
93VTD,93VTD
GJMMY,GJMMY
9F2BB,9F2BB
5XC94,5XC94
RJ1HC,RJ1HC
8YPPD,8YPPD
V0FAU,V0FAU
QK13C,QK13C
BTF2X,BTF2X
7MF76,7MF76
OBKOZ,OBKOZ
5M7E2,5M7E2
2YVJI,2YVJI
8FCOB,8FCOB
QJBO9,QJBO9
NT00S,NT00S
8QXUM,8QXUM
NI0LE,NI0LE
PIW0D,PIW0D
AGSXD,AGSXD
WVKDN,WVKDN
ASX12,ASX12
JM08F,JM08F
HRHJ1,HRHJ1
EE2CF,EE2CF
NJMOO,NJMOO
VHN8Y,VHN8Y
KJ63J,KJ63J
0X6NA,0X6NA
3WVIE,3WVIE
BMO1T,BMO1T
6M07P,6M07P
ZMTCL,ZMTCL
YENPB,YENPB
32WDS,32WDS
467BZ,467BZ
QYBDP,QYBDP
SCPUM,SCPUM
HQFD5,HQFD5
RIWRW,RIWRW
F9L57,F9L57
ZU72B,ZU72B
XLLPR,XLLPR
RQI09,RQI09
7E7N0,7E7N0
5QDFN,5QDFN
W6VY8,W6VY8
MD7NV,MD7NV
A0FB0,A0FB0
FFXNF,FFXNF
YW9O9,YW9O9
77R5E,77R5E
H57NK,H57NK
8LKJ0,8LKJ0
P2B8C,P2B8C
6HXMX,6HXMX
41BBF,41BBF
AS307,AS307
PR8IN,PR8IN
XTZO6,XTZO6
MG85L,MG85L
4ZZSW,4ZZSW
WV2KG,WV2KG
T2HMA,T2HMA
SOSEX,SOSEX
DMONI,DMONI
QATZA,QATZA
65Q0R,65Q0R
QEOPX,QEOPX
BQV37,BQV37
8RIWW,8RIWW
2BGJA,2BGJA
0NGHD,0NGHD
LJD9J,LJD9J
IV9J8,IV9J8
I9B4R,I9B4R
G73NC,G73NC
1KYBV,1KYBV
AHQQJ,AHQQJ
V7354,V7354
ZQMDO,ZQMDO
MLXC1,MLXC1
6P58U,6P58U
3CQRD,3CQRD
K0LUI,K0LUI
ZKAKL,ZKAKL
KFATD,KFATD
Y8PRY,Y8PRY
DBYHI,DBYHI
41LA5,41LA5
LQR76,LQR76
0S2IC,0S2IC
EFWNW,EFWNW
UR65Z,UR65Z
7L1FL,7L1FL
59042,59042
8EDYT,8EDYT
JN1C0,JN1C0
VNN0W,VNN0W
55E5A,55E5A
QLE86,QLE86
5T757,5T757
DCKUD,DCKUD
TZ3OS,TZ3OS
P88RA,P88RA
17K7F,17K7F
8YSJX,8YSJX
YOQSY,YOQSY
KOPES,KOPES
AAGOE,AAGOE
BWZQB,BWZQB
OQUZB,OQUZB
K09ZF,K09ZF
UF0IU,UF0IU
S40U3,S40U3
35TXQ,35TXQ
0735T,0735T
S8NJQ,S8NJQ
TUG0B,TUG0B
DMJ57,DMJ57
A177J,A177J
3ULIE,3ULIE
XUJ54,XUJ54
GBI2F,GBI2F
QMBGQ,QMBGQ
GZFDM,GZFDM
YS3F0,YS3F0
0P9N2,0P9N2
85DHP,85DHP
DB66C,DB66C
ZOCO7,ZOCO7
1698Y,1698Y
M85K1,M85K1
RS7AA,RS7AA
BYM9S,BYM9S
UYF9S,UYF9S
EXVPO,EXVPO
T14S8,T14S8
82R97,82R97
PRDVH,PRDVH
KGG7D,KGG7D
X7V6T,X7V6T
COZGK,COZGK
2BBE2,2BBE2
R1TJB,R1TJB
FGPVQ,FGPVQ
I0CMH,I0CMH
W0V5Y,W0V5Y
BXHA2,BXHA2
T3W6Y,T3W6Y
KYNS2,KYNS2
QEGFV,QEGFV
4YDYX,4YDYX
862JB,862JB
PILO4,PILO4
CR9A7,CR9A7
O2HOG,O2HOG
ZU0KT,ZU0KT
XEN30,XEN30
IV83M,IV83M
23FM6,23FM6
SHNE3,SHNE3
RU7HW,RU7HW
GXPCK,GXPCK
VPIRK,VPIRK
TEAIR,TEAIR
VYHVE,VYHVE
HZ1HY,HZ1HY
GL5JX,GL5JX
B0PIZ,B0PIZ
RJZR8,RJZR8
V9EN8,V9EN8
VL7LI,VL7LI
8CPSA,8CPSA
NAEHS,NAEHS
ZY764,ZY764
6TV4A,6TV4A
MCIFP,MCIFP
U0VAH,U0VAH
SSMQD,SSMQD
M39O1,M39O1
6QNEP,6QNEP
56WQ4,56WQ4
20SCN,20SCN
66UNU,66UNU
2W8ME,2W8ME
IFHJF,IFHJF
Z1PIF,Z1PIF
QOUZW,QOUZW
3Y2Q5,3Y2Q5
NHHZW,NHHZW
J4JAV,J4JAV
JUMOT,JUMOT
XTEJG,XTEJG
NQSSN,NQSSN
R8XEW,R8XEW
9FO6O,9FO6O
WSNZ6,WSNZ6
AM97R,AM97R
G44G0,G44G0
DQCLA,DQCLA
A736J,A736J
041NU,041NU
BAP21,BAP21
UI00Z,UI00Z
63GAC,63GAC
UQ4CS,UQ4CS
0R2GJ,0R2GJ
T19CH,T19CH
7SCSQ,7SCSQ
DB0LK,DB0LK
RXGKC,RXGKC
FI09G,FI09G
081FI,081FI
XNUX6,XNUX6
0VSJ7,0VSJ7
VZEXH,VZEXH
YCLDX,YCLDX
VYJ7Z,VYJ7Z
8OTAK,8OTAK
66934,66934
84M9H,84M9H
HRBDP,HRBDP
ENY6A,ENY6A
2FUNA,2FUNA
9KAKC,9KAKC
QHHZO,QHHZO
UKAN7,UKAN7
D5GIQ,D5GIQ
OIZ9K,OIZ9K
IKS60,IKS60
LDLCW,LDLCW
HK2D0,HK2D0
6Y64X,6Y64X
0Z9HN,0Z9HN
XHTW2,XHTW2
TJIYH,TJIYH
FTK0U,FTK0U
11ORP,11ORP
4UWCR,4UWCR
NF8O5,NF8O5
WAFFJ,WAFFJ
AGMUW,AGMUW
Z5JNB,Z5JNB
0JJSK,0JJSK
H5LTG,H5LTG
PTMGI,PTMGI
ZL330,ZL330
32JS2,32JS2
BDU1U,BDU1U
B9MJG,B9MJG
PN7DR,PN7DR
40PKO,40PKO
XB718,XB718
VFEE4,VFEE4
8YWUQ,8YWUQ
TE7EJ,TE7EJ
YK3ZD,YK3ZD
L5HG1,L5HG1
Z5IB5,Z5IB5
XIG7Y,XIG7Y
889RF,889RF
8670C,8670C
J5TDT,J5TDT
VHYPK,VHYPK
GJCDH,GJCDH
012MG,012MG
RBSCM,RBSCM
W4UYQ,W4UYQ
K0FLM,K0FLM
76B6D,76B6D
JY4UN,JY4UN
VV6LE,VV6LE
J36V6,J36V6
UT6KQ,UT6KQ
7BE7H,7BE7H
4SOAK,4SOAK
MTL1Y,MTL1Y
1AO2U,1AO2U
MZRK6,MZRK6
P3NJJ,P3NJJ
AV73R,AV73R
07KNS,07KNS
K0WV4,K0WV4
K0ER8,K0ER8
7GH5H,7GH5H
DVQ9I,DVQ9I
R677N,R677N
F17P9,F17P9
J4QDK,J4QDK
OU8J3,OU8J3
H5NTY,H5NTY
ESR7A,ESR7A
BVHKI,BVHKI
4RHQL,4RHQL
FWOT1,FWOT1
7W4E2,7W4E2
A21A0,A21A0
XH24Z,XH24Z
2VASM,2VASM
A3LBK,A3LBK
0AUUV,0AUUV
GHR8P,GHR8P
NBFA8,NBFA8
N1JJ9,N1JJ9
2T54D,2T54D
90JRE,90JRE
2F68V,2F68V
H6CX4,H6CX4
C8GC8,C8GC8
TS9DY,TS9DY
TKW2U,TKW2U
46IN5,46IN5
DXBKP,DXBKP
1RTZR,1RTZR
NH7C4,NH7C4
TO6LX,TO6LX
XOOYS,XOOYS
SRYM3,SRYM3
ZPQLJ,ZPQLJ
ENHTB,ENHTB
V9PK4,V9PK4
P72KF,P72KF
M0FHB,M0FHB
WCJ4O,WCJ4O
4JSYX,4JSYX
UL3M9,UL3M9
V4B24,V4B24
606RB,606RB
XFN7A,XFN7A
FFJA4,FFJA4
ZM8ND,ZM8ND
ZKJDK,ZKJDK
A89RG,A89RG
5DAV3,5DAV3
9HOY0,9HOY0
YY5IV,YY5IV
LVSB0,LVSB0
FK50K,FK50K
ARD7E,ARD7E
E9FSR,E9FSR
19KDP,19KDP
0Y0LT,0Y0LT
Z6CPS,Z6CPS
SKKKA,SKKKA
PGZI4,PGZI4
JN3C0,JN3C0
DUDN7,DUDN7
OFQWW,OFQWW
KTS5Y,KTS5Y
3HQZX,3HQZX
TD5Z7,TD5Z7
W5IOE,W5IOE
V0I73,V0I73
057TO,057TO
3VT6Q,3VT6Q
HUPUC,HUPUC
WE2F1,WE2F1
1FVS9,1FVS9
RRL70,RRL70
ZU3JO,ZU3JO
BFHFW,BFHFW
RAKP0,RAKP0
K1QU1,K1QU1
M7X9L,M7X9L
HJI6H,HJI6H
JV9CQ,JV9CQ
V8UK6,V8UK6
1QX7V,1QX7V
5OEGS,5OEGS
M3FDB,M3FDB
H98MF,H98MF
T2JPB,T2JPB
3VX7L,3VX7L
S96V2,S96V2
MP2W2,MP2W2
6T1WF,6T1WF
O4AKN,O4AKN
NZDMB,NZDMB
PHUOE,PHUOE
UVTM8,UVTM8
NUDM9,NUDM9
G4KIL,G4KIL
LUKGE,LUKGE
ZZNBB,ZZNBB
DJA3Y,DJA3Y
H1PWC,H1PWC
24KYA,24KYA
S8Z7R,S8Z7R
Q0RJL,Q0RJL
HZ9V8,HZ9V8
OER2Y,OER2Y
KF3TN,KF3TN
0NMSB,0NMSB
L367V,L367V
98OGL,98OGL
1RFM4,1RFM4
IDE4F,IDE4F
38UWS,38UWS
03HDH,03HDH
PMDMR,PMDMR
9XOLP,9XOLP
PTO6L,PTO6L
I125H,I125H
3GYXD,3GYXD
1WLFK,1WLFK
736EO,736EO
MH4X4,MH4X4
YUC0Y,YUC0Y
E4BOL,E4BOL
290JR,290JR
TPTR9,TPTR9
F6MFQ,F6MFQ
N2ZHV,N2ZHV
2RCZS,2RCZS
YCR7D,YCR7D
OU365,OU365
GL947,GL947
XDSZK,XDSZK
FIO8W,FIO8W
1VY5Y,1VY5Y
PXX31,PXX31
4POCJ,4POCJ
U3SQN,U3SQN
1IYBY,1IYBY
HRUHJ,HRUHJ
WWUC3,WWUC3
63J7R,63J7R
ST383,ST383
4L0PR,4L0PR
4OUB3,4OUB3
C83QW,C83QW
WPNAM,WPNAM
PJM5G,PJM5G
S7PJU,S7PJU
J3E0J,J3E0J
YWCHY,YWCHY
ZX1RF,ZX1RF
98LQ0,98LQ0
DJNV7,DJNV7
E23VM,E23VM
B7XE5,B7XE5
IZ8B2,IZ8B2
ESIKA,ESIKA
NNQOW,NNQOW
GP48J,GP48J
SVXS5,SVXS5
ZQ2PC,ZQ2PC
5281D,5281D
25BH1,25BH1
HB2IK,HB2IK
ED0GL,ED0GL
LRKVI,LRKVI
CIE4A,CIE4A
G6SG5,G6SG5
QXG6Z,QXG6Z
I6YNF,I6YNF
2PPR4,2PPR4
GJ7G1,GJ7G1
1JJGT,1JJGT
OO186,OO186
N5Z53,N5Z53
988FP,988FP
U7U9P,U7U9P
M0DK3,M0DK3
U2593,U2593
SZWOR,SZWOR
DIN2Y,DIN2Y
ZV01T,ZV01T
NKRUV,NKRUV
KZG47,KZG47
6Z0F6,6Z0F6
UB2VO,UB2VO
359KZ,359KZ
EHF1P,EHF1P
GAPU2,GAPU2
JLF47,JLF47
5QTGM,5QTGM
694EN,694EN
Y502O,Y502O
PVJBO,PVJBO
Q5KOL,Q5KOL
5Z03N,5Z03N
NIKR2,NIKR2
N5OLG,N5OLG
YT80M,YT80M
L8IRO,L8IRO
1CSAR,1CSAR
MMKSZ,MMKSZ
D8W4E,D8W4E
VNCHV,VNCHV
MLTLC,MLTLC
E0V7I,E0V7I
Q4XL9,Q4XL9
7KHG2,7KHG2
IJXCW,IJXCW
41RT8,41RT8
L9XZ5,L9XZ5
EGQ1D,EGQ1D
03IZE,03IZE
JWZO3,JWZO3
QRCN1,QRCN1
A5NTI,A5NTI
RVBR1,RVBR1
WL2K6,WL2K6
VELPJ,VELPJ
UI2M2,UI2M2
TDEIS,TDEIS
AE98R,AE98R
BABBX,BABBX
7UVXO,7UVXO
LHPC0,LHPC0
168D2,168D2
9LMZC,9LMZC
2OG5U,2OG5U
HKT3B,HKT3B
UXG0H,UXG0H
R1DAU,R1DAU
FYZ1D,FYZ1D
2G2D9,2G2D9
GO9Y0,GO9Y0
B0N4H,B0N4H
LF5R0,LF5R0
NF77H,NF77H
ANXYA,ANXYA
KCJRA,KCJRA
6JZHB,6JZHB
AGO8D,AGO8D
NLUSZ,NLUSZ
MBOF1,MBOF1
X85EW,X85EW
KWGXN,KWGXN
F4ZK6,F4ZK6
HFVU1,HFVU1
HNTVT,HNTVT
RTWEL,RTWEL
FW84V,FW84V
6KRXI,6KRXI
FI982,FI982
1EYJP,1EYJP
D06TM,D06TM
4OEI7,4OEI7
9SZ19,9SZ19
2C0LH,2C0LH
JX46K,JX46K
WMLNI,WMLNI
MBDET,MBDET
ME86H,ME86H
BVZ2Z,BVZ2Z
EVNFZ,EVNFZ
10AU8,10AU8
93YQ4,93YQ4
8BR63,8BR63
4AL9K,4AL9K
4LQ1B,4LQ1B
JCK2G,JCK2G
ZCKRB,ZCKRB
9JZ5B,9JZ5B
5909O,5909O
39A4F,39A4F
843WG,843WG
CNAZ7,CNAZ7
RS0O6,RS0O6
SQZP5,SQZP5
O5DFD,O5DFD
YJ6BM,YJ6BM
B7P3T,B7P3T
D6YQS,D6YQS
142QB,142QB
J9G16,J9G16
20QMS,20QMS
RG765,RG765
ER1GJ,ER1GJ
PI8FL,PI8FL
YZURT,YZURT
TXLT8,TXLT8
BRT4Z,BRT4Z
4L37D,4L37D
KUHM3,KUHM3
IKFS4,IKFS4
OVJ7X,OVJ7X
TDQK3,TDQK3
PV2PB,PV2PB
O0CFI,O0CFI
TTNE4,TTNE4
57E7Q,57E7Q
FVI4J,FVI4J
6RUOT,6RUOT
T3MFY,T3MFY
B2ZRD,B2ZRD
FAWBS,FAWBS
0N4UE,0N4UE
900RS,900RS
DGG5N,DGG5N
U3C9K,U3C9K
S4TUR,S4TUR
HWMRL,HWMRL
O1RSN,O1RSN
3RWUS,3RWUS
ZAV0A,ZAV0A
UPDJC,UPDJC
SCEQ0,SCEQ0
PO13U,PO13U
8QF8W,8QF8W
G00PY,G00PY
QL0J3,QL0J3
2MFD3,2MFD3
WC6JY,WC6JY
MQHVM,MQHVM
7E9MJ,7E9MJ
11DIA,11DIA
FG0A8,FG0A8
CU0EQ,CU0EQ
5U62L,5U62L
MAQ53,MAQ53
B8RGF,B8RGF
L4CXT,L4CXT
2QXBO,2QXBO
SGXMS,SGXMS
YJWDO,YJWDO
M2PJG,M2PJG
9X5QI,9X5QI
P5QME,P5QME
5K3OH,5K3OH
GF51Q,GF51Q
RVE41,RVE41
GO37C,GO37C
AI0MY,AI0MY
LQN5M,LQN5M
I31J0,I31J0
G1CGT,G1CGT
DDC65,DDC65
AC1KV,AC1KV
8J49I,8J49I
3UPIL,3UPIL
F42RV,F42RV
WJQ7A,WJQ7A
7MKYL,7MKYL
95ZYE,95ZYE
1IQBK,1IQBK
W9AVQ,W9AVQ
IATKG,IATKG
NL2CB,NL2CB
2WGON,2WGON
BNVZW,BNVZW
HVJJY,HVJJY
PLOAI,PLOAI
P2E0X,P2E0X
3MKJP,3MKJP
WMI3Y,WMI3Y
FXUJV,FXUJV
CPUDH,CPUDH
PIXHX,PIXHX
05VKG,05VKG
TMH0Y,TMH0Y
QGKSI,QGKSI
ZSJ3R,ZSJ3R
UKH05,UKH05
0Z35X,0Z35X
NSNHJ,NSNHJ
8FGX3,8FGX3
MCXSY,MCXSY
SCWGF,SCWGF
ATPXV,ATPXV
GOLA5,GOLA5
8ACCB,8ACCB
7LPSG,7LPSG
RIFCV,RIFCV
YLBN2,YLBN2
VG98U,VG98U
OP4UF,OP4UF
0JTVR,0JTVR
GD679,GD679
D011E,D011E
SEU64,SEU64
3VO4N,3VO4N
VYXDB,VYXDB
WFZBK,WFZBK
AT9VI,AT9VI
XW23L,XW23L
TYP4V,TYP4V
D1751,D1751
2BE3Z,2BE3Z
L0ICC,L0ICC
4NKK6,4NKK6
EKKX7,EKKX7
PSY0M,PSY0M
80BOH,80BOH
5BXX4,5BXX4
WFI2O,WFI2O
KCA9V,KCA9V
LACM8,LACM8
VHZVX,VHZVX
I8KR7,I8KR7
UDFI5,UDFI5
NU8KV,NU8KV
EJNT3,EJNT3
AYI1G,AYI1G
9VRXC,9VRXC
UL2IV,UL2IV
L6TKN,L6TKN
WLUFZ,WLUFZ
SWH7S,SWH7S
AJCZM,AJCZM
U22QI,U22QI
3WK34,3WK34
534NL,534NL
8M1RQ,8M1RQ
R6QGT,R6QGT
YDG60,YDG60
1O68Y,1O68Y
CBXKG,CBXKG
LH97L,LH97L
S6B1A,S6B1A
KVEC0,KVEC0
4DIAQ,4DIAQ
V460G,V460G
XBZLN,XBZLN
3BB8G,3BB8G
KXHEH,KXHEH
LVSXZ,LVSXZ
7W1V3,7W1V3
3BTFH,3BTFH
8CS8I,8CS8I
UMZCU,UMZCU
4EXBU,4EXBU
IEV9A,IEV9A
VOC7B,VOC7B
1ST5M,1ST5M
X8ZNK,X8ZNK
KYJYG,KYJYG
4RT2V,4RT2V
BH247,BH247
KUXA9,KUXA9
54A0D,54A0D
LWOG5,LWOG5
OG8J5,OG8J5
WPV0C,WPV0C
J2861,J2861
45H07,45H07
5X77A,5X77A
277X2,277X2
SYNCX,SYNCX
7EBZQ,7EBZQ
FEGTV,FEGTV
O5B19,O5B19
YAXZF,YAXZF
FLE6K,FLE6K
TRSPX,TRSPX
YHC3Q,YHC3Q
06IWR,06IWR
76RBF,76RBF
Y8NI0,Y8NI0
8APP3,8APP3
25YE2,25YE2
6PURL,6PURL
D22X0,D22X0
ANMT8,ANMT8
JSCI7,JSCI7
HPYSS,HPYSS
AQFAX,AQFAX
7Q2KR,7Q2KR
JZSOB,JZSOB
V72AQ,V72AQ
3YG1K,3YG1K
8IK8Q,8IK8Q
ELFLB,ELFLB
ZVROV,ZVROV
ZTVR7,ZTVR7
6R628,6R628
PRBOB,PRBOB
92RQF,92RQF
6A3CR,6A3CR
GSL52,GSL52
167ZM,167ZM
3KDSL,3KDSL
U98O6,U98O6
O8IPZ,O8IPZ
JM20K,JM20K
202II,202II
JW9QN,JW9QN
TUPJE,TUPJE
DYX1E,DYX1E
JB24I,JB24I
7ABCD,7ABCD
X7ZYW,X7ZYW
KVVLO,KVVLO
7FNI4,7FNI4
JVUIE,JVUIE
ZU8FY,ZU8FY
8VER9,8VER9
ZXVAF,ZXVAF
HQZG3,HQZG3
W0JKY,W0JKY
0O70I,0O70I
7ALEX,7ALEX
7PLAL,7PLAL
THJ86,THJ86
7BT2W,7BT2W
WUI0P,WUI0P
S6Q4L,S6Q4L
L5L9S,L5L9S
2TEAL,2TEAL
0GVIS,0GVIS
JTWMI,JTWMI
8T4D9,8T4D9
VR58H,VR58H
B07N2,B07N2
FT2MI,FT2MI
WB3W0,WB3W0
OLSE9,OLSE9
5K6IF,5K6IF
ZFOT8,ZFOT8
VUQ1C,VUQ1C
OHU5L,OHU5L
YYQAW,YYQAW
QFTQG,QFTQG
CEWIM,CEWIM
DHH75,DHH75
4JT9G,4JT9G
QRE18,QRE18
PIT4L,PIT4L
H3RQL,H3RQL
LCB1D,LCB1D
CV1AV,CV1AV
9ZOZU,9ZOZU
OFRGG,OFRGG
6G8AK,6G8AK
E7936,E7936
RJGF5,RJGF5
HQQHX,HQQHX
706Z3,706Z3
G55XY,G55XY
84UAB,84UAB
JHBSA,JHBSA
FWB1N,FWB1N
YID9K,YID9K
1G2JB,1G2JB
YM8SI,YM8SI
TJMER,TJMER
XSLXY,XSLXY
DQCOK,DQCOK
DYTE6,DYTE6
KT1R7,KT1R7
IRUEI,IRUEI
W7UAK,W7UAK
HJOWR,HJOWR
PWIYI,PWIYI
44U45,44U45
0EI2L,0EI2L
OZMFJ,OZMFJ
Z205Q,Z205Q
MD5I5,MD5I5
D5PSY,D5PSY
Q5JHL,Q5JHL
C5T6Z,C5T6Z
CTVCK,CTVCK
A89QG,A89QG
QTHOL,QTHOL
JPEFV,JPEFV
5JSAL,5JSAL
DO675,DO675
WNGNO,WNGNO
M511K,M511K
PZURU,PZURU
1KHHT,1KHHT
N2173,N2173
12DO9,12DO9
GH166,GH166
UI6PM,UI6PM
D5BFW,D5BFW
F5U7O,F5U7O
NRQFX,NRQFX
EOSA1,EOSA1
5LO4J,5LO4J
W2GDD,W2GDD
2DW2T,2DW2T
GPG2P,GPG2P
C8EQG,C8EQG
XWP18,XWP18
JNRRZ,JNRRZ
P6G0B,P6G0B
VZI3T,VZI3T
N577Y,N577Y
U2EW6,U2EW6
HETGP,HETGP
Z1WS5,Z1WS5
ZHD3P,ZHD3P
40VX9,40VX9
39SJ6,39SJ6
0P1E7,0P1E7
SER2H,SER2H
US26J,US26J
BPHS2,BPHS2
54O8A,54O8A
CH1KY,CH1KY
08PG5,08PG5
NBRM6,NBRM6
CTQI7,CTQI7
RNMHH,RNMHH
7QMTB,7QMTB
NSC9D,NSC9D
CJTYT,CJTYT
WYL19,WYL19
NF0ZK,NF0ZK
0EXI4,0EXI4
T9ZQG,T9ZQG
2U7XB,2U7XB
SNG0O,SNG0O
I67IL,I67IL
DOUTB,DOUTB
KL028,KL028
D6573,D6573
84ISV,84ISV
5GKQJ,5GKQJ
BMAI4,BMAI4
LUDOK,LUDOK
02CM6,02CM6
B8OK9,B8OK9
W4MU5,W4MU5
VGOYT,VGOYT
7BABT,7BABT
VZ2B3,VZ2B3
6GNSW,6GNSW
H8M00,H8M00
4V6WD,4V6WD
2MTQG,2MTQG
HCMZU,HCMZU
9LTBC,9LTBC
V41B8,V41B8
JSX0F,JSX0F
4BWU1,4BWU1
YSECU,YSECU
DTNCZ,DTNCZ
TA68E,TA68E
ZQVX4,ZQVX4
PZB4A,PZB4A
0LR3O,0LR3O
JIXPF,JIXPF
29MID,29MID
5NYYP,5NYYP
LQWCH,LQWCH
UYHSM,UYHSM
QND0Y,QND0Y
HYKBI,HYKBI
90UO5,90UO5
Z7QVG,Z7QVG
UCBFO,UCBFO
XEVOT,XEVOT
5RN6Q,5RN6Q
191SE,191SE
WRWBJ,WRWBJ
SZ40T,SZ40T
UC3SN,UC3SN
WHB8O,WHB8O
0CHT5,0CHT5
VR2WF,VR2WF
KH5Z5,KH5Z5
7KRJU,7KRJU
XTVO7,XTVO7
G2HKF,G2HKF
VQMYX,VQMYX
AYUWF,AYUWF
19XDB,19XDB
DAHF5,DAHF5
X7N7F,X7N7F
6IBW1,6IBW1
WQOKK,WQOKK
5QSCT,5QSCT
61W1I,61W1I
42C95,42C95
GFW7S,GFW7S
YTDDB,YTDDB
78R97,78R97
MIXCQ,MIXCQ
RFE8P,RFE8P
06S9F,06S9F
GMN22,GMN22
FRJDB,FRJDB
ZU963,ZU963
25XVO,25XVO
Z3T6Z,Z3T6Z
HTHL5,HTHL5
G9AWU,G9AWU
1HJX2,1HJX2
JJ8TQ,JJ8TQ
UEFDM,UEFDM
BO8EZ,BO8EZ
3RW36,3RW36
KNF6J,KNF6J
0K1A0,0K1A0
46VVL,46VVL
4P9VX,4P9VX
ZP9HG,ZP9HG
0LF75,0LF75
JC2QK,JC2QK
NBPAS,NBPAS
4EJ12,4EJ12
IJLK1,IJLK1
J3R0K,J3R0K
BSYJN,BSYJN
T9RO0,T9RO0
856X2,856X2
RD88J,RD88J
7O3GL,7O3GL
5CXCB,5CXCB
N61DD,N61DD
0HAAN,0HAAN
42B8J,42B8J
HUWN0,HUWN0
AECKP,AECKP
W316J,W316J
XKXFR,XKXFR
KFHCY,KFHCY
6AN5N,6AN5N
ZFXHN,ZFXHN
9P6W5,9P6W5
Y0C5F,Y0C5F
KICCV,KICCV
4ZW1C,4ZW1C
S4EHL,S4EHL
E7EN9,E7EN9
O6LWO,O6LWO
XFHPB,XFHPB
J8D28,J8D28
Q2JFD,Q2JFD
39V9U,39V9U
JCHEI,JCHEI
37KP3,37KP3
X96SP,X96SP
OYVF9,OYVF9
ET4HM,ET4HM
MWOFC,MWOFC
IM1OM,IM1OM
VSHOD,VSHOD
WS91O,WS91O
D8KJJ,D8KJJ
U4PVL,U4PVL
MLVAP,MLVAP
KGWOJ,KGWOJ
EA4L9,EA4L9
YHIGR,YHIGR
OXHN5,OXHN5
W2CNF,W2CNF
PZSXD,PZSXD
LJ94Y,LJ94Y
F3RCI,F3RCI
KZWG0,KZWG0
1SIST,1SIST
76YAC,76YAC
G97VT,G97VT
VBTS4,VBTS4
T7QUL,T7QUL
EXE9X,EXE9X
6NRW8,6NRW8
VAHN7,VAHN7
SWGFD,SWGFD
R44T4,R44T4
845Y8,845Y8
3PKUP,3PKUP
QOE60,QOE60
WFC5G,WFC5G
WD7IX,WD7IX
78HZW,78HZW
Y41SP,Y41SP
LOBBQ,LOBBQ
30VTG,30VTG
U94XJ,U94XJ
596IB,596IB
1LDF1,1LDF1
UHN6Z,UHN6Z
TV2N3,TV2N3
PCNXQ,PCNXQ
HA6QS,HA6QS
Z2WZW,Z2WZW
VYK7W,VYK7W
0N9ZZ,0N9ZZ
6BLQJ,6BLQJ
G5C67,G5C67
PZUCK,PZUCK
OPD08,OPD08
CU3V4,CU3V4
8J3OP,8J3OP
UGTMX,UGTMX
HZJH0,HZJH0
J0Y5I,J0Y5I
M4WU9,M4WU9
USXF5,USXF5
O5U4N,O5U4N
WQRVW,WQRVW
098CL,098CL
9IRU9,9IRU9
W1E66,W1E66
LSNSE,LSNSE
Q91UK,Q91UK
4AGA9,4AGA9
SW46G,SW46G
A5FX3,A5FX3
5X7WE,5X7WE
NOY4H,NOY4H
W74EG,W74EG
SFJRN,SFJRN
DDRQZ,DDRQZ
ZJS03,ZJS03
JXCFF,JXCFF
SQ2PN,SQ2PN
CONHO,CONHO
J1JAO,J1JAO
4D72L,4D72L
I2EJ0,I2EJ0
R4QQS,R4QQS
A4TCT,A4TCT
AXYD9,AXYD9
1W38C,1W38C
SMKZQ,SMKZQ
2K96G,2K96G
Z0MG6,Z0MG6
P6HVK,P6HVK
G4326,G4326
Q1DPC,Q1DPC
QHZK3,QHZK3
ITPSI,ITPSI
DO1WM,DO1WM
RFW4F,RFW4F
9JIKF,9JIKF
9DPBU,9DPBU
OX2T4,OX2T4
2MJQI,2MJQI
4O0IM,4O0IM
V0S8J,V0S8J
FDODV,FDODV
KREYP,KREYP
F1HOQ,F1HOQ
00S5V,00S5V
HJH6P,HJH6P
8NVO9,8NVO9
8JJ4D,8JJ4D
WPDZC,WPDZC
225IM,225IM
TT752,TT752
560IN,560IN
X7AIE,X7AIE
GD2ZT,GD2ZT
GCLW5,GCLW5
1MUV0,1MUV0
967VA,967VA
EZ3K6,EZ3K6
P4Z42,P4Z42
I5IH9,I5IH9
2BORE,2BORE
ZP3HQ,ZP3HQ
HMRV4,HMRV4
A0YBQ,A0YBQ
JPWA1,JPWA1
55H2N,55H2N
VUAZC,VUAZC
92H2Y,92H2Y
2D20U,2D20U
5GO5L,5GO5L
J6ET9,J6ET9
CWH9N,CWH9N
DMOAR,DMOAR
8HYV5,8HYV5
F1HA9,F1HA9
10IFE,10IFE
YBDKP,YBDKP
PHSZV,PHSZV
LX5V9,LX5V9
DACCD,DACCD
BNL2B,BNL2B
B26CI,B26CI
WGOXR,WGOXR
HM34T,HM34T
Q9XF5,Q9XF5
F8Q3V,F8Q3V
O2M11,O2M11
3GJXO,3GJXO
5SRUY,5SRUY
60CS8,60CS8
AXJSG,AXJSG
XZD9K,XZD9K
SFMJ7,SFMJ7
71DOJ,71DOJ
97L9K,97L9K
JOF9F,JOF9F
O951O,O951O
F4YR5,F4YR5
SY14T,SY14T
TQYG5,TQYG5
G8GTX,G8GTX
BQB1I,BQB1I
W2A90,W2A90
S9983,S9983
HBUPV,HBUPV
7N9LH,7N9LH
YDFFH,YDFFH
Z6Q1A,Z6Q1A
MEKKS,MEKKS
Z12UH,Z12UH
FPMVN,FPMVN
CQSB8,CQSB8
QX6Q1,QX6Q1
W4W7W,W4W7W
LEJ7V,LEJ7V
DXBAS,DXBAS
2DV9B,2DV9B
ATQA1,ATQA1
M4TWH,M4TWH
XOCZT,XOCZT
CS9K8,CS9K8
8IRB7,8IRB7
TZ1P4,TZ1P4
6Z79B,6Z79B
SN804,SN804
E9UPD,E9UPD
J5IH3,J5IH3
IMU1R,IMU1R
LREHE,LREHE
84860,8486
657DM,657DM
X5STA,X5STA
94P34,94P34
V6S8C,V6S8C
E1MW0,E1MW0
4POZV,4POZV
145HU,145HU
5ER2U,5ER2U
HEKO6,HEKO6
E810S,E810S
D0KB0,D0KB0
NQZAB,NQZAB
S589E,S589E
KSF1T,KSF1T
COR1M,COR1M
D39DU,D39DU
MI9VL,MI9VL
Y2V0K,Y2V0K
EP05Y,EP05Y
FG7RD,FG7RD
T3XES,T3XES
89FHW,89FHW
FZX0O,FZX0O
H1XJT,H1XJT
8WJJ0,8WJJ0
XV5XV,XV5XV
6B0XS,6B0XS
76Z02,76Z02
17JIB,17JIB
2LWJ2,2LWJ2
AC8XK,AC8XK
1DQEV,1DQEV
VGVNQ,VGVNQ
0QJAG,0QJAG
LPRTT,LPRTT
W99EG,W99EG
DT72W,DT72W
D7LVQ,D7LVQ
GCYOU,GCYOU
42GHR,42GHR
ACV0R,ACV0R
2JYF6,2JYF6
14LZ3,14LZ3
I9ZLW,I9ZLW
F3GMD,F3GMD
9UZKH,9UZKH
AZIV9,AZIV9
VDP7F,VDP7F
YEWYQ,YEWYQ
ZH1BB,ZH1BB
4I4OO,4I4OO
L9VIC,L9VIC
VATQD,VATQD
KJ9HD,KJ9HD
6JVNB,6JVNB
3COSD,3COSD
WBO3B,WBO3B
1SI3R,1SI3R
NW4BX,NW4BX
LLV50,LLV50
2UDWT,2UDWT
3DWC3,3DWC3
4K8GU,4K8GU
5SVYO,5SVYO
VH7UW,VH7UW
16NL9,16NL9
YHZEJ,YHZEJ
28I9O,28I9O
BQ7WI,BQ7WI
W9G1X,W9G1X
R2S87,R2S87
R0KNZ,R0KNZ
ICW4D,ICW4D
8R5PH,8R5PH
SWIK2,SWIK2
UHVVF,UHVVF
KO7JM,KO7JM
N4DUS,N4DUS
AFE4S,AFE4S
BWYXU,BWYXU
S1IA7,S1IA7
5JMDV,5JMDV
31GKA,31GKA
DDVHY,DDVHY
LKWTV,LKWTV
81TMU,81TMU
CKTS8,CKTS8
BKSPK,BKSPK
YXZH4,YXZH4
YX8XV,YX8XV
VV70L,VV70L
O478N,O478N
LA6QX,LA6QX
VJ5EY,VJ5EY
WTWLR,WTWLR
2Q8QP,2Q8QP
ID11S,ID11S
Y06TQ,Y06TQ
0X94L,0X94L
65CI2,65CI2
I5HDQ,I5HDQ
KLLV6,KLLV6
PPUW6,PPUW6
QEEIL,QEEIL
5UWIT,5UWIT
GY9EC,GY9EC
PCEIB,PCEIB
PFHB4,PFHB4
00K4A,00K4A
LJYBD,LJYBD
034V0,034V0
FJSMB,FJSMB
F7XRX,F7XRX
8PF4I,8PF4I
FKKK3,FKKK3
E2Z79,E2Z79
1CV9G,1CV9G
N64M5,N64M5
MD2OP,MD2OP
ULZLK,ULZLK
RW0SL,RW0SL
XJ4QY,XJ4QY
5SQX1,5SQX1
FO05Q,FO05Q
LOVDY,LOVDY
OGZMT,OGZMT
LYEMG,LYEMG
NYO4U,NYO4U
9N8QZ,9N8QZ
H9NSL,H9NSL
KSQMT,KSQMT
MF57L,MF57L
FSCK1,FSCK1
9QQF2,9QQF2
HGF9E,HGF9E
7AL3T,7AL3T
WFXEL,WFXEL
3N6I8,3N6I8
K0S50,K0S50
3G8PJ,3G8PJ
ABMQC,ABMQC
9KR1Y,9KR1Y
I2YP0,I2YP0
48FZB,48FZB
80J3D,80J3D
O6VB0,O6VB0
DHZ6J,DHZ6J
A2UEU,A2UEU
8UDLY,8UDLY
IB4OW,IB4OW
W7VEC,W7VEC
7KVAM,7KVAM
964DX,964DX
ZF8OE,ZF8OE
VE5I1,VE5I1
3GTV8,3GTV8
0PEE3,0PEE3
0XUQB,0XUQB
UV4UI,UV4UI
973FU,973FU
44WEP,44WEP
K8R4Y,K8R4Y
GKBZI,GKBZI
JR5W5,JR5W5
Y8QCX,Y8QCX
OEEO9,OEEO9
5Y7HE,5Y7HE
EZ5ZT,EZ5ZT
SDCZB,SDCZB
YQ8LO,YQ8LO
739K4,739K4
GS42R,GS42R
I1OPP,I1OPP
IJ1OA,IJ1OA
LA234,LA234
J7NIB,J7NIB
VXCW2,VXCW2
P3631,P3631
0CZXD,0CZXD
CKT9M,CKT9M
PUZHY,PUZHY
7BKOH,7BKOH
NLNLW,NLNLW
NL1LS,NL1LS
7M3VH,7M3VH
7P9WT,7P9WT
QGOBX,QGOBX
5FOEK,5FOEK
VZAHF,VZAHF
1V2N5,1V2N5
GI2LX,GI2LX
ITXWA,ITXWA
B60CH,B60CH
MM9QZ,MM9QZ
DSBMA,DSBMA
A4OCG,A4OCG
RPB50,RPB50
QEK86,QEK86
01F11,01F11
7GKU0,7GKU0
HMZHU,HMZHU
D1KGH,D1KGH
0OQ4A,0OQ4A
S0QSS,S0QSS
QSC18,QSC18
C37HD,C37HD
3MHKL,3MHKL
BQ8PK,BQ8PK
JQY2P,JQY2P
0ZWU5,0ZWU5
AFERW,AFERW
P3V80,P3V80
6VZ9M,6VZ9M
6R04M,6R04M
SXBPY,SXBPY
F7SDV,F7SDV
DLZHB,DLZHB
YKMM2,YKMM2
MQ510,MQ510
ULW58,ULW58
1FWOA,1FWOA
PP1SW,PP1SW
GIBCQ,GIBCQ
3XFSD,3XFSD
AYZ1A,AYZ1A
E9TJ9,E9TJ9
44492,44492
PTBEA,PTBEA
SNCHE,SNCHE
EXSFC,EXSFC
LN9FQ,LN9FQ
CXRD0,CXRD0
RDI5C,RDI5C
AAOD3,AAOD3
F0BDX,F0BDX
YB30S,YB30S
EKEEB,EKEEB
X00YY,X00YY
7MNY9,7MNY9
NMN8Q,NMN8Q
XQF73,XQF73
YG701,YG701
B2D4P,B2D4P
5YR5R,5YR5R
QZ0YU,QZ0YU
PP48W,PP48W
EQ4NC,EQ4NC
2BUJM,2BUJM
VFF12,VFF12
NXE23,NXE23
M7RR8,M7RR8
BVBPP,BVBPP
UL6JR,UL6JR
5NM2C,5NM2C
WKNRB,WKNRB
O8XSD,O8XSD
2H7XB,2H7XB
79O5L,79O5L
578HG,578HG
8AFAN,8AFAN
D7JS1,D7JS1
JS4FN,JS4FN
TYLB5,TYLB5
XXCK4,XXCK4
BWK3I,BWK3I
8QDZ8,8QDZ8
9P9RE,9P9RE
GWORG,GWORG
SU280,SU280
76J9Z,76J9Z
2CUJR,2CUJR
3YWC8,3YWC8
MQXSF,MQXSF
XFD7I,XFD7I
WEST8,WEST8
WCRLV,WCRLV
VG7K8,VG7K8
OBKZL,OBKZL
LFTFK,LFTFK
P8R3N,P8R3N
BMAR4,BMAR4
UN4WH,UN4WH
QT89V,QT89V
3TKWY,3TKWY
R5W4F,R5W4F
W44QS,W44QS
SJIMY,SJIMY
DYHQ7,DYHQ7
6DNRY,6DNRY
MWEA5,MWEA5
OM1V4,OM1V4
9G4K6,9G4K6
HUOAK,HUOAK
9KC3P,9KC3P
2VV3J,2VV3J
67RR7,67RR7
XQQT1,XQQT1
03LCB,03LCB
NM16V,NM16V
JFHI3,JFHI3
ZCBTK,ZCBTK
LP3YQ,LP3YQ
8G6S8,8G6S8
B55TA,B55TA
DFXMC,DFXMC
1JDV9,1JDV9
EB4WP,EB4WP
R8VXZ,R8VXZ
Z4534,Z4534
V2Z9O,V2Z9O
46G2E,46G2E
WP2EM,WP2EM
QPAIO,QPAIO
ZGRQO,ZGRQO
M86MX,M86MX
7284S,7284S
QRZPZ,QRZPZ
LZTWB,LZTWB
UUYMM,UUYMM
27207,27207
VT2EH,VT2EH
G6GKN,G6GKN
BQU2Z,BQU2Z
PSJZ9,PSJZ9
PFRYW,PFRYW
50D2S,50D2S
11F3A,11F3A
EOHGR,EOHGR
OWQEZ,OWQEZ
58ZRW,58ZRW
0ZTZJ,0ZTZJ
W5KVP,W5KVP
SKECW,SKECW
2A1VF,2A1VF
IF7E4,IF7E4
CBOJ7,CBOJ7
P0VJU,P0VJU
XRDDN,XRDDN
IOPYE,IOPYE
SW4CK,SW4CK
H8G64,H8G64
HCT8S,HCT8S
SNUII,SNUII
1NROX,1NROX
R14L2,R14L2
H8UAR,H8UAR
HDS64,HDS64
CM9WG,CM9WG
Z9FHZ,Z9FHZ
QOTMD,QOTMD
SJRKO,SJRKO
C7UXT,C7UXT
QBA8O,QBA8O
UDO5F,UDO5F
B961C,B961C
LGKQ9,LGKQ9
27BVB,27BVB
CBBGV,CBBGV
Y3PYD,Y3PYD
3BUV3,3BUV3
RI19N,RI19N
U5AVL,U5AVL
PH86Y,PH86Y
BJNLL,BJNLL
KNZ37,KNZ37
MXV7U,MXV7U
UWTRP,UWTRP
A22SB,A22SB
JE3EW,JE3EW
XWUYJ,XWUYJ
LV97F,LV97F
PR34M,PR34M
5JPA6,5JPA6
RV78B,RV78B
BD6FQ,BD6FQ
EDYF4,EDYF4
AUDAY,AUDAY
0300A,0300A
3S4KQ,3S4KQ
HVDW8,HVDW8
0FG8A,0FG8A
3RIFE,3RIFE
9GW1N,9GW1N
PULOA,PULOA
PER1N,PER1N
CWQ96,CWQ96
XBFR2,XBFR2
J85YD,J85YD
0FGET,0FGET
SPL9K,SPL9K
DCLRJ,DCLRJ
ETF7T,ETF7T
11JPI,11JPI
KSIEO,KSIEO
MXSYI,MXSYI
PBR66,PBR66
JLNEN,JLNEN
7CM4X,7CM4X
NHPEE,NHPEE
A3KZA,A3KZA
JJAL5,JJAL5
5KKOQ,5KKOQ
ABYSP,ABYSP
NA09L,NA09L
WIBMO,WIBMO
2BQKR,2BQKR
QH00V,QH00V
F7DPW,F7DPW
87S8G,87S8G
B8Q1A,B8Q1A
6YT38,6YT38
0RZ65,0RZ65
GB8US,GB8US
Q5KY7,Q5KY7
B1HHB,B1HHB
3PIMB,3PIMB
A1D0S,A1D0S
DOVB4,DOVB4
A5FU2,A5FU2
BDKDF,BDKDF
RQZLF,RQZLF
N6JVJ,N6JVJ
GKIHX,GKIHX
KSW7H,KSW7H
TNGVE,TNGVE
SMMGR,SMMGR
I8QR4,I8QR4
H6IDU,H6IDU
LI9Y3,LI9Y3
17SOP,17SOP
BE22A,BE22A
LXRV8,LXRV8
R0PBG,R0PBG
T8VT0,T8VT0
SO15I,SO15I
FYBFJ,FYBFJ
0YWAL,0YWAL
JBYKO,JBYKO
103V5,103V5
JNPO1,JNPO1
9CJG5,9CJG5
7RNNF,7RNNF
LNDTA,LNDTA
XXMBJ,XXMBJ
4JWWN,4JWWN
F92SB,F92SB
FTY64,FTY64
03AIY,03AIY
Q86GK,Q86GK
JXA4R,JXA4R
VM6Y4,VM6Y4
CJITT,CJITT
NZVRR,NZVRR
BGK8B,BGK8B
LUTZT,LUTZT
ATIEX,ATIEX
ZOIOT,ZOIOT
E2GU3,E2GU3
LNYCG,LNYCG
D73LF,D73LF
MBI0E,MBI0E
0OPEZ,0OPEZ
9MMGX,9MMGX
QID4U,QID4U
VG06V,VG06V
2G2WS,2G2WS
6VOGX,6VOGX
5L5I6,5L5I6
TJFKB,TJFKB
7216P,7216P
YF6YJ,YF6YJ
6KO9H,6KO9H
EE95Q,EE95Q
L0FOB,L0FOB
2W88F,2W88F
LX0MH,LX0MH
UVU24,UVU24
N4AO0,N4AO0
8NDV1,8NDV1
U5A2U,U5A2U
22KQQ,22KQQ
8LWCJ,8LWCJ
KJ3KC,KJ3KC
Q2W2R,Q2W2R
N3EAA,N3EAA
MT0V9,MT0V9
9UFEG,9UFEG
BBCCM,BBCCM
3P30G,3P30G
NQNKF,NQNKF
C2051,C2051
ONQ54,ONQ54
FD9DM,FD9DM
613YO,613YO
WD9VF,WD9VF
ARVP9,ARVP9
7ZPQB,7ZPQB
TTKXO,TTKXO
RYCK8,RYCK8
IG6D3,IG6D3
TM13X,TM13X
G6XVI,G6XVI
RZ2RD,RZ2RD
LZD7B,LZD7B
F1RGD,F1RGD
XFMWX,XFMWX
P1PAU,P1PAU
PALP2,PALP2
K0SN4,K0SN4
JI2BX,JI2BX
NRHSB,NRHSB
E2OAT,E2OAT
18YM8,18YM8
K3OBV,K3OBV
N66EC,N66EC
70564,70564
H5RF4,H5RF4
KQKA8,KQKA8
RFA8Y,RFA8Y
XLK2F,XLK2F
H2UCP,H2UCP
BBMPW,BBMPW
VHYKD,VHYKD
TGSC4,TGSC4
SVZQQ,SVZQQ
6V3EJ,6V3EJ
NQUV0,NQUV0
7ARYT,7ARYT
57MXY,57MXY
CX6MI,CX6MI
I10U4,I10U4
PZJOG,PZJOG
SCGL8,SCGL8
SHNS9,SHNS9
L6NOT,L6NOT
QO0FG,QO0FG
34Z8H,34Z8H
2EBGC,2EBGC
A6Z7M,A6Z7M
BATFH,BATFH
0C80R,0C80R
XL9WB,XL9WB
7LRMQ,7LRMQ
J0LKK,J0LKK
NZ7JS,NZ7JS
757AL,757AL
2PUGG,2PUGG
AXN49,AXN49
5O57P,5O57P
V3FSB,V3FSB
L8MM4,L8MM4
3SBMN,3SBMN
L1ZDI,L1ZDI
WL5VA,WL5VA
MWBF3,MWBF3
O58Y8,O58Y8
K9LKI,K9LKI
RNYUH,RNYUH
FWXT8,FWXT8
VR72Q,VR72Q
88H5N,88H5N
1F2MY,1F2MY
N5BAF,N5BAF
7JN5Q,7JN5Q
GK0KZ,GK0KZ
D1DKC,D1DKC
HXMNL,HXMNL
VMKCR,VMKCR
1XXV3,1XXV3
S11MG,S11MG
JGC10,JGC10
ZAZZU,ZAZZU
S7WCG,S7WCG
YGO4D,YGO4D
4JLTF,4JLTF
76BON,76BON
KBJ3Z,KBJ3Z
8J3RN,8J3RN
1OWBZ,1OWBZ
YVRKD,YVRKD
GEKJK,GEKJK
0ML8C,0ML8C
XFG63,XFG63
GM380,GM380
XGRXP,XGRXP
3IM1L,3IM1L
SMZXW,SMZXW
G4KCM,G4KCM
7S36A,7S36A
CVJ5D,CVJ5D
6UYSK,6UYSK
E1RDT,E1RDT
66XCH,66XCH
E58OS,E58OS
KQX73,KQX73
HY5PL,HY5PL
O39ZF,O39ZF
CNPZ8,CNPZ8
SRMD9,SRMD9
2UI9D,2UI9D
GTTWN,GTTWN
3JN3U,3JN3U
41B4R,41B4R
PAT40,PAT40
8BUEC,8BUEC
5O6EU,5O6EU
77JB0,77JB0
X1WBT,X1WBT
FLD70,FLD70
OT4PQ,OT4PQ
7ZGJ0,7ZGJ0
AM38E,AM38E
4KH2G,4KH2G
FTT9C,FTT9C
67RR0,67RR0
NVHJP,NVHJP
VN2CE,VN2CE
FWSKT,FWSKT
ZPGNH,ZPGNH
CZX8Z,CZX8Z
R0762,R0762
J2GOG,J2GOG
OPQFL,OPQFL
E8A12,E8A12
AFMU6,AFMU6
AUKDO,AUKDO
86417,86417
Y2Z4X,Y2Z4X
KDC17,KDC17
57M85,57M85
HJR3P,HJR3P
UA5P6,UA5P6
RDB3F,RDB3F
VC3PG,VC3PG
ADC2Y,ADC2Y
O2UZ3,O2UZ3
JEFKB,JEFKB
KMXQ5,KMXQ5
H0B1P,H0B1P
8IQI6,8IQI6
FDPL6,FDPL6
I22D6,I22D6
6M1X1,6M1X1
M3JVQ,M3JVQ
1MQNZ,1MQNZ
J8FXF,J8FXF
C62SA,C62SA
XSYUT,XSYUT
3EW9V,3EW9V
ZUHFV,ZUHFV
BXSGL,BXSGL
DHAK0,DHAK0
2NVE6,2NVE6
UC6BB,UC6BB
V76GF,V76GF
S1Z69,S1Z69
HND6K,HND6K
W55CL,W55CL
7IYEJ,7IYEJ
9PH4U,9PH4U
A7MRE,A7MRE
66Z8Z,66Z8Z
P92IX,P92IX
UI2FE,UI2FE
6FMG0,6FMG0
R5BZ9,R5BZ9
PJ7N5,PJ7N5
AU59L,AU59L
2JYRV,2JYRV
F948L,F948L
NWX3E,NWX3E
66J1B,66J1B
4O14P,4O14P
YLKMO,YLKMO
HLKC5,HLKC5
CNF4G,CNF4G
HT3MG,HT3MG
S2KBW,S2KBW
NU50P,NU50P
8WM44,8WM44
V68MX,V68MX
EPYGF,EPYGF
CE0FO,CE0FO
KQ4TG,KQ4TG
0Y8EY,0Y8EY
WUKFG,WUKFG
RMIBB,RMIBB
OZ07I,OZ07I
E5BVJ,E5BVJ
REWEL,REWEL
QIDLS,QIDLS
CX323,CX323
PQYPA,PQYPA
UCVNF,UCVNF
64CAP,64CAP
B0RW5,B0RW5
WI9OO,WI9OO
OARQ9,OARQ9
YGF8E,YGF8E
E3WSY,E3WSY
M4TBV,M4TBV
BZD47,BZD47
EJ37K,EJ37K
7YMZV,7YMZV
U5LCF,U5LCF
YAMAN,YAMAN
PYSAQ,PYSAQ
1EEQE,1EEQE
R0JXH,R0JXH
G0V4B,G0V4B
SLVVB,SLVVB
YOOY1,YOOY1
1FN2M,1FN2M
LTM3F,LTM3F
DP5U4,DP5U4
OK84Z,OK84Z
67EJL,67EJL
064N7,064N7
PXGOT,PXGOT
SBP5W,SBP5W
9SP56,9SP56
88J8O,88J8O
VXPYF,VXPYF
805AX,805AX
5BJVT,5BJVT
VX94Q,VX94Q
I02K2,I02K2
ABVLJ,ABVLJ
1M2ZA,1M2ZA
QSHS0,QSHS0
N77YC,N77YC
SZVCX,SZVCX
6HJ1E,6HJ1E
XJY5A,XJY5A
AQSO2,AQSO2
DRCDH,DRCDH
K9966,K9966
1Q4N6,1Q4N6
8RD6S,8RD6S
ZEIDS,ZEIDS
49XRL,49XRL
TSIHR,TSIHR
AZEPL,AZEPL
MO6IH,MO6IH
SQKOJ,SQKOJ
0ROR0,0ROR0
T2AZM,T2AZM
TP3L0,TP3L0
8R84R,8R84R
GQSYB,GQSYB
2S6XJ,2S6XJ
JLC1Q,JLC1Q
46KQ5,46KQ5
85SRC,85SRC
2TL9U,2TL9U
W2KNO,W2KNO
7IIKZ,7IIKZ
M1ZRV,M1ZRV
U4DRY,U4DRY
IQKK3,IQKK3
DI6JF,DI6JF
FVRJV,FVRJV
N3M8X,N3M8X
MDEMT,MDEMT
WN7Q8,WN7Q8
6EXK7,6EXK7
GA49W,GA49W
UG31Z,UG31Z
I896L,I896L
NC273,NC273
D2UPD,D2UPD
EZ4QI,EZ4QI
B68EL,B68EL
T7C6Y,T7C6Y
4ZVBG,4ZVBG
GR0GV,GR0GV
ULV62,ULV62
9H9K0,9H9K0
4VEQ4,4VEQ4
6TOBR,6TOBR
FOO9Q,FOO9Q
PU2LJ,PU2LJ
R8HPQ,R8HPQ
D0AUN,D0AUN
MQLRB,MQLRB
6H6CT,6H6CT
2FI1E,2FI1E
0JLN1,0JLN1
BPJVX,BPJVX
9P08C,9P08C
77RH2,77RH2
DRDVR,DRDVR
E4AJM,E4AJM
2W57R,2W57R
QAFDN,QAFDN
P3B47,P3B47
F80H6,F80H6
08N5S,08N5S
FALM5,FALM5
2NCYH,2NCYH
YCO5L,YCO5L
PHGQV,PHGQV
6TBVA,6TBVA
5EH8A,5EH8A
4R8UV,4R8UV
Q6GN7,Q6GN7
H9WFI,H9WFI
VO1Z2,VO1Z2
JFB7W,JFB7W
3U2U4,3U2U4
MMF2L,MMF2L
ADW3K,ADW3K
5RRGI,5RRGI
IRSZL,IRSZL
Z1179,Z1179
QW8X7,QW8X7
S39I9,S39I9
02W8R,02W8R
QQQWF,QQQWF
L8F7R,L8F7R
4OTMM,4OTMM
RPUR8,RPUR8
7OK16,7OK16
3A5KT,3A5KT
SQ4KE,SQ4KE
QKRPW,QKRPW
F9521,F9521
7HJMT,7HJMT
7F5V8,7F5V8
8WFIB,8WFIB
9S9R0,9S9R0
P2H1Z,P2H1Z
N2MPZ,N2MPZ
X29PI,X29PI
W4MMK,W4MMK
WU50Z,WU50Z
QJQ2O,QJQ2O
CX96Q,CX96Q
N2337,N2337
C7FJ7,C7FJ7
49J60,49J60
7LTAN,7LTAN
F41T3,F41T3
R3CDY,R3CDY
JUGKA,JUGKA
W9R4I,W9R4I
KOM0L,KOM0L
ZSE6Z,ZSE6Z
1OU7K,1OU7K
81JVW,81JVW
B96MK,B96MK
5S7C9,5S7C9
26K8L,26K8L
0K8A9,0K8A9
50TLS,50TLS
AB9ZE,AB9ZE
KTIP3,KTIP3
1U92E,1U92E
KF52G,KF52G
9WD2Q,9WD2Q
RE7NZ,RE7NZ
6MRZM,6MRZM
WLJUF,WLJUF
8PZE0,8PZE0
3UW1Y,3UW1Y
B894V,B894V
7JXY4,7JXY4
IUD9W,IUD9W
E1GUX,E1GUX
4JQ2L,4JQ2L
70YSW,70YSW
WLKED,WLKED
ULTXA,ULTXA
MYFRJ,MYFRJ
3RKZV,3RKZV
5CIAP,5CIAP
F5NNU,F5NNU
83F61,83F61
RPV78,RPV78
JA9WG,JA9WG
QZ5Z6,QZ5Z6
3IZ22,3IZ22
J43T5,J43T5
GX4D1,GX4D1
WIG6H,WIG6H
KNWW9,KNWW9
AO03V,AO03V
TH3HL,TH3HL
9S770,9S770
L3NLP,L3NLP
7LRL1,7LRL1
KOX3R,KOX3R
W872F,W872F
2Q0F4,2Q0F4
NT1TS,NT1TS
GW5AH,GW5AH
QD7GO,QD7GO
2K626,2K626
QNTJP,QNTJP
T2WD7,T2WD7
VMF3D,VMF3D
0HCFA,0HCFA
0303J,0303J
DOZ8C,DOZ8C
JKXIR,JKXIR
RCDEF,RCDEF
WGMO6,WGMO6
N7BBF,N7BBF
NZTZN,NZTZN
SNJ86,SNJ86
KJO78,KJO78
AW4KZ,AW4KZ
0S723,0S723
WGC77,WGC77
QACRX,QACRX
GCGDA,GCGDA
7UF8T,7UF8T
6VT9H,6VT9H
I8TVG,I8TVG
FK37S,FK37S
E8IXF,E8IXF
AS1DB,AS1DB
JVA3T,JVA3T
EY973,EY973
MT10E,MT10E
BDZNV,BDZNV
ON0BK,ON0BK
CI8JH,CI8JH
J58E2,J58E2
7AEF8,7AEF8
T67PI,T67PI
BFMJC,BFMJC
P3DIN,P3DIN
MTJLH,MTJLH
91VIL,91VIL
FA65Y,FA65Y
2NFQB,2NFQB
HG5HM,HG5HM
A9WYY,A9WYY
R08SF,R08SF
W3O51,W3O51
HAKJ8,HAKJ8
K6AT0,K6AT0
FWYNE,FWYNE
B8XZC,B8XZC
IWUQJ,IWUQJ
DBYOO,DBYOO
9MXAC,9MXAC
MBEMG,MBEMG
GFMHE,GFMHE
9201B,9201B
NH9GQ,NH9GQ
0CF9L,0CF9L
9L0CK,9L0CK
F0LWL,F0LWL
LOIWF,LOIWF
PFCL4,PFCL4
CCKB9,CCKB9
GWUA1,GWUA1
W8KB6,W8KB6
QHE27,QHE27
XH6O8,XH6O8
0RK4G,0RK4G
HZ9TG,HZ9TG
6V2SS,6V2SS
BZ4OF,BZ4OF
EIRM1,EIRM1
FT9X3,FT9X3
RFTD8,RFTD8
O4O9T,O4O9T
RIDRW,RIDRW
P9SB8,P9SB8
52WC4,52WC4
ZRJ4M,ZRJ4M
UNEJX,UNEJX
M9HAD,M9HAD
18C5U,18C5U
ZLW09,ZLW09
OX1K6,OX1K6
XQMY2,XQMY2
2P3IJ,2P3IJ
LL1JA,LL1JA
Z85RG,Z85RG
78LEJ,78LEJ
X9QVS,X9QVS
9G98N,9G98N
D7GGY,D7GGY
UTJCR,UTJCR
SIRYC,SIRYC
XFD6V,XFD6V
IQTQZ,IQTQZ
LRIYJ,LRIYJ
DODHQ,DODHQ
ZUVWP,ZUVWP
6YQGE,6YQGE
8S4TH,8S4TH
RRII3,RRII3
FWFFM,FWFFM
0GIAP,0GIAP
7S7JZ,7S7JZ
ITY8S,ITY8S
EHONL,EHONL
NR24I,NR24I
G3GAM,G3GAM
TZFGD,TZFGD
VKM7F,VKM7F
HFPSJ,HFPSJ
QIZ21,QIZ21
TDQ1R,TDQ1R
B5CWX,B5CWX
REB56,REB56
EZ4FS,EZ4FS
EU4U6,EU4U6
YAGAY,YAGAY
0BLSQ,0BLSQ
ORSWV,ORSWV
1ZYTL,1ZYTL
KPIBP,KPIBP
DO1Y4,DO1Y4
SZ5FJ,SZ5FJ
XHIRJ,XHIRJ
2F3QP,2F3QP
P9B9X,P9B9X
QQHZ4,QQHZ4
MND53,MND53
JKF8X,JKF8X
D9WTL,D9WTL
BCHGO,BCHGO
9LURN,9LURN
J9KKZ,J9KKZ
M97PI,M97PI
AZ1NO,AZ1NO
EIZHK,EIZHK
DWSYH,DWSYH
P1M80,P1M80
5C40X,5C40X
IIP4J,IIP4J
JI2LE,JI2LE
ZVIUO,ZVIUO
RQ3EG,RQ3EG
5799T,5799T
I5EN9,I5EN9
B5SOJ,B5SOJ
XP8ZU,XP8ZU
6BO6U,6BO6U
UAWWE,UAWWE
FF4MP,FF4MP
G5Z3K,G5Z3K
DL92Q,DL92Q
PIG6Z,PIG6Z
GII75,GII75
0N6Z1,0N6Z1
FG06A,FG06A
95IV2,95IV2
Z7C7Z,Z7C7Z
UR856,UR856
HPDSU,HPDSU
1SEBG,1SEBG
9JAQF,9JAQF
2FJTM,2FJTM
Q6E0T,Q6E0T
YGU9T,YGU9T
AQFZZ,AQFZZ
1RY3J,1RY3J
VEWX2,VEWX2
RB1PF,RB1PF
LWKWE,LWKWE
OSOFV,OSOFV
EPKBJ,EPKBJ
VNGKJ,VNGKJ
MY44Z,MY44Z
VXAAQ,VXAAQ
5CJ2U,5CJ2U
JS1J2,JS1J2
A4TW0,A4TW0
L9M42,L9M42
X4FST,X4FST
5QX2O,5QX2O
BEWKJ,BEWKJ
MHV6J,MHV6J
M0E3K,M0E3K
Y45S6,Y45S6
L6DY3,L6DY3
1RQAI,1RQAI
7KWVD,7KWVD
N8OV9,N8OV9
9GRTY,9GRTY
ZJC5L,ZJC5L
A76UU,A76UU
1WJ8W,1WJ8W
KD944,KD944
1LKW7,1LKW7
3F56V,3F56V
ZNXXZ,ZNXXZ
B0RYG,B0RYG
W25Z5,W25Z5
69W21,69W21
SBOIE,SBOIE
E7YTV,E7YTV
2HD2J,2HD2J
NVI5L,NVI5L
0IKVP,0IKVP
U842C,U842C
G8N4F,G8N4F
4GAVH,4GAVH
UNWE7,UNWE7
YCV41,YCV41
ZKL4C,ZKL4C
W3N73,W3N73
AKEA2,AKEA2
LRN8C,LRN8C
PWXZE,PWXZE
6MSRS,6MSRS
X0SOG,X0SOG
SUAHO,SUAHO
ZAEVZ,ZAEVZ
KI682,KI682
4CKG0,4CKG0
QW8SR,QW8SR
WC28U,WC28U
4RLW6,4RLW6
OWW7B,OWW7B
4CCYW,4CCYW
H1CEI,H1CEI
9AN4O,9AN4O
WDR0V,WDR0V
W72C5,W72C5
675AT,675AT
SZAMX,SZAMX
CKNUG,CKNUG
E7UYB,E7UYB
XER7I,XER7I
RS614,RS614
0C7N6,0C7N6
R0AQD,R0AQD
5FF7I,5FF7I
M3021,M3021
CN581,CN581
8F1D6,8F1D6
0RRV0,0RRV0
14HCB,14HCB
T1YB2,T1YB2
6SD3C,6SD3C
N3MV9,N3MV9
ED0J1,ED0J1
Y0G5I,Y0G5I
XC7CW,XC7CW
W0K34,W0K34
BDACM,BDACM
AMYID,AMYID
38M8Q,38M8Q
WGXFR,WGXFR
HYXNL,HYXNL
TBLRN,TBLRN
99WWH,99WWH
DPUKL,DPUKL
XS4JP,XS4JP
1T9UP,1T9UP
VSNAO,VSNAO
BOJOL,BOJOL
XBP19,XBP19
WTG37,WTG37
WSRWY,WSRWY
9LD12,9LD12
YEOR6,YEOR6
P51RX,P51RX
EJ6PV,EJ6PV
ZFA0X,ZFA0X
PMO1M,PMO1M
SUWZB,SUWZB
1BJST,1BJST
DV8ZG,DV8ZG
99DSF,99DSF
M8HZS,M8HZS
IW7XA,IW7XA
CQVJ0,CQVJ0
MVR58,MVR58
1HJCW,1HJCW
DQJL0,DQJL0
971FO,971FO
F5IUC,F5IUC
XNHZN,XNHZN
F3ZE0,F3ZE0
NRYFC,NRYFC
DHOAQ,DHOAQ
1MDKR,1MDKR
V6C77,V6C77
GTVP8,GTVP8
CW0WK,CW0WK
GAO9Y,GAO9Y
UV6RG,UV6RG
RO1PX,RO1PX
J5FSZ,J5FSZ
O4TOG,O4TOG
Z46JG,Z46JG
21OB7,21OB7
UJXUH,UJXUH
OG4HH,OG4HH
9AJNR,9AJNR
CWKQW,CWKQW
ZISS9,ZISS9
SWS7Y,SWS7Y
DL76W,DL76W
Z737F,Z737F
WPJYO,WPJYO
5ZN8U,5ZN8U
QQ59G,QQ59G
EQTZO,EQTZO
CPJET,CPJET
EJUXT,EJUXT
M35NU,M35NU
NIQK3,NIQK3
IDGBM,IDGBM
MQXOF,MQXOF
14BAH,14BAH
48YCW,48YCW
Q0RQB,Q0RQB
TAH7R,TAH7R
L41GT,L41GT
86MVO,86MVO
4IXRQ,4IXRQ
9JSYX,9JSYX
V1K7G,V1K7G
LHGBZ,LHGBZ
3NQGN,3NQGN
24DCY,24DCY
7T4V2,7T4V2
MP609,MP609
VBNQJ,VBNQJ
XX34J,XX34J
AUJQN,AUJQN
1VL19,1VL19
ATQK6,ATQK6
9PXQO,9PXQO
UVRQM,UVRQM
YU5EE,YU5EE
D7B6C,D7B6C
44HI8,44HI8
BA8Z0,BA8Z0
81YMB,81YMB
96AXH,96AXH
RYR5H,RYR5H
SU432,SU432
725K8,725K8
FY6K5,FY6K5
2Y3A5,2Y3A5
62M6S,62M6S
MOA81,MOA81
S8WJ7,S8WJ7
RZ87P,RZ87P
4KFQT,4KFQT
OSBRJ,OSBRJ
21GQI,21GQI
FES3Y,FES3Y
8ZIPA,8ZIPA
BR66N,BR66N
K8LYY,K8LYY
NCKAA,NCKAA
DU8GK,DU8GK
C82T8,C82T8
9IZKB,9IZKB
NVH4K,NVH4K
JRI0L,JRI0L
TRSW5,TRSW5
KLQB7,KLQB7
T71Q5,T71Q5
NCS54,NCS54
3IXI7,3IXI7
WU4DC,WU4DC
P4XKN,P4XKN
YGU50,YGU50
W0RPV,W0RPV
EBAVA,EBAVA
V6Q1J,V6Q1J
IZLZL,IZLZL
FZQ8Q,FZQ8Q
VKCL2,VKCL2
IWY8U,IWY8U
B3W81,B3W81
L93BK,L93BK
K5UV2,K5UV2
FFLBT,FFLBT
HMXB1,HMXB1
1R3M2,1R3M2
CW2GR,CW2GR
7N32R,7N32R
4JAUV,4JAUV
NX930,NX930
KCJO0,KCJO0
XTDUB,XTDUB
VSEN8,VSEN8
A5MRG,A5MRG
NS0K9,NS0K9
K752T,K752T
9DDTJ,9DDTJ
89WPQ,89WPQ
YDEEE,YDEEE
965NM,965NM
5EMW5,5EMW5
H6P2G,H6P2G
BRCKM,BRCKM
3KN5W,3KN5W
AWB47,AWB47
4TO53,4TO53
YG6G5,YG6G5
RKCBW,RKCBW
PZOYW,PZOYW
2XLZT,2XLZT
6J3R9,6J3R9
DSE17,DSE17
60KFX,60KFX
F7IT1,F7IT1
FJ17O,FJ17O
OZ7KA,OZ7KA
YOIV3,YOIV3
4A3BN,4A3BN
BM8CH,BM8CH
MZT5G,MZT5G
L9ENL,L9ENL
W21E8,W21E8
E9V28,E9V28
Y09R2,Y09R2
PP9W2,PP9W2
QT1FK,QT1FK
QSQSA,QSQSA
RA2IA,RA2IA
VXZJX,VXZJX
A8N4R,A8N4R
Q9P7L,Q9P7L
2WFWP,2WFWP
6DHJS,6DHJS
E0OXV,E0OXV
HSX2Q,HSX2Q
PX6XN,PX6XN
QLP52,QLP52
BA3BI,BA3BI
0X244,0X244
92LBB,92LBB
AVXFP,AVXFP
LS0ZK,LS0ZK
QWVOZ,QWVOZ
FFS19,FFS19
AFIU1,AFIU1
MKPKE,MKPKE
I1OCQ,I1OCQ
02XLI,02XLI
PES9Y,PES9Y
NIVIC,NIVIC
7A0HG,7A0HG
W8PZI,W8PZI
CAF2T,CAF2T
ULYZ5,ULYZ5
BS5QK,BS5QK
X5XPU,X5XPU
MWF9R,MWF9R
L0VF0,L0VF0
HX35P,HX35P
CHTXS,CHTXS
TWH8G,TWH8G
TNGYU,TNGYU
MF3J6,MF3J6
QATHI,QATHI
NDUPW,NDUPW
RAUPT,RAUPT
D3R3I,D3R3I
09TDT,09TDT
YTTPZ,YTTPZ
C86HH,C86HH
GG9KJ,GG9KJ
241VY,241VY
HJUXU,HJUXU
WN396,WN396
MGYGY,MGYGY
X5Z9Q,X5Z9Q
1AKK0,1AKK0
TSY4W,TSY4W
YA8ED,YA8ED
U8WGV,U8WGV
NM1ZR,NM1ZR
DIXEB,DIXEB
859GV,859GV
AXK0F,AXK0F
6E4GD,6E4GD
YLL2V,YLL2V
39FNU,39FNU
MPIK0,MPIK0
I5N4B,I5N4B
7B96Z,7B96Z
A7BGA,A7BGA
XQ3MK,XQ3MK
S6Y2J,S6Y2J
UR3QO,UR3QO
HLCKM,HLCKM
8S05G,8S05G
RFCW9,RFCW9
CPQ77,CPQ77
24QUL,24QUL
DND9P,DND9P
2GF3W,2GF3W
KBPV6,KBPV6
X2PPH,X2PPH
CVATA,CVATA
XZBAS,XZBAS
T0DS6,T0DS6
0IOQ4,0IOQ4
J8EXC,J8EXC
OWZOQ,OWZOQ
TD8BU,TD8BU
LV4GV,LV4GV
7RRZP,7RRZP
PXKQK,PXKQK
3DATN,3DATN
SEEFN,SEEFN
L42J8,L42J8
12GR3,12GR3
03UNK,03UNK
95L4T,95L4T
VSSSG,VSSSG
LUI9P,LUI9P
QYC5U,QYC5U
GR0C3,GR0C3
7JREB,7JREB
IDBZY,IDBZY
ZSF69,ZSF69
Q3N30,Q3N30
9OHAW,9OHAW
GY6T3,GY6T3
H3LV1,H3LV1
RD3YQ,RD3YQ
81XI0,81XI0
G2EYS,G2EYS
SN4GR,SN4GR
DYEDN,DYEDN
CL44N,CL44N
48EJM,48EJM
Q1VB4,Q1VB4
CCHC3,CCHC3
316F1,316F1
0DLYQ,0DLYQ
W9XCK,W9XCK
4GSIO,4GSIO
JTCZN,JTCZN
RIMYD,RIMYD
N21CQ,N21CQ
6A37P,6A37P
6APZX,6APZX
1B3NK,1B3NK
XRJJK,XRJJK
88WOC,88WOC
O2FX7,O2FX7
VWX78,VWX78
97PD4,97PD4
RVZDB,RVZDB
ZNA6C,ZNA6C
CV7GN,CV7GN
EYKTS,EYKTS
SE7HW,SE7HW
VKLU0,VKLU0
ORGFU,ORGFU
KO2ZL,KO2ZL
KI39K,KI39K
OEO3S,OEO3S
BMDT5,BMDT5
QDKNF,QDKNF
4OHZV,4OHZV
49X6C,49X6C
CVG64,CVG64
0T4KG,0T4KG
J7TPL,J7TPL
ROD4Y,ROD4Y
SDMNF,SDMNF
96R2I,96R2I
C0EDD,C0EDD
HUYEV,HUYEV
NVBSK,NVBSK
8UAOR,8UAOR
1F91I,1F91I
7K8YD,7K8YD
AZXW6,AZXW6
7K3DW,7K3DW
MXL7S,MXL7S
VJYW2,VJYW2
3LC0K,3LC0K
GFN6G,GFN6G
GJGIO,GJGIO
2JHF0,2JHF0
3VF65,3VF65
7B7HC,7B7HC
CFWOE,CFWOE
I6FOB,I6FOB
C1C69,C1C69
0ULSI,0ULSI
OM9R1,OM9R1
A2X25,A2X25
DC8FK,DC8FK
I03E4,I03E4
267LQ,267LQ
DPL76,DPL76
KFL6Q,KFL6Q
0AOK3,0AOK3
20A19,20A19
6W39B,6W39B
866VD,866VD
V3O23,V3O23
CBLN5,CBLN5
OCT3H,OCT3H
QMULK,QMULK
6JXVO,6JXVO
49Y4E,49Y4E
VOKQE,VOKQE
2EUXY,2EUXY
1JMTB,1JMTB
1L7OY,1L7OY
6SUA7,6SUA7
PRJ3R,PRJ3R
KAI3T,KAI3T
D0ON4,D0ON4
6H5FF,6H5FF
XUKOM,XUKOM
YA0DG,YA0DG
AF5JC,AF5JC
X9M3K,X9M3K
EPE7D,EPE7D
7ZM3M,7ZM3M
DK884,DK884
1O5TN,1O5TN
SXM6J,SXM6J
SCWM2,SCWM2
NW9PV,NW9PV
QUBEB,QUBEB
41XJM,41XJM
9EW6M,9EW6M
VB74B,VB74B
5FCO5,5FCO5
D2SJU,D2SJU
K1CA9,K1CA9
QTRKO,QTRKO
4J410,4J410
TFX84,TFX84
J58Z1,J58Z1
S87J1,S87J1
5S3Q7,5S3Q7
V8XTU,V8XTU
6A4NT,6A4NT
AERW6,AERW6
JFG3C,JFG3C
FEV9K,FEV9K
P0FQS,P0FQS
6VPAW,6VPAW
4Z8AD,4Z8AD
52WSF,52WSF
9MU4G,9MU4G
HF2AJ,HF2AJ
OS8ZW,OS8ZW
8DKPJ,8DKPJ
DRYCG,DRYCG
7C959,7C959
M5QN1,M5QN1
ERRF7,ERRF7
KZOZ6,KZOZ6
R42XJ,R42XJ
6XKTC,6XKTC
QF757,QF757
5CUL5,5CUL5
ERV1D,ERV1D
1UCP0,1UCP0
BQ83Z,BQ83Z
BIMRS,BIMRS
CDUSQ,CDUSQ
O80EG,O80EG
3P7DZ,3P7DZ
2X4ZX,2X4ZX
RQC83,RQC83
1BZ77,1BZ77
SZO0A,SZO0A
K6O96,K6O96
1TM55,1TM55
IJXFV,IJXFV
PQFIY,PQFIY
0ODYS,0ODYS
O9ZL5,O9ZL5
KJTRN,KJTRN
C3C61,C3C61
B6794,B6794
SDHHJ,SDHHJ
L50FY,L50FY
FRDC3,FRDC3
9O4AS,9O4AS
QL882,QL882
GB7T8,GB7T8
TLH6A,TLH6A
6HAYI,6HAYI
49LZJ,49LZJ
3MTMY,3MTMY
ZGWYZ,ZGWYZ
KG1MA,KG1MA
E2HJN,E2HJN
EM8NT,EM8NT
VXJY7,VXJY7
KDK8F,KDK8F
EA9FF,EA9FF
ZIIYK,ZIIYK
6NN8X,6NN8X
3W8RU,3W8RU
SRODQ,SRODQ
6UADU,6UADU
D8LD3,D8LD3
NSVLE,NSVLE
XVJ78,XVJ78
685BL,685BL
57I42,57I42
P1CI7,P1CI7
TRTEI,TRTEI
E8Q7E,E8Q7E
F33MA,F33MA
388GF,388GF
J678X,J678X
XM6GJ,XM6GJ
BR73M,BR73M
9TYWU,9TYWU
85LL3,85LL3
8C8U9,8C8U9
O0UVC,O0UVC
M4DAG,M4DAG
2VMTN,2VMTN
TQO57,TQO57
DS0SQ,DS0SQ
7H5M3,7H5M3
12QTU,12QTU
U7JAD,U7JAD
4S60M,4S60M
HPKHY,HPKHY
GXGQL,GXGQL
IQF2U,IQF2U
4JPO6,4JPO6
WUJU4,WUJU4
SSQMZ,SSQMZ
YZIW5,YZIW5
98O5J,98O5J
EBUSI,EBUSI
NB78K,NB78K
L5647,L5647
Y64IM,Y64IM
NA4ZF,NA4ZF
ZPW5W,ZPW5W
23GXU,23GXU
X3Q16,X3Q16
JKACY,JKACY
LHFQS,LHFQS
PIHMS,PIHMS
0XPD4,0XPD4
IVH5P,IVH5P
0D3GS,0D3GS
LWBYR,LWBYR
DGLO1,DGLO1
GDUEW,GDUEW
MH4H5,MH4H5
W7749,W7749
LWZ31,LWZ31
MDLIR,MDLIR
5OYQE,5OYQE
IQFQK,IQFQK
RZJBI,RZJBI
JU3XU,JU3XU
Y96PH,Y96PH
YXSD2,YXSD2
4NXL0,4NXL0
IYWWY,IYWWY
PV9PU,PV9PU
EHX39,EHX39
I0Q4W,I0Q4W
TDQS6,TDQS6
BS8DL,BS8DL
SWFJX,SWFJX
SUGDL,SUGDL
MSZF9,MSZF9
XA6CR,XA6CR
RSY3K,RSY3K
MSSZU,MSSZU
QRU5I,QRU5I
QRR6X,QRR6X
FU5HE,FU5HE
A51BT,A51BT
3K58I,3K58I
RXJEZ,RXJEZ
I2ZSP,I2ZSP
JYK7D,JYK7D
9AYQW,9AYQW
O37VR,O37VR
DTB7U,DTB7U
EYQUH,EYQUH
AU40G,AU40G
UV1ZG,UV1ZG
WEACV,WEACV
OBZXG,OBZXG
LAE5B,LAE5B
SKE7S,SKE7S
5RCOG,5RCOG
L04YV,L04YV
3ESK4,3ESK4
ZOX98,ZOX98
OYM6F,OYM6F
7LB4Y,7LB4Y
MVY8N,MVY8N
7CMEQ,7CMEQ
EHQBI,EHQBI
B1P69,B1P69
9RK9H,9RK9H
VPQ2H,VPQ2H
U53HX,U53HX
75XR3,75XR3
E44QT,E44QT
R71CK,R71CK
C5SGJ,C5SGJ
QPVS8,QPVS8
2J8QS,2J8QS
GPPNN,GPPNN
9BT4D,9BT4D
LDZRS,LDZRS
JHFAX,JHFAX
VAUC2,VAUC2
OB3TX,OB3TX
9AEIB,9AEIB
FYJPK,FYJPK
TQIN6,TQIN6
EXESM,EXESM
05PW8,05PW8
3A9LO,3A9LO
1QDMA,1QDMA
OH3PJ,OH3PJ
0OGR4,0OGR4
DXMJ6,DXMJ6
N648B,N648B
PNMOP,PNMOP
77UYT,77UYT
YOJL4,YOJL4
3CXGC,3CXGC
UM6VQ,UM6VQ
4OSQD,4OSQD
AZE6A,AZE6A
TP6HT,TP6HT
MOPO9,MOPO9
VF626,VF626
KGJAB,KGJAB
JO0SP,JO0SP
L44OW,L44OW
EZN67,EZN67
IENTT,IENTT
4Y3OK,4Y3OK
LH5JH,LH5JH
2H3VZ,2H3VZ
QRUSX,QRUSX
TGFR6,TGFR6
9318Q,9318Q
ALGL6,ALGL6
3HLJC,3HLJC
D3LM6,D3LM6
EFQFI,EFQFI
EMQ25,EMQ25
DOACM,DOACM
7QZLQ,7QZLQ
Z3QG4,Z3QG4
NPRZE,NPRZE
92ZMN,92ZMN
WEQXQ,WEQXQ
2B10N,2B10N
GI0DA,GI0DA
ANHSF,ANHSF
P1I4D,P1I4D
4Y5IX,4Y5IX
Y0N9Z,Y0N9Z
AVT1U,AVT1U
W0CZU,W0CZU
5IHQR,5IHQR
EHHMJ,EHHMJ
FWE0S,FWE0S
V0AYO,V0AYO
1BG6R,1BG6R
2PNNC,2PNNC
P0KK0,P0KK0
SF9GT,SF9GT
6NTQT,6NTQT
BO5V5,BO5V5
4C6DL,4C6DL
W8TYS,W8TYS
PHSUF,PHSUF
PX0DP,PX0DP
KNU5R,KNU5R
300C7,300C7
9NOLP,9NOLP
2G1Z2,2G1Z2
LRZYR,LRZYR
4X1PU,4X1PU
99HKO,99HKO
TH8RE,TH8RE
TBFZD,TBFZD
A6N1Z,A6N1Z
ODSH4,ODSH4
9IHKG,9IHKG
FESB8,FESB8
EDWWN,EDWWN
MOU3Q,MOU3Q
6AUXW,6AUXW
XV67J,XV67J
KST1Y,KST1Y
DV9CF,DV9CF
SWVDM,SWVDM
TEYU9,TEYU9
6OQIJ,6OQIJ
OBQCR,OBQCR
8O3HM,8O3HM
SRBYZ,SRBYZ
VRZZ2,VRZZ2
ZTVZE,ZTVZE
1S5Q8,1S5Q8
PB7KO,PB7KO
27NP8,27NP8
AZQVW,AZQVW
S27V4,S27V4
02PET,02PET
9OM16,9OM16
ZOFX0,ZOFX0
B8W53,B8W53
4DCJ9,4DCJ9
G32PN,G32PN
PLFL3,PLFL3
NHBYO,NHBYO
ZDUTQ,ZDUTQ
6YH1A,6YH1A
FDOIC,FDOIC
9WQF4,9WQF4
05LXJ,05LXJ
XASAO,XASAO
CJI0M,CJI0M
XY4C2,XY4C2
IHLR1,IHLR1
BMFZG,BMFZG
N9J4W,N9J4W
7LABB,7LABB
7X0JZ,7X0JZ
B7YGU,B7YGU
IBPLR,IBPLR
0LBWY,0LBWY
638QE,638QE
53GSI,53GSI
MZ7Z0,MZ7Z0
98GRZ,98GRZ
XW3J6,XW3J6
E824B,E824B
MYDJA,MYDJA
GDEPN,GDEPN
Y61S3,Y61S3
FHTN3,FHTN3
MY37C,MY37C
IFEYP,IFEYP
6AWH1,6AWH1
GW44G,GW44G
GTJTN,GTJTN
EYD81,EYD81
UFWJI,UFWJI
6LN8Q,6LN8Q
47T9E,47T9E
FWRH6,FWRH6
SWQQ2,SWQQ2
4OMIE,4OMIE
JZHSJ,JZHSJ
ETVEF,ETVEF
6X88D,6X88D
EIHPG,EIHPG
BPM7J,BPM7J
LYVYF,LYVYF
GII3M,GII3M
4GD6P,4GD6P
UDVET,UDVET
QLH6P,QLH6P
557N2,557N2
JXEVW,JXEVW
LJ075,LJ075
FTDK9,FTDK9
92I2O,92I2O
AP886,AP886
SKUJ2,SKUJ2
8R9D3,8R9D3
9ZPJO,9ZPJO
EYQ0M,EYQ0M
PHJ4B,PHJ4B
1CP2V,1CP2V
LWZNY,LWZNY
KHRSV,KHRSV
X7V6H,X7V6H
WSVO9,WSVO9
ENU7O,ENU7O
SGEGX,SGEGX
6AUJ6,6AUJ6
8D282,8D282
VFYWP,VFYWP
RING3,RING3
37GYR,37GYR
BXWAE,BXWAE
84KRP,84KRP
XAHKK,XAHKK
1BDW4,1BDW4
CGE6R,CGE6R
LRK15,LRK15
T51XT,T51XT
BZD7A,BZD7A
1PMDH,1PMDH
89B39,89B39
TA9AU,TA9AU
YKSED,YKSED
340YN,340YN
D3VD3,D3VD3
GSVGG,GSVGG
NQSZM,NQSZM
GJVQS,GJVQS
Q4LA6,Q4LA6
NMN6A,NMN6A
BLAMD,BLAMD
83UZZ,83UZZ
4EZ2E,4EZ2E
PQ5DK,PQ5DK
650QY,650QY
C6QQS,C6QQS
4NHVP,4NHVP
P0T96,P0T96
3CEZR,3CEZR
FZNV6,FZNV6
ZWIS4,ZWIS4
EPY97,EPY97
3D9AY,3D9AY
IS3YY,IS3YY
YQVJT,YQVJT
RJI2T,RJI2T
NA7OZ,NA7OZ
05XN6,05XN6
ED8GU,ED8GU
3WEK2,3WEK2
ADJWZ,ADJWZ
VQKF3,VQKF3
3X92G,3X92G
BZB6Q,BZB6Q
LZY4O,LZY4O
DUL2B,DUL2B
P0E8P,P0E8P
WKENX,WKENX
GWTHS,GWTHS
WDT61,WDT61
BLG3H,BLG3H
4FPAI,4FPAI
JQG57,JQG57
NDFJR,NDFJR
VBENX,VBENX
PQMPK,PQMPK
PNDWC,PNDWC
XAH2O,XAH2O
2LIFP,2LIFP
OX7XE,OX7XE
5QM1L,5QM1L
JU2ZU,JU2ZU
HF4YV,HF4YV
HJPM9,HJPM9
98UR2,98UR2
3GXOU,3GXOU
EUHF6,EUHF6
JMP6O,JMP6O
GJ8JK,GJ8JK
T953N,T953N
IHI4T,IHI4T
J9AC0,J9AC0
9D3RV,9D3RV
D9DSU,D9DSU
7Y5UM,7Y5UM
E89Y5,E89Y5
T1XQ2,T1XQ2
AT4C4,AT4C4
SBZY1,SBZY1
TM511,TM511
WU7UN,WU7UN
EUUPB,EUUPB
1ZPMF,1ZPMF
EWW4S,EWW4S
Q4X86,Q4X86
F9DWI,F9DWI
3QSJI,3QSJI
3RZMS,3RZMS
D0QED,D0QED
6JTYT,6JTYT
VY7BT,VY7BT
Y7UHK,Y7UHK
2X1LK,2X1LK
EO2CR,EO2CR
YPRE7,YPRE7
J5PXW,J5PXW
ANASO,ANASO
4770I,4770I
L665U,L665U
K3K12,K3K12
NIBTK,NIBTK
BVK3N,BVK3N
SBYRF,SBYRF
L9NYG,L9NYG
1NCTT,1NCTT
8ZI5P,8ZI5P
GVO8I,GVO8I
R5DAZ,R5DAZ
I2FAI,I2FAI
F6W4G,F6W4G
9993A,9993A
ZZEB1,ZZEB1
VR1S7,VR1S7
CJ5DY,CJ5DY
4WG5T,4WG5T
Z0E3D,Z0E3D
401TE,401TE
OE7U9,OE7U9
ZN4IQ,ZN4IQ
XJ25Y,XJ25Y
EMADT,EMADT
HUAX6,HUAX6
A0WG3,A0WG3
JGEU0,JGEU0
DIB1N,DIB1N
93QL9,93QL9
3Z2PO,3Z2PO
BY4YU,BY4YU
AHGV9,AHGV9
DMRP1,DMRP1
B7GLQ,B7GLQ
9AKEW,9AKEW
ONXGU,ONXGU
AB383,AB383
OMKHI,OMKHI
2ACOA,2ACOA
Z52KL,Z52KL
975AL,975AL
UU4V3,UU4V3
UXKAC,UXKAC
UZZ9O,UZZ9O
4D1BM,4D1BM
CGK5J,CGK5J
3HJ7Q,3HJ7Q
FPBPI,FPBPI
V644E,V644E
QNQKW,QNQKW
JBYMZ,JBYMZ
70WKD,70WKD
ISKM5,ISKM5
N4CNL,N4CNL
MCVDY,MCVDY
238TM,238TM
32767,32767
CZJV5,CZJV5
0E6WK,0E6WK
7Z542,7Z542
U0SGO,U0SGO
FO0PD,FO0PD
9UZTA,9UZTA
YD8FV,YD8FV
D65XN,D65XN
34BI7,34BI7
0VS6Z,0VS6Z
IN4GI,IN4GI
X7331,X7331
LKPUI,LKPUI
LQ1U5,LQ1U5
B37E5,B37E5
5OOFN,5OOFN
F17XU,F17XU
YKLPC,YKLPC
TZ6A1,TZ6A1
D05UO,D05UO
OV888,OV888
9YLCO,9YLCO
WRRL7,WRRL7
NQSA1,NQSA1
J7K0F,J7K0F
PDIFB,PDIFB
59I53,59I53
IOBZX,IOBZX
PJTQC,PJTQC
6JGGO,6JGGO
X6Y7V,X6Y7V
937KQ,937KQ
F30HF,F30HF
8TZBQ,8TZBQ
YJQ9R,YJQ9R
6UZK1,6UZK1
EG8NU,EG8NU
FB74C,FB74C
JCXDD,JCXDD
C30HY,C30HY
USJNW,USJNW
TIAP5,TIAP5
Z6SLL,Z6SLL
VN9H6,VN9H6
CP214,CP214
ILNJ0,ILNJ0
GJWVS,GJWVS
AUUNF,AUUNF
PVCI1,PVCI1
CNJZ9,CNJZ9
6ATZU,6ATZU
AUFB3,AUFB3
NAT3V,NAT3V
JP2IP,JP2IP
TAF08,TAF08
IRTCJ,IRTCJ
ZVTCD,ZVTCD
32HNH,32HNH
ZXEEJ,ZXEEJ
2CYUE,2CYUE
8Q0T5,8Q0T5
LWBUY,LWBUY
OLM97,OLM97
KO1PQ,KO1PQ
AQYRV,AQYRV
DKKXE,DKKXE
SDFD9,SDFD9
VCM2I,VCM2I
PDLUF,PDLUF
WUNVA,WUNVA
02D5H,02D5H
84LKF,84LKF
OG6K1,OG6K1
4FD5K,4FD5K
1YQOQ,1YQOQ
8TU4H,8TU4H
46U4W,46U4W
HLSJP,HLSJP
9MQ02,9MQ02
2F7LF,2F7LF
1EYY7,1EYY7
QBO7Z,QBO7Z
THO72,THO72
V5DGI,V5DGI
HB2WP,HB2WP
UNMBH,UNMBH
LQLNU,LQLNU
W82HQ,W82HQ
VK2FW,VK2FW
LGB77,LGB77
7IWC0,7IWC0
D70YN,D70YN
YPJB5,YPJB5
IVXQR,IVXQR
0EWH5,0EWH5
N4IL6,N4IL6
K78M4,K78M4
7TXIY,7TXIY
A6DLV,A6DLV
NNWSS,NNWSS
QPZPI,QPZPI
7MUNL,7MUNL
ESJMX,ESJMX
FOG7V,FOG7V
WH2QF,WH2QF
9O0FT,9O0FT
NIQON,NIQON
96VB7,96VB7
JV9WX,JV9WX
DAXRZ,DAXRZ
PDZ63,PDZ63
PF27T,PF27T
7D2NZ,7D2NZ
6LO94,6LO94
XJTTQ,XJTTQ
DTBFS,DTBFS
N6GI6,N6GI6
408S4,408S4
DFFEF,DFFEF
WWNKZ,WWNKZ
AZ08H,AZ08H
1VT0J,1VT0J
MU3B4,MU3B4
20WGA,20WGA
NDZEY,NDZEY
BXNWO,BXNWO
DTCQY,DTCQY
RGOVE,RGOVE
6F6UI,6F6UI
H0QPI,H0QPI
3VXR3,3VXR3
198XH,198XH
Y9WTH,Y9WTH
RXDWO,RXDWO
NKRVX,NKRVX
8NATI,8NATI
HV8K4,HV8K4
ILYR1,ILYR1
62O0W,62O0W
B1GQN,B1GQN
WY4R0,WY4R0
CKFLM,CKFLM
D7ZR1,D7ZR1
6QAAR,6QAAR
M9TAC,M9TAC
1EZ7M,1EZ7M
DQLP6,DQLP6
0T8OB,0T8OB
0UEH7,0UEH7
SMLNI,SMLNI
BPHHF,BPHHF
RQUT2,RQUT2
1N01R,1N01R
JWQQI,JWQQI
8WI9R,8WI9R
8ZCDW,8ZCDW
ZIOPX,ZIOPX
77UR4,77UR4
CKX2R,CKX2R
QO0V0,QO0V0
WPIMT,WPIMT
WF6S1,WF6S1
6BJLF,6BJLF
V4UG6,V4UG6
Y9IVB,Y9IVB
0F26L,0F26L
C0D58,C0D58
T2TEZ,T2TEZ
VXJH7,VXJH7
J12ZP,J12ZP
2TESA,2TESA
7RCSN,7RCSN
OKJ16,OKJ16
Z0LEN,Z0LEN
0JC5C,0JC5C
RC3RQ,RC3RQ
GHFN4,GHFN4
UYTR0,UYTR0
UPNL9,UPNL9
35632,35632
F4SFP,F4SFP
D7FLK,D7FLK
QXXYY,QXXYY
FUU3S,FUU3S
69D5B,69D5B
BC2R7,BC2R7
B665D,B665D
J4U44,J4U44
NH74F,NH74F
I4QXW,I4QXW
85PUW,85PUW
NFWXP,NFWXP
PTC24,PTC24
PEOT0,PEOT0
05FHR,05FHR
2QUZK,2QUZK
4O9BU,4O9BU
5265E,5265E
NX4MM,NX4MM
WIESJ,WIESJ
1547B,1547B
GZSV5,GZSV5
UFZCQ,UFZCQ
0SSB6,0SSB6
V016M,V016M
1M5CO,1M5CO
NLDEP,NLDEP
R9KZA,R9KZA
EYIAH,EYIAH
3W0KE,3W0KE
6Y5QW,6Y5QW
OZFWM,OZFWM
NASNC,NASNC
HHCKE,HHCKE
GMHFB,GMHFB
DVGFW,DVGFW
WUW0U,WUW0U
PEUA1,PEUA1
A0XU4,A0XU4
Y5LFH,Y5LFH
GPOB4,GPOB4
BNXNT,BNXNT
FD2HL,FD2HL
MV3JI,MV3JI
S5TZW,S5TZW
5SALF,5SALF
8FYTU,8FYTU
MGEAN,MGEAN
B7BPM,B7BPM
XPZ4G,XPZ4G
LSN7X,LSN7X
RI0H3,RI0H3
B1BYN,B1BYN
ISOVF,ISOVF
6M0LU,6M0LU
SOQXJ,SOQXJ
95DVU,95DVU
AUZ2B,AUZ2B
IXFL9,IXFL9
7AMWN,7AMWN
9GGGK,9GGGK
NBVZ5,NBVZ5
UB5J5,UB5J5
C2ZZH,C2ZZH
TJPCE,TJPCE
GEM6D,GEM6D
VHIZ2,VHIZ2
NRLYR,NRLYR
B3XD3,B3XD3
UDV2R,UDV2R
U454S,U454S
IWAYY,IWAYY
ZSUMV,ZSUMV
8AR29,8AR29
D05LP,D05LP
YA2HD,YA2HD
U1T8P,U1T8P
4USDS,4USDS
F6944,F6944
SM92U,SM92U
FAV7Z,FAV7Z
BW0BK,BW0BK
8DLGZ,8DLGZ
IKU1J,IKU1J
XUAYC,XUAYC
SD9XJ,SD9XJ
T7X0F,T7X0F
3YQZD,3YQZD
TP885,TP885
ISADF,ISADF
EU0XZ,EU0XZ
MSIFZ,MSIFZ
XCW6X,XCW6X
9AKAI,9AKAI
S0QS9,S0QS9
NO723,NO723
2QA81,2QA81
0YQKH,0YQKH
RZ5YZ,RZ5YZ
UKKF4,UKKF4
VO0E2,VO0E2
72VT7,72VT7
NGTI0,NGTI0
JZ794,JZ794
GGHZN,GGHZN
Q1ULC,Q1ULC
WHW8S,WHW8S
65UN5,65UN5
NO847,NO847
XJRW5,XJRW5
N7IGB,N7IGB
542LP,542LP
MS17W,MS17W
3V8SP,3V8SP
IZNKX,IZNKX
Y23PT,Y23PT
6BAV6,6BAV6
UWKS2,UWKS2
HS3FH,HS3FH
JSU6Y,JSU6Y
MDJX1,MDJX1
FXDNK,FXDNK
Z4MRM,Z4MRM
Z929G,Z929G
NZQTV,NZQTV
0M5ZY,0M5ZY
LXTKS,LXTKS
UFZJH,UFZJH
WBR04,WBR04
YY3EK,YY3EK
ANXUM,ANXUM
BWM69,BWM69
67P2N,67P2N
J9FDW,J9FDW
4WII0,4WII0
UA3K6,UA3K6
K4DJ2,K4DJ2
SO3RI,SO3RI
UWKLG,UWKLG
T0915,T0915
24UJ4,24UJ4
BB59O,BB59O
DLBLB,DLBLB
40B8V,40B8V
ME8C7,ME8C7
46NT0,46NT0
06RO8,06RO8
VXAQ8,VXAQ8
BMGXR,BMGXR
2V6MQ,2V6MQ
X70SQ,X70SQ
IX2O1,IX2O1
56XAI,56XAI
D4UW0,D4UW0
D4X9C,D4X9C
PXMC9,PXMC9
31RBI,31RBI
HFBYI,HFBYI
ALRBB,ALRBB
9IODV,9IODV
MFY1W,MFY1W
5TMIV,5TMIV
WH6UP,WH6UP
3M4KN,3M4KN
4KQE2,4KQE2
0RQEB,0RQEB
QKC0S,QKC0S
3LDNO,3LDNO
DURGP,DURGP
90WZK,90WZK
6SSKN,6SSKN
YN3N8,YN3N8
AK303,AK303
YCRCC,YCRCC
Y4N5E,Y4N5E
YVZL6,YVZL6
GS8ZN,GS8ZN
AW3YY,AW3YY
IHPCB,IHPCB
76TRM,76TRM
1CN5A,1CN5A
RYA7C,RYA7C
T00TW,T00TW
JLCAZ,JLCAZ
3C1DJ,3C1DJ
DIIP5,DIIP5
UQFYX,UQFYX
8PIAH,8PIAH
ZGQ4V,ZGQ4V
4TR3I,4TR3I
VE6EU,VE6EU
KBDQ3,KBDQ3
0HXOI,0HXOI
67MXH,67MXH
TKOZY,TKOZY
7ZEQE,7ZEQE
S8A77,S8A77
WP00R,WP00R
HYH2V,HYH2V
79O5P,79O5P
3V5I1,3V5I1
ZZUR7,ZZUR7
B1FRL,B1FRL
P6DDI,P6DDI
9UFER,9UFER
X5Z11,X5Z11
MCS8X,MCS8X
8CLXY,8CLXY
7C64H,7C64H
D7HFU,D7HFU
Y71LX,Y71LX
LWLCM,LWLCM
TW7SY,TW7SY
MI4ET,MI4ET
5EB80,5EB80
BVNAR,BVNAR
JZBO9,JZBO9
NS64B,NS64B
F4PMC,F4PMC
7IYZK,7IYZK
8606M,8606M
8NXVC,8NXVC
D0QSO,D0QSO
RCOMC,RCOMC
ALXOK,ALXOK
5646H,5646H
9Z833,9Z833
QL69U,QL69U
KERL0,KERL0
095C1,095C1
Y4ZVO,Y4ZVO
3VKJS,3VKJS
LASKZ,LASKZ
0ZSHU,0ZSHU
DS8FA,DS8FA
T0S88,T0S88
XKQXU,XKQXU
Y8BVJ,Y8BVJ
Q6POZ,Q6POZ
HK7G0,HK7G0
VVZBW,VVZBW
ENU6S,ENU6S
19HNQ,19HNQ
2HH31,2HH31
R9EWE,R9EWE
ZD9NV,ZD9NV
Z5IAJ,Z5IAJ
YDKHG,YDKHG
NZFEU,NZFEU
SP2FQ,SP2FQ
06H2B,06H2B
CFIAP,CFIAP
FJYS1,FJYS1
CIL1F,CIL1F
3O0RK,3O0RK
HHG9P,HHG9P
QI6AF,QI6AF
NWNCN,NWNCN
ZK99R,ZK99R
33JFT,33JFT
73PU6,73PU6
8T9OV,8T9OV
G3WCA,G3WCA
TNJFL,TNJFL
2U6K1,2U6K1
4PVJ8,4PVJ8
8D238,8D238
X77HY,X77HY
EGH92,EGH92
6UHPI,6UHPI
DX9AI,DX9AI
D4TB9,D4TB9
HWKGL,HWKGL
OGNJB,OGNJB
YZF1I,YZF1I
8ZAUA,8ZAUA
TANXC,TANXC
XHC70,XHC70
RXAWS,RXAWS
V9HV4,V9HV4
OSC4Z,OSC4Z
MLUVL,MLUVL
3MSL5,3MSL5
E0OZA,E0OZA
2YLVY,2YLVY
OU484,OU484
REXTK,REXTK
H6Y78,H6Y78
6EXVZ,6EXVZ
K6HGK,K6HGK
RL3JR,RL3JR
7R1N5,7R1N5
JJVM8,JJVM8
UOED9,UOED9
079Y8,079Y8
HYJAL,HYJAL
U93WL,U93WL
PFM4Z,PFM4Z
F0I4Q,F0I4Q
R7TFP,R7TFP
AF28O,AF28O
EKX3I,EKX3I
FPDVI,FPDVI
5A7ZF,5A7ZF
ZU6Z7,ZU6Z7
Q5XWG,Q5XWG
HOFDN,HOFDN
28PXO,28PXO
U50MV,U50MV
RAJX0,RAJX0
SB7OF,SB7OF
4GKLQ,4GKLQ
X0L24,X0L24
8B1N9,8B1N9
F95KD,F95KD
MJEPU,MJEPU
Z6TCU,Z6TCU
WY8Z4,WY8Z4
ZSYHV,ZSYHV
3DR4G,3DR4G
X0XIB,X0XIB
2EM52,2EM52
N8RO4,N8RO4
S39HN,S39HN
1CZPD,1CZPD
TM15O,TM15O
EH37R,EH37R
DLYLM,DLYLM
SA0ZW,SA0ZW
E1ADV,E1ADV
EXTEP,EXTEP
NR251,NR251
W5MY7,W5MY7
WT12Y,WT12Y
RTF42,RTF42
8OSMB,8OSMB
EETYJ,EETYJ
5B67Y,5B67Y
SL4DD,SL4DD
OHPHU,OHPHU
9UDMM,9UDMM
B1946,B1946
1EV0F,1EV0F
X81XL,X81XL
2CNI1,2CNI1
9P4AK,9P4AK
ET7X9,ET7X9
THB9G,THB9G
TDURB,TDURB
LOSP9,LOSP9
0IIUJ,0IIUJ
3FLK0,3FLK0
3KQ7S,3KQ7S
4KYPX,4KYPX
TU9UT,TU9UT
Z2ELP,Z2ELP
4MN2Z,4MN2Z
8RP0I,8RP0I
9RIEP,9RIEP
QGXX0,QGXX0
RYB60,RYB60
SOXB0,SOXB0
GFC7V,GFC7V
NGC1V,NGC1V
IJDXU,IJDXU
649KL,649KL
GYGGX,GYGGX
9WN10,9WN10
MOP5X,MOP5X
DSYKH,DSYKH
W628T,W628T
C1TM4,C1TM4
VYY1G,VYY1G
N7U8R,N7U8R
0DVVK,0DVVK
00P2B,00P2B
DZRFA,DZRFA
50KZF,50KZF
YOXV2,YOXV2
UBV5E,UBV5E
0HLN0,0HLN0
62IJJ,62IJJ
22YNC,22YNC
Y3AYU,Y3AYU
8FF38,8FF38
ZQ1HF,ZQ1HF
4H1H4,4H1H4
T5HQN,T5HQN
IVN98,IVN98
M87CK,M87CK
MXV1U,MXV1U
MJD58,MJD58
EK208,EK208
ND74V,ND74V
Z59UY,Z59UY
997T1,997T1
BY6EV,BY6EV
CKRXC,CKRXC
400SO,400SO
5NLO5,5NLO5
OVCX2,OVCX2
ZB3CM,ZB3CM
RBRA1,RBRA1
9SINA,9SINA
R0ZV0,R0ZV0
LQB93,LQB93
FKE9I,FKE9I
UYN4R,UYN4R
VEW93,VEW93
TSVL1,TSVL1
S2B5C,S2B5C
K4DW0,K4DW0
QKEVO,QKEVO
K2WBF,K2WBF
AUEXP,AUEXP
H3U4N,H3U4N
JJPOD,JJPOD
SLOVG,SLOVG
GZ8LF,GZ8LF
063XD,063XD
I8QBG,I8QBG
PSY44,PSY44
NDC4W,NDC4W
X6IH7,X6IH7
F4UWJ,F4UWJ
UNX3T,UNX3T
VLIGC,VLIGC
SQ3PJ,SQ3PJ
X9J25,X9J25
PV09J,PV09J
J10UG,J10UG
7YP18,7YP18
W8Y44,W8Y44
L8LXO,L8LXO
WSBM3,WSBM3
84HU8,84HU8
E2X7U,E2X7U
L9BJR,L9BJR
2P375,2P375
31ZRH,31ZRH
AH7S8,AH7S8
5OPU1,5OPU1
3OLX7,3OLX7
VIWPV,VIWPV
WL0KW,WL0KW
C7CLP,C7CLP
RDIN3,RDIN3
14QEP,14QEP
TTJT6,TTJT6
SV8FN,SV8FN
BLKL0,BLKL0
MOXT0,MOXT0
TU8VP,TU8VP
9OK4B,9OK4B
PKEFW,PKEFW
506G3,506G3
5L81H,5L81H
DZDGF,DZDGF
SLPE5,SLPE5
3691X,3691X
GHHH2,GHHH2
R06OS,R06OS
WJVBL,WJVBL
HGNT0,HGNT0
EO90T,EO90T
7QZKI,7QZKI
UQDSD,UQDSD
NPI65,NPI65
1DUZB,1DUZB
SKXXD,SKXXD
L4PTS,L4PTS
SDTFW,SDTFW
K30P9,K30P9
G5FRB,G5FRB
YYST9,YYST9
EPW71,EPW71
HGTI9,HGTI9
RXVV8,RXVV8
Q88X6,Q88X6
038T3,038T3
4FW0K,4FW0K
XRZJN,XRZJN
Y1EIX,Y1EIX
FDCO7,FDCO7
J2IPU,J2IPU
WQ9TP,WQ9TP
XJPWL,XJPWL
L0WJJ,L0WJJ
WUEZ2,WUEZ2
QZAQ3,QZAQ3
CAWE8,CAWE8
7J68H,7J68H
6M99Q,6M99Q
GELDX,GELDX
5H29O,5H29O
3M3SF,3M3SF
WDGX9,WDGX9
JPUEJ,JPUEJ
6I0B8,6I0B8
RNCK6,RNCK6
5WS0P,5WS0P
GLD3Q,GLD3Q
JXCTL,JXCTL
NOV8I,NOV8I
NO68E,NO68E
OZ3NJ,OZ3NJ
2G8VI,2G8VI
37B9S,37B9S
QN48E,QN48E
LTS8A,LTS8A
H3MBD,H3MBD
K259D,K259D
KSVZO,KSVZO
YWY7J,YWY7J
I60FK,I60FK
N4KOV,N4KOV
PDZ1S,PDZ1S
F2TZ6,F2TZ6
OSL00,OSL00
390Q2,390Q2
7PY45,7PY45
DDMK9,DDMK9
IJH68,IJH68
QDZZC,QDZZC
6T8M0,6T8M0
FU1GP,FU1GP
LX7H4,LX7H4
J4IC5,J4IC5
FM4JD,FM4JD
0UJ7F,0UJ7F
81BZL,81BZL
LIU1S,LIU1S
MZBDZ,MZBDZ
O2ST6,O2ST6
SZW1N,SZW1N
WNSSA,WNSSA
XH7TO,XH7TO
HAL3F,HAL3F
AHEGH,AHEGH
MCSSM,MCSSM
NUWZR,NUWZR
W3O4A,W3O4A
42RBC,42RBC
Y8TNQ,Y8TNQ
IJWMS,IJWMS
4K0UO,4K0UO
5VAXC,5VAXC
CFGDU,CFGDU
A08VM,A08VM
FKLSB,FKLSB
7KE53,7KE53
GOVMV,GOVMV
3B8D9,3B8D9
IEY4T,IEY4T
1JJTR,1JJTR
OG343,OG343
690XK,690XK
OMCRY,OMCRY
B2RXO,B2RXO
2K51G,2K51G
3EIQU,3EIQU
G8GI2,G8GI2
WWGU6,WWGU6
ESD1L,ESD1L
PD83N,PD83N
1DSJU,1DSJU
I64XW,I64XW
7B5ZS,7B5ZS
LSKE9,LSKE9
9E2PW,9E2PW
XY076,XY076
IPE97,IPE97
HWOPX,HWOPX
4XKGB,4XKGB
EBO63,EBO63
UFRU4,UFRU4
OZGF7,OZGF7
36Y0Z,36Y0Z
C4K8N,C4K8N
692H4,692H4
M031Y,M031Y
4MYD3,4MYD3
CK098,CK098
FJYXF,FJYXF
PDUMS,PDUMS
TIASE,TIASE
SDX3O,SDX3O
SZKVS,SZKVS
FTMO5,FTMO5
8MB7N,8MB7N
7V44O,7V44O
5J3QB,5J3QB
3VE9T,3VE9T
FOCSE,FOCSE
5A6GF,5A6GF
10VU3,10VU3
HIZEE,HIZEE
GQ7CG,GQ7CG
I63Z8,I63Z8
S4JPA,S4JPA
S1Q6Z,S1Q6Z
VR02I,VR02I
A6YCV,A6YCV
11XNJ,11XNJ
C5EQR,C5EQR
92DMU,92DMU
E08BT,E08BT
4NXSK,4NXSK
T7LLQ,T7LLQ
CDY7E,CDY7E
09N92,09N92
5QZBD,5QZBD
T691I,T691I
RZIF5,RZIF5
MY4GV,MY4GV
O17SX,O17SX
8K1D4,8K1D4
WQYRK,WQYRK
0N394,0N394
PZO75,PZO75
H7U1P,H7U1P
NP2PI,NP2PI
45IIA,45IIA
F38YU,F38YU
RSU3F,RSU3F
5Y0S5,5Y0S5
CFFN6,CFFN6
35TIL,35TIL
65EBY,65EBY
APUEX,APUEX
Z2O98,Z2O98
02GGJ,02GGJ
FH0RH,FH0RH
YPK1G,YPK1G
PEGQZ,PEGQZ
7REXC,7REXC
7CNZ2,7CNZ2
F9LSS,F9LSS
5SNIW,5SNIW
5CT5J,5CT5J
PN458,PN458
YWHZH,YWHZH
8ML08,8ML08
IDTQR,IDTQR
Y1J4I,Y1J4I
MD9MV,MD9MV
EBERS,EBERS
W9CRP,W9CRP
VOJ0I,VOJ0I
IFSFS,IFSFS
8KQT8,8KQT8
H8SP4,H8SP4
X4H6W,X4H6W
VZCJ5,VZCJ5
927MH,927MH
1Z219,1Z219
2LVI4,2LVI4
BZVO8,BZVO8
PTRVN,PTRVN
H6GFJ,H6GFJ
DR7PI,DR7PI
TNWIJ,TNWIJ
XG110,XG110
WSRLI,WSRLI
2V3SI,2V3SI
RL2ON,RL2ON
DR91U,DR91U
FU159,FU159
454KP,454KP
M2FWB,M2FWB
9IVTR,9IVTR
ATM2U,ATM2U
DYTAI,DYTAI
NPIM4,NPIM4
Z3KZ5,Z3KZ5
EBENE,EBENE
321RQ,321RQ
5JDFI,5JDFI
AJ8MI,AJ8MI
0COLH,0COLH
7JM48,7JM48
IQTNG,IQTNG
DB5BT,DB5BT
83QAD,83QAD
BEQVM,BEQVM
3PKCT,3PKCT
MP3GZ,MP3GZ
LX5G8,LX5G8
E2FY5,E2FY5
RSCZH,RSCZH
GU1U1,GU1U1
GP2T2,GP2T2
PXRRI,PXRRI
P1ZIP,P1ZIP
FD85P,FD85P
N0ILN,N0ILN
DRHAK,DRHAK
O2CNQ,O2CNQ
TWMBC,TWMBC
6DIAK,6DIAK
WGCQD,WGCQD
DJEPU,DJEPU
RNBT7,RNBT7
G5P4K,G5P4K
N5D4O,N5D4O
A5XYP,A5XYP
7WJQ3,7WJQ3
EFEJT,EFEJT
EIGQX,EIGQX
48TTN,48TTN
4QYFM,4QYFM
EZX41,EZX41
SYFBS,SYFBS
H0HJH,H0HJH
AGFWF,AGFWF
P572J,P572J
DYWFN,DYWFN
KL8HT,KL8HT
08B7I,08B7I
CXVNK,CXVNK
L0VZ7,L0VZ7
V18EA,V18EA
SE2LP,SE2LP
G8V2G,G8V2G
5KCAQ,5KCAQ
4MQGC,4MQGC
B27WV,B27WV
R8VTE,R8VTE
7C0PE,7C0PE
11S06,11S06
STW2S,STW2S
L8ZTJ,L8ZTJ
7X30S,7X30S
4N6V3,4N6V3
AHU80,AHU80
S7KQV,S7KQV
33A3I,33A3I
88UTS,88UTS
50D21,50D21
FFB28,FFB28
P0DUS,P0DUS
ARB5P,ARB5P
OUY9L,OUY9L
D0MEP,D0MEP
9N627,9N627
2QEWC,2QEWC
GUIA9,GUIA9
05VIM,05VIM
NR6RH,NR6RH
QFNLF,QFNLF
NQH6O,NQH6O
FX8PV,FX8PV
F5JAW,F5JAW
XBMHP,XBMHP
YU12E,YU12E
Q1MFL,Q1MFL
UHB4U,UHB4U
0UEKB,0UEKB
QIA1G,QIA1G
P9F47,P9F47
DKYZB,DKYZB
1L58Z,1L58Z
R2YAE,R2YAE
NL55K,NL55K
NNL7O,NNL7O
SFOIL,SFOIL
ZT3RI,ZT3RI
8PNXL,8PNXL
DBMMM,DBMMM
0QVUG,0QVUG
4JG4W,4JG4W
NHEPV,NHEPV
912ZH,912ZH
6WZKW,6WZKW
JTD2Q,JTD2Q
GZC3V,GZC3V
TL9NP,TL9NP
4APHL,4APHL
M4I0O,M4I0O
S2J1U,S2J1U
NEVUT,NEVUT
EKBLU,EKBLU
SDWWG,SDWWG
54Y3U,54Y3U
679UL,679UL
XDIDX,XDIDX
JQB45,JQB45
JARLD,JARLD
TELVH,TELVH
NV1MA,NV1MA
8O0NF,8O0NF
5WTTJ,5WTTJ
YANJ7,YANJ7
9MXMT,9MXMT
GNI6R,GNI6R
ZLQF1,ZLQF1
YMAWG,YMAWG
8NWM7,8NWM7
6XCOR,6XCOR
AX0LN,AX0LN
YAJT4,YAJT4
KTSCS,KTSCS
QN2VC,QN2VC
SCJFL,SCJFL
RH8IE,RH8IE
HNW3T,HNW3T
XJ948,XJ948
Q5C2H,Q5C2H
39FP9,39FP9
EYKXZ,EYKXZ
DXNTO,DXNTO
XSK0T,XSK0T
13HQJ,13HQJ
BVYDW,BVYDW
YSC0M,YSC0M
XS260,XS260
S8393,S8393
JUAXB,JUAXB
A7FGS,A7FGS
31NUE,31NUE
7DY6I,7DY6I
9RV2Z,9RV2Z
30UUS,30UUS
9U1OP,9U1OP
5FOU6,5FOU6
D86P6,D86P6
ZJ4N4,ZJ4N4
E1BBJ,E1BBJ
MAD3V,MAD3V
8NMLV,8NMLV
O48B4,O48B4
D3Q7G,D3Q7G
DQPKS,DQPKS
3S3DF,3S3DF
5AX1G,5AX1G
QGKUU,QGKUU
M6VYO,M6VYO
0XBR3,0XBR3
YZD8X,YZD8X
68MW1,68MW1
9LDHK,9LDHK
EAJYI,EAJYI
EF834,EF834
TPU4F,TPU4F
LQVSP,LQVSP
T77MZ,T77MZ
4L3MN,4L3MN
X45G0,X45G0
PGMQO,PGMQO
TMNLL,TMNLL
GJLEE,GJLEE
H2S0B,H2S0B
HHLXC,HHLXC
QFAOB,QFAOB
5618O,5618O
GAEAB,GAEAB
1QQTR,1QQTR
866KD,866KD
8Z9QI,8Z9QI
UCLY7,UCLY7
C7M4H,C7M4H
SLYF9,SLYF9
MSLCY,MSLCY
XV2YQ,XV2YQ
7SEGZ,7SEGZ
CSJZV,CSJZV
X5UXY,X5UXY
R5FKN,R5FKN
0PB57,0PB57
FAN3V,FAN3V
RE4I6,RE4I6
2CNAC,2CNAC
NLETT,NLETT
Q0V1M,Q0V1M
S0I5U,S0I5U
00DV6,00DV6
D78MJ,D78MJ
VQPXN,VQPXN
8RLIL,8RLIL
98O00,98O00
GMBWP,GMBWP
J9B1E,J9B1E
32K7N,32K7N
8PAAQ,8PAAQ
9NJ6W,9NJ6W
4KMAH,4KMAH
U5LT7,U5LT7
3DRZC,3DRZC
JVHR0,JVHR0
3ZA7C,3ZA7C
C96XZ,C96XZ
WQBFX,WQBFX
I3PEW,I3PEW
NAG2K,NAG2K
QMIJ1,QMIJ1
D42BT,D42BT
T2I0W,T2I0W
MZ9A5,MZ9A5
DDH0L,DDH0L
K7QUN,K7QUN
YR6BZ,YR6BZ
FS1Y7,FS1Y7
PJE9J,PJE9J
O7MU6,O7MU6
4BFZN,4BFZN
CQQE3,CQQE3
V0NDT,V0NDT
8ZVVC,8ZVVC
JGIJR,JGIJR
DR3J7,DR3J7
NY7J5,NY7J5
3ELDQ,3ELDQ
I0F4I,I0F4I
GHZJB,GHZJB
PGI7S,PGI7S
UP4K0,UP4K0
GXLO6,GXLO6
824CW,824CW
66V54,66V54
13VWB,13VWB
ZR7WY,ZR7WY
1HESS,1HESS
5YUQ0,5YUQ0
5FC51,5FC51
U3HDL,U3HDL
6Z2GV,6Z2GV
BY8NS,BY8NS
HK9YW,HK9YW
9GQQI,9GQQI
YDRQU,YDRQU
MCYWB,MCYWB
6A523,6A523
7M29U,7M29U
BVEJC,BVEJC
MVDRH,MVDRH
CCMBH,CCMBH
UIZFU,UIZFU
C9CBW,C9CBW
Z37U7,Z37U7
JN7MC,JN7MC
INTUX,INTUX
X2WWD,X2WWD
RJLEJ,RJLEJ
LM9NN,LM9NN
25NBV,25NBV
D3E1A,D3E1A
K1NSN,K1NSN
X6H8A,X6H8A
93D41,93D41
CBRMG,CBRMG
AF2DP,AF2DP
7JZ6N,7JZ6N
9KS25,9KS25
RB3XJ,RB3XJ
9C5D5,9C5D5
HJRRY,HJRRY
PA8IT,PA8IT
L1I4G,L1I4G
GP8R9,GP8R9
L9M6F,L9M6F
IY577,IY577
4F8YB,4F8YB
OCCKT,OCCKT
Z540J,Z540J
Y2S20,Y2S20
67KM8,67KM8
5GBD5,5GBD5
E8F3R,E8F3R
AUTVO,AUTVO
KVVXH,KVVXH
Q3YT4,Q3YT4
ZSGB0,ZSGB0
AZIC7,AZIC7
PPYAH,PPYAH
CPZCF,CPZCF
XBHOZ,XBHOZ
N9WV9,N9WV9
UJ8PK,UJ8PK
TGHKR,TGHKR
8SCS4,8SCS4
5ZTVV,5ZTVV
T323K,T323K
UIAJ9,UIAJ9
04Z9Q,04Z9Q
56KHX,56KHX
AUVX9,AUVX9
WMTL4,WMTL4
5OYX9,5OYX9
UTL0J,UTL0J
PYJRU,PYJRU
3ZO7J,3ZO7J
4SF5L,4SF5L
DJZK6,DJZK6
ACLMC,ACLMC
OCWEW,OCWEW
TQUC6,TQUC6
1GLUF,1GLUF
0BAP4,0BAP4
PWD4E,PWD4E
UUJWA,UUJWA
A5OH7,A5OH7
553RP,553RP
NOD9Z,NOD9Z
H9RDC,H9RDC
LCEKX,LCEKX
CUUUW,CUUUW
VOF61,VOF61
QCI2C,QCI2C
QDY81,QDY81
YH3E1,YH3E1
BZEK5,BZEK5
5R9FN,5R9FN
8KLVT,8KLVT
786BX,786BX
WVADQ,WVADQ
S3A8L,S3A8L
IVZDC,IVZDC
85VFX,85VFX
XS2BK,XS2BK
WFGRZ,WFGRZ
LM86Q,LM86Q
Y2NXW,Y2NXW
XAHBM,XAHBM
4W2R8,4W2R8
9MIJV,9MIJV
9GYIJ,9GYIJ
9FKZ4,9FKZ4
M0HPV,M0HPV
LLGZI,LLGZI
PTYJ5,PTYJ5
4GYVH,4GYVH
OMC6B,OMC6B
7BZKW,7BZKW
T6RGK,T6RGK
YH5SZ,YH5SZ
0LNE2,0LNE2
6S421,6S421
233LF,233LF
8PQPD,8PQPD
CHFIK,CHFIK
1E8TD,1E8TD
YH00S,YH00S
7B7N2,7B7N2
SYA9Y,SYA9Y
CT2F0,CT2F0
2N6D5,2N6D5
6MJHG,6MJHG
IUP2J,IUP2J
W8JCB,W8JCB
W1XEY,W1XEY
CRSIR,CRSIR
GW5TQ,GW5TQ
5OEUJ,5OEUJ
UQPW8,UQPW8
A07V6,A07V6
ZFWPJ,ZFWPJ
MW0DT,MW0DT
JV8X2,JV8X2
JM6IG,JM6IG
LU3H2,LU3H2
YHGBX,YHGBX
WKI8A,WKI8A
QYQ2J,QYQ2J
U4DWG,U4DWG
EV3F8,EV3F8
LDFM3,LDFM3
00DIQ,00DIQ
OIFVH,OIFVH
GC1L0,GC1L0
B8DCV,B8DCV
TB3OH,TB3OH
30NNO,30NNO
2BXY8,2BXY8
K9JBF,K9JBF
REBXE,REBXE
AERWT,AERWT
GZSZP,GZSZP
O5QHV,O5QHV
KBT18,KBT18
NIU93,NIU93
YZF7A,YZF7A
0LUMY,0LUMY
2KMPI,2KMPI
Z5CBG,Z5CBG
15JWV,15JWV
PJS53,PJS53
Z72EF,Z72EF
5UY1X,5UY1X
CCBTX,CCBTX
XVW44,XVW44
OG5T5,OG5T5
JOB4I,JOB4I
SI5NU,SI5NU
30284,30284
080E4,080E4
36BXY,36BXY
B82YC,B82YC
Y94UE,Y94UE
R3DUK,R3DUK
25BIO,25BIO
KV2BS,KV2BS
TH0AF,TH0AF
9W0H7,9W0H7
81FKN,81FKN
E6WGD,E6WGD
GV14K,GV14K
E1R6Y,E1R6Y
0NGPT,0NGPT
8VRPQ,8VRPQ
76Z8A,76Z8A
VR9KH,VR9KH
28QKD,28QKD
XERM9,XERM9
NWOB1,NWOB1
XRO21,XRO21
1W6U8,1W6U8
JLLV4,JLLV4
EU334,EU334
I4L9F,I4L9F
B54HI,B54HI
SL5CY,SL5CY
05AHG,05AHG
K9K4Z,K9K4Z
CQWF4,CQWF4
X2N28,X2N28
IACTO,IACTO
IYHKZ,IYHKZ
9WTIV,9WTIV
C35W8,C35W8
F5PLE,F5PLE
DXHOA,DXHOA
UMZ87,UMZ87
GG5KC,GG5KC
4PFJU,4PFJU
YZOU7,YZOU7
55WAK,55WAK
YFBLD,YFBLD
VT7G6,VT7G6
KV2ZI,KV2ZI
KCSWA,KCSWA
CPAS6,CPAS6
OWJNT,OWJNT
ZE809,ZE809
8ELVY,8ELVY
MRZ3F,MRZ3F
SG6W4,SG6W4
THKU9,THKU9
ZZX4A,ZZX4A
IUAW1,IUAW1
BALW7,BALW7
G6N1G,G6N1G
OP9UE,OP9UE
T4GSU,T4GSU
54WQQ,54WQQ
3KHZR,3KHZR
G1V74,G1V74
13JCJ,13JCJ
HUWYO,HUWYO
SGQR2,SGQR2
ZYREV,ZYREV
E5FUI,E5FUI
NT5A3,NT5A3
HBXYG,HBXYG
J5DU2,J5DU2
41VKW,41VKW
BOV3B,BOV3B
V0VG5,V0VG5
SOGS3,SOGS3
YJBCA,YJBCA
9FYAU,9FYAU
4RTL1,4RTL1
Y33BP,Y33BP
BJV1D,BJV1D
L72TN,L72TN
EDJDC,EDJDC
MNZNS,MNZNS
KJXPR,KJXPR
7I2W0,7I2W0
R6QX7,R6QX7
AQVK8,AQVK8
8OFNT,8OFNT
A7IY8,A7IY8
MF0TR,MF0TR
YD7ZF,YD7ZF
1RXUI,1RXUI
FZO32,FZO32
PBUIP,PBUIP
0LRAN,0LRAN
1XDND,1XDND
H5CS3,H5CS3
LBAT4,LBAT4
UOIQ3,UOIQ3
S8RZY,S8RZY
V8YA8,V8YA8
DNUJX,DNUJX
CEN9I,CEN9I
045Y1,045Y1
KOP6K,KOP6K
8CU44,8CU44
KQFQD,KQFQD
PP7R7,PP7R7
Z84NH,Z84NH
DT4M6,DT4M6
4EL95,4EL95
NP6OT,NP6OT
T8VPD,T8VPD
8RLAP,8RLAP
HSGLF,HSGLF
0VPDP,0VPDP
GZMDA,GZMDA
AQJAZ,AQJAZ
2X5NO,2X5NO
M4FKN,M4FKN
HKHI4,HKHI4
C9TIG,C9TIG
2SGUT,2SGUT
HW5A1,HW5A1
R5WBL,R5WBL
V0D5K,V0D5K
LOF8W,LOF8W
1MJ7P,1MJ7P
PKTP8,PKTP8
4I9M7,4I9M7
BH9ZC,BH9ZC
JONG7,JONG7
VE2UU,VE2UU
SY4ES,SY4ES
6HAQI,6HAQI
KVVWR,KVVWR
RF3HP,RF3HP
VOSCF,VOSCF
ILOD8,ILOD8
0RZYL,0RZYL
XOXKY,XOXKY
8KOYJ,8KOYJ
ZBZ9R,ZBZ9R
PF8U0,PF8U0
YKMGS,YKMGS
1Y8NL,1Y8NL
D895A,D895A
I48M1,I48M1
JJ1DF,JJ1DF
1QOGX,1QOGX
5N9YT,5N9YT
MHWHW,MHWHW
GSI9S,GSI9S
TU253,TU253
93QA1,93QA1
NZWG1,NZWG1
KHN6L,KHN6L
EBFQE,EBFQE
ILD5K,ILD5K
ZWKSO,ZWKSO
8ZWPK,8ZWPK
AX5VO,AX5VO
FBGFC,FBGFC
Q9Y6Q,Q9Y6Q
KJNZH,KJNZH
QPR42,QPR42
V8RB1,V8RB1
GMJI2,GMJI2
IV8H8,IV8H8
DI3JT,DI3JT
82XMB,82XMB
30TR8,30TR8
EY64S,EY64S
NKTHP,NKTHP
A8VU2,A8VU2
1PBPW,1PBPW
TL5M2,TL5M2
MAV4K,MAV4K
7A3LD,7A3LD
4BX6L,4BX6L
TCL1N,TCL1N
MG3QW,MG3QW
V9WBV,V9WBV
V6ZBE,V6ZBE
S0YO5,S0YO5
B33NE,B33NE
5C1GI,5C1GI
G6AXI,G6AXI
LV3XD,LV3XD
NQZNS,NQZNS
UXUO0,UXUO0
ZL5IW,ZL5IW
ADIRR,ADIRR
Q56HR,Q56HR
OYQ3S,OYQ3S
SK87C,SK87C
EJS0D,EJS0D
97DXT,97DXT
ABYWB,ABYWB
VQRHE,VQRHE
9BXC1,9BXC1
YXC2O,YXC2O
N4EH4,N4EH4
UTRG3,UTRG3
XN68B,XN68B
Z33RV,Z33RV
SMYOQ,SMYOQ
6E81L,6E81L
2IE8Y,2IE8Y
NW4LC,NW4LC
RSZRR,RSZRR
4ATZH,4ATZH
DOY6C,DOY6C
272NR,272NR
YT14P,YT14P
8Q444,8Q444
S9VIN,S9VIN
EJ9TH,EJ9TH
NREC9,NREC9
EU0PH,EU0PH
86U0E,86U0E
EC3VW,EC3VW
MZ9ZH,MZ9ZH
DINKC,DINKC
9KC9V,9KC9V
K87RR,K87RR
C33LM,C33LM
4W31F,4W31F
0ANWE,0ANWE
4EOGJ,4EOGJ
H8HII,H8HII
VDUIV,VDUIV
KO59R,KO59R
U2C4A,U2C4A
MJRGG,MJRGG
CP3UC,CP3UC
ZMOSB,ZMOSB
GPWO5,GPWO5
Q4KVJ,Q4KVJ
QTL8O,QTL8O
SIZFZ,SIZFZ
K9D9D,K9D9D
24E31,24E31
EU8Y3,EU8Y3
9XKHL,9XKHL
WCV3N,WCV3N
ZE1MZ,ZE1MZ
0WH8C,0WH8C
FLE0S,FLE0S
Z1N6J,Z1N6J
VY6PX,VY6PX
D04QT,D04QT
IEIZW,IEIZW
ARU98,ARU98
6JHXC,6JHXC
XC6QF,XC6QF
PJ58R,PJ58R
UFY0Y,UFY0Y
K1PUT,K1PUT
3ULKX,3ULKX
EOHXA,EOHXA
TTH0T,TTH0T
GIDFV,GIDFV
0LJRP,0LJRP
EHSV1,EHSV1
LDSKP,LDSKP
KHFG3,KHFG3
UXS50,UXS50
6FE04,6FE04
BQ2D5,BQ2D5
MKLZO,MKLZO
SD2M9,SD2M9
MXPSK,MXPSK
ZIYWY,ZIYWY
T6CBH,T6CBH
7TPB9,7TPB9
JI7Q0,JI7Q0
3AFQN,3AFQN
2QTVC,2QTVC
4M2YF,4M2YF
OK927,OK927
M8X3J,M8X3J
3VO5X,3VO5X
GR0K8,GR0K8
4WFD8,4WFD8
WOOS1,WOOS1
PQJM9,PQJM9
GWOG3,GWOG3
04YZX,04YZX
8G158,8G158
EBZVV,EBZVV
TYO2K,TYO2K
D3DES,D3DES
T9NDM,T9NDM
RFFDS,RFFDS
3J1Y9,3J1Y9
JBTQM,JBTQM
818PX,818PX
8UQPI,8UQPI
4V29P,4V29P
OI33P,OI33P
GHEE5,GHEE5
9HPVA,9HPVA
G2YY6,G2YY6
AG74O,AG74O
D24WG,D24WG
W7YX1,W7YX1
D7F6Y,D7F6Y
8HN7U,8HN7U
6QD2Y,6QD2Y
NY6DZ,NY6DZ
F9RV6,F9RV6
ORX4U,ORX4U
R4AS9,R4AS9
T4B3M,T4B3M
VQDFM,VQDFM
RRXAD,RRXAD
M9DJC,M9DJC
A3VRV,A3VRV
EGUD2,EGUD2
NP19Z,NP19Z
61V15,61V15
I44NY,I44NY
8H0P9,8H0P9
2O80N,2O80N
J7NJM,J7NJM
XN5EK,XN5EK
K1QUZ,K1QUZ
35XAL,35XAL
Q6A16,Q6A16
P49LI,P49LI
Y549Y,Y549Y
HMTEO,HMTEO
QDVJ4,QDVJ4
37X6Q,37X6Q
EYJF6,EYJF6
N5BD8,N5BD8
JUXDM,JUXDM
HGXAT,HGXAT
ZC45B,ZC45B
MVLW7,MVLW7
SPBY0,SPBY0
KK3HL,KK3HL
I8SMH,I8SMH
N5PSF,N5PSF
DPVEL,DPVEL
TKMB5,TKMB5
K9I48,K9I48
ZNOWE,ZNOWE
KBRHZ,KBRHZ
BJNIX,BJNIX
J3YCD,J3YCD
V5UT1,V5UT1
9UX64,9UX64
F4XU6,F4XU6
Q216H,Q216H
HDSP5,HDSP5
7UJJ2,7UJJ2
SZ7NX,SZ7NX
1C4W4,1C4W4
GT1TA,GT1TA
RNUSU,RNUSU
40YT8,40YT8
C0ITL,C0ITL
6S5SR,6S5SR
SUXQU,SUXQU
WB0BS,WB0BS
UXWHV,UXWHV
D8OMK,D8OMK
8GE7G,8GE7G
RA7Z8,RA7Z8
0CW8T,0CW8T
97ZOO,97ZOO
P6LU5,P6LU5
4AIL8,4AIL8
QQALM,QQALM
P8BIR,P8BIR
T2AG0,T2AG0
TLXHH,TLXHH
4GWLD,4GWLD
MZLAZ,MZLAZ
KGYZI,KGYZI
D3JE0,D3JE0
8WDRQ,8WDRQ
ZM8MQ,ZM8MQ
0UW9Q,0UW9Q
TDNZP,TDNZP
9N47I,9N47I
SJGJB,SJGJB
059PX,059PX
DKIDI,DKIDI
4K5Z0,4K5Z0
JQXYN,JQXYN
CZOFY,CZOFY
LI8C4,LI8C4
4BHKF,4BHKF
3OUKJ,3OUKJ
9DUNI,9DUNI
FAVWX,FAVWX
SCHFO,SCHFO
RFVRV,RFVRV
KA1D6,KA1D6
ZZ6Q3,ZZ6Q3
DFH4U,DFH4U
LVYLU,LVYLU
5OCG4,5OCG4
GD3GC,GD3GC
SYR4K,SYR4K
Y14L1,Y14L1
ZHMJI,ZHMJI
UIX0K,UIX0K
0XSGM,0XSGM
1S0TJ,1S0TJ
X5H3W,X5H3W
XW4M9,XW4M9
2ZEMC,2ZEMC
RKSWC,RKSWC
CD4SU,CD4SU
P1EVN,P1EVN
OO8AR,OO8AR
7S518,7S518
7LH3V,7LH3V
AS8X1,AS8X1
I0J9D,I0J9D
7319F,7319F
49OQ7,49OQ7
XDZ7B,XDZ7B
KMOF3,KMOF3
1F9PQ,1F9PQ
MYHLB,MYHLB
599K0,599K0
MHYWL,MHYWL
3G397,3G397
EQ7K6,EQ7K6
9Y62V,9Y62V
4VY4K,4VY4K
EL5S9,EL5S9
WMZI4,WMZI4
MZZ3O,MZZ3O
47NHH,47NHH
KD287,KD287
GR15S,GR15S
ZIJ0K,ZIJ0K
IV2KM,IV2KM
M0SNT,M0SNT
SYR4F,SYR4F
52RI6,52RI6
AITL5,AITL5
R8IX5,R8IX5
ID83L,ID83L
1BDDU,1BDDU
FZ4FM,FZ4FM
XCJAI,XCJAI
75OYJ,75OYJ
CE6WF,CE6WF
6JRZL,6JRZL
L0YDS,L0YDS
86ME3,86ME3
NLCEH,NLCEH
43I5C,43I5C
XQX0P,XQX0P
2SW7Y,2SW7Y
ZOIY4,ZOIY4
3S8OW,3S8OW
WGO84,WGO84
M0TVI,M0TVI
OXBIY,OXBIY
RSOWR,RSOWR
XDKHS,XDKHS
E31CF,E31CF
0IYQV,0IYQV
DXNV7,DXNV7
O7UJ8,O7UJ8
XKWCA,XKWCA
TW4PM,TW4PM
RA948,RA948
AXD0F,AXD0F
CVTFD,CVTFD
XWD2H,XWD2H
XZ60L,XZ60L
DXW98,DXW98
79RVX,79RVX
2KB69,2KB69
7JJYU,7JJYU
7BUN0,7BUN0
USHK2,USHK2
V152T,V152T
ZIYQO,ZIYQO
FD56A,FD56A
M5R0B,M5R0B
L5KYO,L5KYO
ZWRCH,ZWRCH
I2X2U,I2X2U
HSV9H,HSV9H
H1M9O,H1M9O
KNLYW,KNLYW
YX8II,YX8II
UX5T5,UX5T5
NMHAV,NMHAV
PUXQD,PUXQD
3SC9W,3SC9W
QIEOV,QIEOV
HM15I,HM15I
4GXE6,4GXE6
A695I,A695I
41QZ4,41QZ4
OTRVW,OTRVW
Q8AHW,Q8AHW
IFJQ9,IFJQ9
QSPN1,QSPN1
J8T60,J8T60
24OIX,24OIX
A7SJF,A7SJF
UD8G0,UD8G0
33GVN,33GVN
6UEO5,6UEO5
AXNRX,AXNRX
GZI22,GZI22
VN3P2,VN3P2
Q5MEU,Q5MEU
3VIX8,3VIX8
B024I,B024I
92JCM,92JCM
ST2A9,ST2A9
NULD3,NULD3
N8UA1,N8UA1
YWVS8,YWVS8
PQDWG,PQDWG
G8RFX,G8RFX
KOADP,KOADP
ZSZUZ,ZSZUZ
TFDQU,TFDQU
8KGCP,8KGCP
DWCRB,DWCRB
AUL2R,AUL2R
6X2GR,6X2GR
AINEZ,AINEZ
HN4P5,HN4P5
QKUTK,QKUTK
RXALA,RXALA
2BR38,2BR38
T434S,T434S
HOF9E,HOF9E
5CVC2,5CVC2
NSI9U,NSI9U
6HAHV,6HAHV
7SDY7,7SDY7
MLRDW,MLRDW
GSP34,GSP34
LE2OI,LE2OI
EJIRW,EJIRW
0I0P2,0I0P2
DBMSC,DBMSC
H5VDP,H5VDP
RKY9Q,RKY9Q
DATNL,DATNL
4J5EU,4J5EU
JJ6L0,JJ6L0
SN0RM,SN0RM
MDR5W,MDR5W
NF2N2,NF2N2
9OWAX,9OWAX
NJ5BE,NJ5BE
776D7,776D7
JVDVZ,JVDVZ
JWI3W,JWI3W
7CEJG,7CEJG
8QTBF,8QTBF
GVI6F,GVI6F
TO9JJ,TO9JJ
CE5E9,CE5E9
P46DI,P46DI
2V0EO,2V0EO
I0TNG,I0TNG
253FO,253FO
DYD3P,DYD3P
V0BXG,V0BXG
RV27V,RV27V
8LY34,8LY34
ZKR46,ZKR46
9E0T8,9E0T8
QSSVU,QSSVU
W8RFV,W8RFV
PHDEZ,PHDEZ
9OQM1,9OQM1
8PJNF,8PJNF
JGCWS,JGCWS
9BC3R,9BC3R
1CF9X,1CF9X
PMSPM,PMSPM
UGNDW,UGNDW
U4SNJ,U4SNJ
PQFQW,PQFQW
4JKSQ,4JKSQ
W9VZ9,W9VZ9
OII5X,OII5X
MD1B2,MD1B2
JTA6F,JTA6F
5J81C,5J81C
PEM2N,PEM2N
W30SF,W30SF
XO4U7,XO4U7
8WBZ6,8WBZ6
WJG36,WJG36
WR93P,WR93P
2BQRB,2BQRB
P0SAZ,P0SAZ
GZHGJ,GZHGJ
8QXV9,8QXV9
3XJBA,3XJBA
QJ7CY,QJ7CY
VRFH6,VRFH6
JCF1U,JCF1U
S5D55,S5D55
UFWXA,UFWXA
2GH1V,2GH1V
SST5I,SST5I
E9CT1,E9CT1
3RC6H,3RC6H
T0B97,T0B97
XZM6K,XZM6K
LWFZA,LWFZA
XLX2J,XLX2J
5G7UP,5G7UP
NVE0J,NVE0J
YCJCP,YCJCP
9RBFA,9RBFA
53LCY,53LCY
10J1T,10J1T
EJS3D,EJS3D
I9X3H,I9X3H
3T4Y8,3T4Y8
GRY5J,GRY5J
0F94J,0F94J
72A9U,72A9U
URIC0,URIC0
K8XL9,K8XL9
YJNPD,YJNPD
LVYQC,LVYQC
XYEAT,XYEAT
GA3D0,GA3D0
HZEDV,HZEDV
7KIMD,7KIMD
RB7Z3,RB7Z3
0L4FE,0L4FE
ZFHR9,ZFHR9
3UMTS,3UMTS
JOKEN,JOKEN
S70QX,S70QX
ZRWJF,ZRWJF
OIXIS,OIXIS
B6VS2,B6VS2
SZY2V,SZY2V
QQ67W,QQ67W
GHLN1,GHLN1
JZ7Q8,JZ7Q8
Q31JB,Q31JB
VXVBU,VXVBU
EVCZL,EVCZL
Z9YP1,Z9YP1
6LCJU,6LCJU
T4ZB6,T4ZB6
C92E7,C92E7
BMBUK,BMBUK
2ZR84,2ZR84
9OPX5,9OPX5
L8EU6,L8EU6
RRQQA,RRQQA
M18VT,M18VT
CMQTO,CMQTO
2YQ3X,2YQ3X
LNTCN,LNTCN
0F4X3,0F4X3
H87PY,H87PY
2RPTD,2RPTD
JPV69,JPV69
NUUEX,NUUEX
7BE99,7BE99
MOWVY,MOWVY
ORZDU,ORZDU
J6F4B,J6F4B
J0772,J0772
FN34H,FN34H
JSJ5R,JSJ5R
NHRKP,NHRKP
UGS56,UGS56
1U26X,1U26X
NRZGZ,NRZGZ
A92WX,A92WX
F2JDZ,F2JDZ
R3QAR,R3QAR
QSL9B,QSL9B
2L15K,2L15K
V1HTU,V1HTU
4ZQ45,4ZQ45
R6D5O,R6D5O
TGBWI,TGBWI
QS432,QS432
KFJCP,KFJCP
6LC73,6LC73
EOLPM,EOLPM
GOHRG,GOHRG
9A6IH,9A6IH
IIZSS,IIZSS
8UNNT,8UNNT
JPLZF,JPLZF
BKQJ3,BKQJ3
QU7GB,QU7GB
W89N1,W89N1
QCL1W,QCL1W
YWFW2,YWFW2
UUXGS,UUXGS
YKIGX,YKIGX
8NOHA,8NOHA
3F08I,3F08I
02SVN,02SVN
VMT2U,VMT2U
6AM5A,6AM5A
SZAJ8,SZAJ8
HNWL9,HNWL9
8XOMB,8XOMB
D2HCH,D2HCH
IV3KU,IV3KU
B8Z1H,B8Z1H
CS0JJ,CS0JJ
8ZPLZ,8ZPLZ
ZIBA6,ZIBA6
X2O11,X2O11
Y4LZ1,Y4LZ1
X7KTQ,X7KTQ
6WTZ1,6WTZ1
UT1E1,UT1E1
PYE2Q,PYE2Q
YGR41,YGR41
GUHJU,GUHJU
I85C6,I85C6
CFRWA,CFRWA
NHY3J,NHY3J
824CM,824CM
AZU20,AZU20
V0LYE,V0LYE
K47B0,K47B0
6A9QO,6A9QO
CQLY2,CQLY2
ZG7PX,ZG7PX
CF4DZ,CF4DZ
UUBJ2,UUBJ2
SYU6I,SYU6I
NNG77,NNG77
5YIKW,5YIKW
L9GDM,L9GDM
E50ZF,E50ZF
LCNY8,LCNY8
L9W5V,L9W5V
PPUI1,PPUI1
ZZ584,ZZ584
WZ60E,WZ60E
WWATH,WWATH
41EUB,41EUB
7A6L4,7A6L4
7BCFY,7BCFY
EGZXK,EGZXK
K0Z57,K0Z57
NRLQ9,NRLQ9
UOV52,UOV52
RW4MC,RW4MC
LJFG7,LJFG7
ZOLJ9,ZOLJ9
DA3XW,DA3XW
CFW84,CFW84
9SJX2,9SJX2
WRC9L,WRC9L
T11F5,T11F5
UC07H,UC07H
8BGLS,8BGLS
20V8Q,20V8Q
6ABDF,6ABDF
GGGDT,GGGDT
WOOEK,WOOEK
B4JVJ,B4JVJ
9MVDW,9MVDW
OEY0B,OEY0B
98N7B,98N7B
1I0NS,1I0NS
1WLE2,1WLE2
DY49L,DY49L
1QMRQ,1QMRQ
29G82,29G82
JG3HZ,JG3HZ
AZFK1,AZFK1
PRM0D,PRM0D
EX4CE,EX4CE
VJMLX,VJMLX
HGHO6,HGHO6
OUHSN,OUHSN
4ZY12,4ZY12
K6LBI,K6LBI
FZHBS,FZHBS
VFO6M,VFO6M
NJBSL,NJBSL
5LE9E,5LE9E
UGRST,UGRST
DV4CZ,DV4CZ
QIZ60,QIZ60
WH315,WH315
K0CRK,K0CRK
A9CSS,A9CSS
EP8XT,EP8XT
LOSLQ,LOSLQ
YQBUC,YQBUC
HAESO,HAESO
4GTSK,4GTSK
QABGO,QABGO
XIK1U,XIK1U
VNGT7,VNGT7
S8UVQ,S8UVQ
GEI61,GEI61
9YJE7,9YJE7
LUF47,LUF47
6G4U2,6G4U2
9E2P7,9E2P7
47QHC,47QHC
D8NGJ,D8NGJ
AT8PU,AT8PU
B5G72,B5G72
RBHY7,RBHY7
EIH1Q,EIH1Q
LWQU8,LWQU8
AHYFW,AHYFW
ESV3A,ESV3A
P3YXL,P3YXL
X4MRD,X4MRD
Z1FBM,Z1FBM
ISXNZ,ISXNZ
IU87H,IU87H
9AJMX,9AJMX
EY76D,EY76D
BAD5D,BAD5D
1FUQZ,1FUQZ
D3O3L,D3O3L
AJDT5,AJDT5
E1LDY,E1LDY
KKI1P,KKI1P
K140D,K140D
8JN43,8JN43
I6L5W,I6L5W
OE18G,OE18G
ZOA6A,ZOA6A
4V1KN,4V1KN
0GTWU,0GTWU
3KY71,3KY71
8PBP7,8PBP7
MBVWQ,MBVWQ
ELBLO,ELBLO
LJYOC,LJYOC
59ITN,59ITN
Q1OHV,Q1OHV
A11PZ,A11PZ
YTNQ2,YTNQ2
YRAUK,YRAUK
YORU4,YORU4
KC2PC,KC2PC
0UDTM,0UDTM
VGR6X,VGR6X
RFM1U,RFM1U
BQ43V,BQ43V
0GGNM,0GGNM
Y1WGN,Y1WGN
Y57S5,Y57S5
D9NAF,D9NAF
WV8Q7,WV8Q7
FRS7H,FRS7H
Z1V2D,Z1V2D
9R52U,9R52U
07Y7L,07Y7L
1IHPP,1IHPP
FMV85,FMV85
RGE5R,RGE5R
C01FS,C01FS
0ZU1N,0ZU1N
P0P46,P0P46
W3WEM,W3WEM
0AL7W,0AL7W
9SD25,9SD25
XP89I,XP89I
58MBN,58MBN
JBFGA,JBFGA
FXV3U,FXV3U
APO7O,APO7O
W4Z9Y,W4Z9Y
VRG7S,VRG7S
AZC6T,AZC6T
H2AE3,H2AE3
WXT97,WXT97
J6ENQ,J6ENQ
M9CPI,M9CPI
TQ0UX,TQ0UX
ICMRU,ICMRU
NUGT7,NUGT7
AYR4I,AYR4I
KW2C4,KW2C4
1U3MM,1U3MM
TQDYU,TQDYU
H45Z5,H45Z5
GOCQ9,GOCQ9
Q7DFP,Q7DFP
2PIZP,2PIZP
CTE8W,CTE8W
M6JL1,M6JL1
BS5F9,BS5F9
200MF,200MF
RQ34R,RQ34R
KB1CB,KB1CB
XRSZ8,XRSZ8
0P7XS,0P7XS
FEJN0,FEJN0
HLEU5,HLEU5
YJEUF,YJEUF
GYA9G,GYA9G
N9OU6,N9OU6
ITOHM,ITOHM
QU102,QU102
H6WCP,H6WCP
6MFJP,6MFJP
S7S6C,S7S6C
XJUIC,XJUIC
SAEPA,SAEPA
DXJRU,DXJRU
56TBI,56TBI
K5H5E,K5H5E
XPLF1,XPLF1
AFTNK,AFTNK
N9U86,N9U86
SG4G9,SG4G9
MUBDV,MUBDV
T8D8U,T8D8U
UCOSO,UCOSO
EC600,EC600
1VOA4,1VOA4
PZ91O,PZ91O
T6LU8,T6LU8
FSA86,FSA86
XOSH9,XOSH9
D1RTC,D1RTC
NVBZS,NVBZS
3EMJY,3EMJY
T4PLA,T4PLA
QFQCQ,QFQCQ
HM4CT,HM4CT
Q9PD1,Q9PD1
8PKF4,8PKF4
PSOAS,PSOAS
EZEA7,EZEA7
IDLGG,IDLGG
1BPSX,1BPSX
RWY3X,RWY3X
84NJJ,84NJJ
EB8HW,EB8HW
60YYB,60YYB
0B4PJ,0B4PJ
5I68X,5I68X
K4XMW,K4XMW
3JOZT,3JOZT
3UHF5,3UHF5
70RQ9,70RQ9
U5LBP,U5LBP
L2UWN,L2UWN
EYFJM,EYFJM
3Q4W5,3Q4W5
UH10K,UH10K
KGJJH,KGJJH
LMUIO,LMUIO
WYECK,WYECK
PSVWZ,PSVWZ
61SQG,61SQG
LPXZ4,LPXZ4
BM74M,BM74M
P2DUQ,P2DUQ
QUR8Q,QUR8Q
7BVQ4,7BVQ4
43DJY,43DJY
G43UK,G43UK
WBOVJ,WBOVJ
UEYW9,UEYW9
VBJC9,VBJC9
3L2IQ,3L2IQ
QG0SI,QG0SI
XWZR5,XWZR5
643E3,643E3
TOF3I,TOF3I
9MB7U,9MB7U
0LGRF,0LGRF
2HKQD,2HKQD
WBLS5,WBLS5
A0QKU,A0QKU
0OMNN,0OMNN
1C35Z,1C35Z
CW0UC,CW0UC
FJ9Q1,FJ9Q1
5QQ92,5QQ92
ORWKQ,ORWKQ
K2TJ8,K2TJ8
3S4K3,3S4K3
FZCNB,FZCNB
K8QEY,K8QEY
WI3BP,WI3BP
X0JBY,X0JBY
O3Q8C,O3Q8C
UYVUX,UYVUX
6RZ5O,6RZ5O
QKWJG,QKWJG
0W1MR,0W1MR
DIQUA,DIQUA
7CA11,7CA11
TJLJ4,TJLJ4
Q65LP,Q65LP
2UQ67,2UQ67
FMS5S,FMS5S
6ZNU0,6ZNU0
FCRKX,FCRKX
TUUQY,TUUQY
ANVKC,ANVKC
YJT4G,YJT4G
N87EU,N87EU
Z4OWR,Z4OWR
VKC1I,VKC1I
DYJK6,DYJK6
YYJF4,YYJF4
TJXG5,TJXG5
UVPHA,UVPHA
2W9L8,2W9L8
PREU4,PREU4
WLOCI,WLOCI
ADM12,ADM12
837K2,837K2
194N1,194N1
2PIMB,2PIMB
7N076,7N076
MWGAT,MWGAT
TTBMN,TTBMN
ANGW4,ANGW4
HDVXC,HDVXC
4QEW2,4QEW2
T7JUT,T7JUT
X1W0M,X1W0M
EYDYA,EYDYA
Z4JFE,Z4JFE
JUC7W,JUC7W
4XZZC,4XZZC
LMSUR,LMSUR
4MV36,4MV36
41WZN,41WZN
Z053E,Z053E
7F94Y,7F94Y
DCH5X,DCH5X
DJF6E,DJF6E
OMEXJ,OMEXJ
9448Y,9448Y
48EDN,48EDN
OBND2,OBND2
22YU5,22YU5
734VM,734VM
06T6T,06T6T
TEJNU,TEJNU
HJ06I,HJ06I
EKYQB,EKYQB
VVC8M,VVC8M
OOIAH,OOIAH
QG527,QG527
1FJJ9,1FJJ9
3049Z,3049Z
2JWP9,2JWP9
IVQYN,IVQYN
AKR7I,AKR7I
6OCZ6,6OCZ6
66XIU,66XIU
BKGQT,BKGQT
XSPUM,XSPUM
Y68PO,Y68PO
Y725G,Y725G
9IXVL,9IXVL
AT6TY,AT6TY
EINPK,EINPK
DSL41,DSL41
CHF8A,CHF8A
MD13M,MD13M
UJYB8,UJYB8
DJYIY,DJYIY
KW9EO,KW9EO
E3WD5,E3WD5
YDAOK,YDAOK
CP95C,CP95C
B14GB,B14GB
YJ5GV,YJ5GV
PKPXI,PKPXI
5FVXV,5FVXV
20F3I,20F3I
KH6NQ,KH6NQ
35YLK,35YLK
FBPED,FBPED
7MIHZ,7MIHZ
MIC4I,MIC4I
8A74W,8A74W
S3R03,S3R03
AV1XK,AV1XK
3Y4TU,3Y4TU
4ID0I,4ID0I
6JYMT,6JYMT
66PRZ,66PRZ
9LP37,9LP37
BF9YD,BF9YD
N3WUP,N3WUP
72KAD,72KAD
0ROXI,0ROXI
WTLUF,WTLUF
3AII6,3AII6
LEHYC,LEHYC
NRGC1,NRGC1
HFUMU,HFUMU
OM5JX,OM5JX
KW37E,KW37E
WKZ43,WKZ43
B2WKL,B2WKL
96DI6,96DI6
19GJL,19GJL
QFSYY,QFSYY
H0SFW,H0SFW
WOF8K,WOF8K
1H266,1H266
DDT1D,DDT1D
ZULHN,ZULHN
PM09O,PM09O
8I3CO,8I3CO
EYO0R,EYO0R
FTMWR,FTMWR
JVTQO,JVTQO
3J96R,3J96R
4AASN,4AASN
4CS6A,4CS6A
5GGV9,5GGV9
ATJ3O,ATJ3O
G64AO,G64AO
2L6N8,2L6N8
I1N77,I1N77
O5661,O5661
NTM5I,NTM5I
H14LT,H14LT
3HYOB,3HYOB
SLLD7,SLLD7
A4OOD,A4OOD
TBPNH,TBPNH
C3K4I,C3K4I
J7SWN,J7SWN
5OSN8,5OSN8
6UMZL,6UMZL
G7XWK,G7XWK
KYN29,KYN29
WKKUP,WKKUP
CG0PK,CG0PK
6AU5C,6AU5C
K7VTN,K7VTN
DWCPW,DWCPW
DL7QN,DL7QN
JAH2C,JAH2C
A1N2Q,A1N2Q
U8I2Q,U8I2Q
A1VXH,A1VXH
JAD8N,JAD8N
L0AXT,L0AXT
QT3YT,QT3YT
PJN5T,PJN5T
OT5X3,OT5X3
LYCE5,LYCE5
STKZN,STKZN
L0T2Z,L0T2Z
2G82B,2G82B
HO5OV,HO5OV
2ORSV,2ORSV
AP2HI,AP2HI
4XP1H,4XP1H
B82YQ,B82YQ
VPC6D,VPC6D
Q43OH,Q43OH
4NKS6,4NKS6
NI7PO,NI7PO
AGTYW,AGTYW
V2GS2,V2GS2
UC38B,UC38B
RATDI,RATDI
JQMEJ,JQMEJ
KOQOQ,KOQOQ
F89H9,F89H9
IXYN8,IXYN8
C6XW9,C6XW9
1XJW4,1XJW4
NYJOR,NYJOR
Y215D,Y215D
9XLOI,9XLOI
BXGG2,BXGG2
7E6RX,7E6RX
PFXNE,PFXNE
QCJEO,QCJEO
HIT3R,HIT3R
LC428,LC428
0KX65,0KX65
7LC38,7LC38
EDYZY,EDYZY
DNYW9,DNYW9
18O0B,18O0B
A5FFX,A5FFX
QYLQU,QYLQU
TWNBL,TWNBL
XKDF8,XKDF8
JEIKT,JEIKT
657S9,657S9
1U51Z,1U51Z
8OIYN,8OIYN
4SHGE,4SHGE
H3POR,H3POR
I9FS8,I9FS8
J11H0,J11H0
90J12,90J12
4LSKI,4LSKI
2EUGB,2EUGB
C2389,C2389
QKGYG,QKGYG
X7NF8,X7NF8
53G2K,53G2K
WQEZ9,WQEZ9
6YEKY,6YEKY
UYPLS,UYPLS
19XEK,19XEK
BU7E6,BU7E6
V1GPZ,V1GPZ
LC304,LC304
XGQNG,XGQNG
DBU0R,DBU0R
7TI1Q,7TI1Q
BYPFU,BYPFU
XY9DW,XY9DW
8SZ10,8SZ10
FOES6,FOES6
GM8GM,GM8GM
BAX56,BAX56
ILMCJ,ILMCJ
0ZVYY,0ZVYY
FMTKQ,FMTKQ
SP7II,SP7II
G4ROQ,G4ROQ
DRYCL,DRYCL
592QR,592QR
8AI0P,8AI0P
O40UK,O40UK
JLKGV,JLKGV
XS9YS,XS9YS
UKHW1,UKHW1
7U956,7U956
66BWM,66BWM
I5710,I5710
49YSL,49YSL
IA5EF,IA5EF
EFF4I,EFF4I
BPXCJ,BPXCJ
M1KYB,M1KYB
QQI9K,QQI9K
TK52X,TK52X
GQQDL,GQQDL
2GWQV,2GWQV
6AU3B,6AU3B
Q7ELG,Q7ELG
895ED,895ED
QWMOX,QWMOX
5XUV8,5XUV8
18MVY,18MVY
WMBV2,WMBV2
P3LFJ,P3LFJ
0HRK9,0HRK9
50QY1,50QY1
WGV6D,WGV6D
DYYN8,DYYN8
YA1XR,YA1XR
TN86R,TN86R
8CH1F,8CH1F
0LPDQ,0LPDQ
FRY31,FRY31
ARHZ6,ARHZ6
B7LHN,B7LHN
9S54T,9S54T
4ONZ8,4ONZ8
Y91Y1,Y91Y1
4QT97,4QT97
MZZDR,MZZDR
49DAV,49DAV
Y6UJB,Y6UJB
C1RCR,C1RCR
TR5C1,TR5C1
KER53,KER53
AKU57,AKU57
I53LV,I53LV
MZ7P3,MZ7P3
FG3FR,FG3FR
USH95,USH95
2KPL0,2KPL0
K6S4S,K6S4S
B17ZM,B17ZM
A35LH,A35LH
EBRI1,EBRI1
GGZWO,GGZWO
VS7OY,VS7OY
L0ZQY,L0ZQY
L1DQC,L1DQC
K5WN7,K5WN7
VVRZB,VVRZB
TLOK8,TLOK8
2F8MQ,2F8MQ
9OYS3,9OYS3
GJQRZ,GJQRZ
OARZB,OARZB
OC4EO,OC4EO
5Y6GG,5Y6GG
FKR2P,FKR2P
14E9L,14E9L
CF68G,CF68G
BLDYM,BLDYM
3ZY5P,3ZY5P
0F1UD,0F1UD
5EGOH,5EGOH
98TW5,98TW5
ZTNCI,ZTNCI
9MLM2,9MLM2
OB0HB,OB0HB
2GQPS,2GQPS
FOHB6,FOHB6
7KPLE,7KPLE
93C4K,93C4K
BF84H,BF84H
98QZO,98QZO
IOJ1X,IOJ1X
SIGWP,SIGWP
TFT5D,TFT5D
WPDWE,WPDWE
OBQJ6,OBQJ6
1N1Y5,1N1Y5
3XDA4,3XDA4
UV5R1,UV5R1
84KGB,84KGB
0PC1V,0PC1V
OTA5E,OTA5E
OV46I,OV46I
YPYGE,YPYGE
UUNGE,UUNGE
FTHYV,FTHYV
LTVOS,LTVOS
2T5BX,2T5BX
96KZZ,96KZZ
KEHTM,KEHTM
5LPBL,5LPBL
A5I7H,A5I7H
C7JSQ,C7JSQ
5I3CR,5I3CR
T84AJ,T84AJ
YBNZV,YBNZV
9PYSG,9PYSG
2E5XD,2E5XD
JDHBW,JDHBW
FAAG1,FAAG1
5ZC4M,5ZC4M
L3H6M,L3H6M
F9XTE,F9XTE
R5XHA,R5XHA
FG8XV,FG8XV
VIPKY,VIPKY
3HABM,3HABM
9J2IK,9J2IK
IEMES,IEMES
NZX62,NZX62
HT6FK,HT6FK
ILWXT,ILWXT
EKW77,EKW77
9Q9MD,9Q9MD
GX55Y,GX55Y
WDNL9,WDNL9
7CAW1,7CAW1
Z63L7,Z63L7
GU2MO,GU2MO
QVNMM,QVNMM
CPGVA,CPGVA
4D89V,4D89V
LU8CW,LU8CW
5AXQ2,5AXQ2
84T7Q,84T7Q
8A5EC,8A5EC
WL24J,WL24J
SJ6NC,SJ6NC
FMNG6,FMNG6
K9W5O,K9W5O
908RA,908RA
3D882,3D882
370EG,370EG
L2PME,L2PME
7MFXK,7MFXK
3161,03161
0LAFV,0LAFV
5C0DL,5C0DL
D7JEB,D7JEB
PWPAD,PWPAD
DJ0U9,DJ0U9
PLKRD,PLKRD
U62S2,U62S2
HINF5,HINF5
AQO7Z,AQO7Z
QN87E,QN87E
GYY3P,GYY3P
JFATM,JFATM
DXKNA,DXKNA
FJK9M,FJK9M
ZIREJ,ZIREJ
KTEE9,KTEE9
P5RR4,P5RR4
FHRXW,FHRXW
XAXZ4,XAXZ4
FA065,FA065
YQ632,YQ632
9WU97,9WU97
L0NID,L0NID
4G84B,4G84B
15DGJ,15DGJ
ZZU3V,ZZU3V
58QKO,58QKO
RU9K4,RU9K4
FK3NZ,FK3NZ
FRWGU,FRWGU
DLENG,DLENG
MEDH6,MEDH6
BXY44,BXY44
XBS23,XBS23
W38YM,W38YM
PG6X5,PG6X5
H85WS,H85WS
EWKUY,EWKUY
IT7US,IT7US
MN7HQ,MN7HQ
018P3,018P3
DHWEQ,DHWEQ
UW71K,UW71K
L60E7,L60E7
RFHW8,RFHW8
QPVY9,QPVY9
1I2ZM,1I2ZM
XCW5A,XCW5A
3AY1T,3AY1T
T4OF8,T4OF8
BXUFL,BXUFL
VKMV2,VKMV2
RWCX9,RWCX9
SQHXP,SQHXP
WKYKH,WKYKH
C7HBN,C7HBN
ZGGWL,ZGGWL
EXB7A,EXB7A
WE447,WE447
OL4VV,OL4VV
5T05Z,5T05Z
E5CKQ,E5CKQ
IIQRN,IIQRN
V2JWW,V2JWW
DVBYT,DVBYT
L3F3R,L3F3R
UUGCR,UUGCR
2G2EZ,2G2EZ
SYLY3,SYLY3
Y7JJC,Y7JJC
F3ZDU,F3ZDU
4XOV1,4XOV1
EL9SJ,EL9SJ
NPQGB,NPQGB
8Q8IJ,8Q8IJ
I1B6C,I1B6C
0KZFC,0KZFC
K23ST,K23ST
D7SC9,D7SC9
ANE6R,ANE6R
7U44Z,7U44Z
8VFKS,8VFKS
G3EZ2,G3EZ2
UXTOM,UXTOM
VUBHX,VUBHX
1JUKZ,1JUKZ
AETKV,AETKV
EJTK6,EJTK6
OX6UO,OX6UO
5TLLS,5TLLS
1PA9S,1PA9S
MGU33,MGU33
JTS51,JTS51
MRSX0,MRSX0
SIBYO,SIBYO
AWK5P,AWK5P
8J3T1,8J3T1
6E25G,6E25G
0SPTT,0SPTT
O7K6Z,O7K6Z
R7SIK,R7SIK
F9UCS,F9UCS
U97WF,U97WF
PY67R,PY67R
SSZVL,SSZVL
JNISZ,JNISZ
JEJN3,JEJN3
KZRBY,KZRBY
2EW4L,2EW4L
RQ43I,RQ43I
6SLA7,6SLA7
IK8NJ,IK8NJ
AO02S,AO02S
9RBUK,9RBUK
M5ZZH,M5ZZH
E6LUF,E6LUF
SRIZ0,SRIZ0
BJXOT,BJXOT
CQ1IO,CQ1IO
US5LI,US5LI
H0GZB,H0GZB
72K4U,72K4U
GXH62,GXH62
W8HTG,W8HTG
9UPYM,9UPYM
OS8VK,OS8VK
AUN7E,AUN7E
MOR9Z,MOR9Z
ZJJFG,ZJJFG
TQQDI,TQQDI
2RASN,2RASN
SNEV9,SNEV9
K3EXC,K3EXC
CZ34A,CZ34A
BC049,BC049
WU2FT,WU2FT
UY1ZZ,UY1ZZ
N9ZT8,N9ZT8
WPMFS,WPMFS
S64C8,S64C8
PESJG,PESJG
9AABM,9AABM
GC6XG,GC6XG
QUCOZ,QUCOZ
5USGI,5USGI
SOLWQ,SOLWQ
I989M,I989M
VN9BK,VN9BK
3AP2M,3AP2M
QRAAF,QRAAF
M8JZW,M8JZW
YQ1P8,YQ1P8
LJ33B,LJ33B
F9SPQ,F9SPQ
FJP43,FJP43
CEXP5,CEXP5
SLSMK,SLSMK
J4RAV,J4RAV
UEDKT,UEDKT
Z1SF7,Z1SF7
VHOMQ,VHOMQ
2J8PA,2J8PA
JMG9D,JMG9D
YL4AJ,YL4AJ
54RDE,54RDE
FKOB4,FKOB4
P8Y3K,P8Y3K
XVF0X,XVF0X
I0SZH,I0SZH
F5LE5,F5LE5
WXWRG,WXWRG
VW94Q,VW94Q
N1UDZ,N1UDZ
GPJ9Z,GPJ9Z
UX8YY,UX8YY
64VWY,64VWY
KCPRT,KCPRT
EP9G7,EP9G7
C72Z0,C72Z0
KSZWI,KSZWI
UEUN1,UEUN1
6Y81B,6Y81B
VMOAW,VMOAW
6EP2Q,6EP2Q
ADXVN,ADXVN
0PCZ3,0PCZ3
70B94,70B94
XL609,XL609
2T9X0,2T9X0
RXMIT,RXMIT
HR097,HR097
85O4O,85O4O
DTNTT,DTNTT
7I30P,7I30P
HDMLK,HDMLK
DVURV,DVURV
N82TP,N82TP
DYVK1,DYVK1
3QS2B,3QS2B
50RFX,50RFX
35QJI,35QJI
8DZMH,8DZMH
VDK1S,VDK1S
UX3SC,UX3SC
DNZO6,DNZO6
43A44,43A44
9SXPU,9SXPU
S60LN,S60LN
N5M2O,N5M2O
ALN2D,ALN2D
3YI7P,3YI7P
KKOKC,KKOKC
O4ZX8,O4ZX8
CE5X9,CE5X9
PUQH9,PUQH9
F7ZQN,F7ZQN
OGXQV,OGXQV
6XTV0,6XTV0
RLWK2,RLWK2
HZ00G,HZ00G
5TKWF,5TKWF
0PC68,0PC68
CN04T,CN04T
4ALL7,4ALL7
4U6PG,4U6PG
1YMXV,1YMXV
SOI3Z,SOI3Z
NS36O,NS36O
Q2HMA,Q2HMA
9L2K5,9L2K5
6FATG,6FATG
PQJD5,PQJD5
V2XVJ,V2XVJ
FRO23,FRO23
5STFH,5STFH
CO1TJ,CO1TJ
027UN,027UN
48934,48934
BAVKV,BAVKV
VHF6F,VHF6F
F2WVQ,F2WVQ
4ZPCA,4ZPCA
DDJ80,DDJ80
HBYFP,HBYFP
RMC8P,RMC8P
X8MWJ,X8MWJ
6ESEJ,6ESEJ
YEUP7,YEUP7
DBI2G,DBI2G
GIFTY,GIFTY
6058Q,6058Q
JQC2Q,JQC2Q
F1VAT,F1VAT
XQO0C,XQO0C
RUVE4,RUVE4
CKEDP,CKEDP
OU11F,OU11F
VBIND,VBIND
TB06V,TB06V
IOJVJ,IOJVJ
NCGAW,NCGAW
XDMYQ,XDMYQ
ZG6QA,ZG6QA
YOXET,YOXET
IQVFK,IQVFK
BYYQW,BYYQW
5QHZU,5QHZU
4EPXH,4EPXH
URUPZ,URUPZ
6MMTR,6MMTR
LMY5G,LMY5G
JDO90,JDO90
NR58V,NR58V
B2I1A,B2I1A
6BREU,6BREU
1X2G0,1X2G0
AX5HO,AX5HO
J4TMY,J4TMY
HKOOJ,HKOOJ
HY3NB,HY3NB
4V8BQ,4V8BQ
CL5JZ,CL5JZ
6F07T,6F07T
C97CG,C97CG
2Y8HE,2Y8HE
1T4IL,1T4IL
8O9DH,8O9DH
O5S4X,O5S4X
A16QX,A16QX
IZ23E,IZ23E
FQACZ,FQACZ
Q8XFI,Q8XFI
R90J5,R90J5
9WQVO,9WQVO
PO8ZH,PO8ZH
KVOIX,KVOIX
0S7IW,0S7IW
OF7P0,OF7P0
TG9QM,TG9QM
5BGAX,5BGAX
RVPIK,RVPIK
AOIQA,AOIQA
9ADWP,9ADWP
MAM0O,MAM0O
SA56E,SA56E
7JH8C,7JH8C
F7ARD,F7ARD
OKKOU,OKKOU
6SKH0,6SKH0
RVJGE,RVJGE
QOU1C,QOU1C
FW7AC,FW7AC
7N9D2,7N9D2
H85ZE,H85ZE
E0S1X,E0S1X
OFSX4,OFSX4
9PW9V,9PW9V
7Q55T,7Q55T
68ZRQ,68ZRQ
UELRE,UELRE
OB4GD,OB4GD
U272J,U272J
S300A,S300A
SQ6UE,SQ6UE
V47C9,V47C9
0Q6Q4,0Q6Q4
VKDI5,VKDI5
8J7ND,8J7ND
KSLFL,KSLFL
OFUPD,OFUPD
CVXXH,CVXXH
Q26XG,Q26XG
TFTWD,TFTWD
39HPT,39HPT
V1AR6,V1AR6
BLOIJ,BLOIJ
V7KEB,V7KEB
SI025,SI025
2SBC1,2SBC1
SDL6I,SDL6I
JAFAR,JAFAR
KA4E9,KA4E9
MG9Y2,MG9Y2
A3GHG,A3GHG
N3WH3,N3WH3
U8LRC,U8LRC
HGZAA,HGZAA
098XA,098XA
MLCD6,MLCD6
J7PP8,J7PP8
AL6QZ,AL6QZ
J3MNH,J3MNH
J1B7Q,J1B7Q
0PGT1,0PGT1
3RKNG,3RKNG
OF4N2,OF4N2
AG3BB,AG3BB
GEDR9,GEDR9
LWJCE,LWJCE
S67MJ,S67MJ
DGGX0,DGGX0
D4FEK,D4FEK
MBH51,MBH51
7HMLM,7HMLM
U1ZZY,U1ZZY
JLQX9,JLQX9
7S24G,7S24G
49ESI,49ESI
Q47RV,Q47RV
X2V24,X2V24
XZ9F0,XZ9F0
KOFPC,KOFPC
NLX7D,NLX7D
JT5QI,JT5QI
VL5CQ,VL5CQ
69QXW,69QXW
MBIWQ,MBIWQ
NQE6O,NQE6O
AF8VW,AF8VW
P7ECB,P7ECB
9AQFL,9AQFL
VQED9,VQED9
7O7MZ,7O7MZ
T01KD,T01KD
J2FGA,J2FGA
RW0JN,RW0JN
AKOOD,AKOOD
PTPM2,PTPM2
PWYY0,PWYY0
NZVEO,NZVEO
0BBTX,0BBTX
A7STA,A7STA
FFD1E,FFD1E
40E85,40E85
CBNYB,CBNYB
HLR39,HLR39
WTBIT,WTBIT
SHH7U,SHH7U
RSGNB,RSGNB
VF8B8,VF8B8
O947W,O947W
T7ZI6,T7ZI6
UJZL2,UJZL2
419C9,419C9
A8I0Y,A8I0Y
UBS2D,UBS2D
BYH9G,BYH9G
S6L0Z,S6L0Z
R8HIZ,R8HIZ
JDZ74,JDZ74
VXDNB,VXDNB
UHBF5,UHBF5
HR6S9,HR6S9
O387D,O387D
N5CAI,N5CAI
TEX8U,TEX8U
TPLJV,TPLJV
Y77XK,Y77XK
LOZUU,LOZUU
2GWGU,2GWGU
YCDTN,YCDTN
DSAYI,DSAYI
FPZXR,FPZXR
S101J,S101J
32OEH,32OEH
APOQS,APOQS
EUDJ5,EUDJ5
KBUEQ,KBUEQ
49M4C,49M4C
B1Q68,B1Q68
DNEAG,DNEAG
RSGIZ,RSGIZ
6JW4S,6JW4S
3LUZC,3LUZC
4FJEE,4FJEE
5ZV46,5ZV46
I1UAG,I1UAG
S7GJQ,S7GJQ
WYQKI,WYQKI
VO2YE,VO2YE
ZAE75,ZAE75
1QO3R,1QO3R
W2XOH,W2XOH
R2HDS,R2HDS
L2QG2,L2QG2
C0IG7,C0IG7
O2S3S,O2S3S
1F95J,1F95J
53NA4,53NA4
MHVJB,MHVJB
B9O2A,B9O2A
A5URG,A5URG
4939J,4939J
W663X,W663X
436P2,436P2
DPHFB,DPHFB
LM8CM,LM8CM
69063,69063
FFRWE,FFRWE
D6NIL,D6NIL
E3IV2,E3IV2
4V76T,4V76T
SITBG,SITBG
HICT7,HICT7
SY4BK,SY4BK
ABCSN,ABCSN
O4GUZ,O4GUZ
LCR7O,LCR7O
T84TU,T84TU
5MWWM,5MWWM
JTR3V,JTR3V
8MQL6,8MQL6
KPWIS,KPWIS
DAN7E,DAN7E
VWQ3A,VWQ3A
SR8I5,SR8I5
9DQRY,9DQRY
EFCI7,EFCI7
VGI96,VGI96
XQF3C,XQF3C
S9YZO,S9YZO
O93VK,O93VK
7MB1C,7MB1C
K45BB,K45BB
RU8FC,RU8FC
VSQ0N,VSQ0N
W005M,W005M
7073V,7073V
YVEVG,YVEVG
4EXYX,4EXYX
9PVFL,9PVFL
VD9ZR,VD9ZR
7V1QD,7V1QD
6N45W,6N45W
8WX3D,8WX3D
74S5Z,74S5Z
0615H,0615H
Z5A6G,Z5A6G
Z6KTE,Z6KTE
I8OBC,I8OBC
28E4E,28E4E
UZ1A5,UZ1A5
0BETT,0BETT
FDOPX,FDOPX
K2RRD,K2RRD
CCLK9,CCLK9
JIL2V,JIL2V
HXD1S,HXD1S
80K6F,80K6F
PV50V,PV50V
ECWI0,ECWI0
YGZ3C,YGZ3C
NZZ5M,NZZ5M
LT225,LT225
EQPWI,EQPWI
6OIG6,6OIG6
TRBWO,TRBWO
GUZU9,GUZU9
B7O1T,B7O1T
BAZ5P,BAZ5P
OXJ5S,OXJ5S
VRYL6,VRYL6
MESJY,MESJY
ZI8V1,ZI8V1
NTGE4,NTGE4
RCB3Z,RCB3Z
P6VJY,P6VJY
TDJS4,TDJS4
5JJNK,5JJNK
BGFIB,BGFIB
AV9TB,AV9TB
5BG83,5BG83
YB1DL,YB1DL
57RTX,57RTX
5YNBH,5YNBH
H70F8,H70F8
RY7NF,RY7NF
WR43A,WR43A
XLHOL,XLHOL
A8BDI,A8BDI
670VE,670VE
J8DU6,J8DU6
4R94O,4R94O
UXAXR,UXAXR
CGXB8,CGXB8
JRZD3,JRZD3
CDIGP,CDIGP
CRAVO,CRAVO
BAWIO,BAWIO
KKIUA,KKIUA
X5RVM,X5RVM
12BFP,12BFP
1JEN0,1JEN0
7N5DI,7N5DI
M5FT0,M5FT0
IWNOX,IWNOX
IWXYM,IWXYM
ZKQKS,ZKQKS
HVAUT,HVAUT
51I8F,51I8F
YUTJA,YUTJA
NWKI9,NWKI9
UQHYK,UQHYK
FX4QG,FX4QG
2XTZZ,2XTZZ
N6W60,N6W60
3UMD8,3UMD8
IHJIT,IHJIT
QSEVJ,QSEVJ
F6024,F6024
J3V4K,J3V4K
2XYGU,2XYGU
DXMW5,DXMW5
XBRDS,XBRDS
2Z6W6,2Z6W6
TLRRN,TLRRN
FZ98S,FZ98S
IOJZU,IOJZU
LPUU6,LPUU6
0Q2L5,0Q2L5
0LPXR,0LPXR
SWP22,SWP22
6AO5A,6AO5A
LFAFI,LFAFI
6XABK,6XABK
6NL3J,6NL3J
CG74P,CG74P
XRGPU,XRGPU
ETXOB,ETXOB
8NS92,8NS92
65CH9,65CH9
KCR0P,KCR0P
CUNHU,CUNHU
KU6ST,KU6ST
HSYPR,HSYPR
9C4MG,9C4MG
52EJ0,52EJ0
ZZEI8,ZZEI8
K8TT0,K8TT0
7VXOM,7VXOM
QKQ3Z,QKQ3Z
ZX1EA,ZX1EA
A2Z0M,A2Z0M
YF2LP,YF2LP
NOGK8,NOGK8
R8EP8,R8EP8
5EK87,5EK87
LMSE1,LMSE1
ARF49,ARF49
5M3MB,5M3MB
S05E8,S05E8
DKDPS,DKDPS
HC4MB,HC4MB
NJ2C7,NJ2C7
I7ZCT,I7ZCT
AEG5W,AEG5W
Q48WW,Q48WW
1SD8C,1SD8C
VDB7G,VDB7G
BKEYF,BKEYF
28LNZ,28LNZ
1UHCR,1UHCR
1DBSS,1DBSS
O0KVP,O0KVP
GAAWM,GAAWM
GEZAX,GEZAX
LOD7B,LOD7B
IISO4,IISO4
UW420,UW420
W05BQ,W05BQ
U8RB6,U8RB6
DNP2J,DNP2J
RLEVE,RLEVE
1S2SR,1S2SR
544IP,544IP
TOD6M,TOD6M
1DNVJ,1DNVJ
3RVI0,3RVI0
6I3PX,6I3PX
6BSY8,6BSY8
A7C1J,A7C1J
7PL59,7PL59
5VZ1L,5VZ1L
EQZVL,EQZVL
MOR3S,MOR3S
17AFS,17AFS
925HJ,925HJ
KWDSN,KWDSN
3N5I1,3N5I1
Z5ZTA,Z5ZTA
1U8E4,1U8E4
RAWZ2,RAWZ2
92DRS,92DRS
8CNP8,8CNP8
I2UDL,I2UDL
9EY5V,9EY5V
V7RXD,V7RXD
8SIZ0,8SIZ0
V8OFE,V8OFE
V0N55,V0N55
RWQBE,RWQBE
0W9M5,0W9M5
BCXND,BCXND
I9RU7,I9RU7
R4K2M,R4K2M
VLDDU,VLDDU
MV4KI,MV4KI
YJ9RX,YJ9RX
Z4V2V,Z4V2V
2NKGX,2NKGX
PV0UK,PV0UK
E5ZT8,E5ZT8
MRHGG,MRHGG
RNZMU,RNZMU
MSBCG,MSBCG
KZ8G7,KZ8G7
TTIWR,TTIWR
UZWK3,UZWK3
W70WY,W70WY
RWBQS,RWBQS
962S4,962S4
6YK5J,6YK5J
4WNKX,4WNKX
IATKB,IATKB
HKRON,HKRON
76RSB,76RSB
GEGAV,GEGAV
SHSZY,SHSZY
TXGT3,TXGT3
RIJYJ,RIJYJ
2ES9H,2ES9H
5VUA6,5VUA6
9AOLP,9AOLP
CWT8N,CWT8N
ULLDY,ULLDY
0AGRU,0AGRU
DRQ8P,DRQ8P
QUH9B,QUH9B
2LR5Z,2LR5Z
33VHQ,33VHQ
QHYR2,QHYR2
LYMKN,LYMKN
Y1X1Y,Y1X1Y
ELDZW,ELDZW
MYBIH,MYBIH
HVMLV,HVMLV
OZA8N,OZA8N
L0ZMZ,L0ZMZ
TKOUC,TKOUC
8R64Y,8R64Y
SX8RJ,SX8RJ
0I7HM,0I7HM
GZW3G,GZW3G
MTMBN,MTMBN
AJTT7,AJTT7
4P1MO,4P1MO
XLYPS,XLYPS
O9N3Y,O9N3Y
50OGK,50OGK
VOXZA,VOXZA
DUILU,DUILU
OYAW1,OYAW1
67DAI,67DAI
7590S,7590S
EPYBW,EPYBW
A2GVP,A2GVP
9JLWJ,9JLWJ
0GFPU,0GFPU
CH73S,CH73S
QWGR8,QWGR8
PN6HN,PN6HN
WDL26,WDL26
V30VO,V30VO
EC8MZ,EC8MZ
SC6EM,SC6EM
TP8N1,TP8N1
Z5OV3,Z5OV3
X8FPS,X8FPS
Z9POP,Z9POP
2U0OY,2U0OY
EWYZ6,EWYZ6
G5OWX,G5OWX
93NEW,93NEW
9MTVC,9MTVC
VBXYQ,VBXYQ
C49SJ,C49SJ
0K2W0,0K2W0
Q6FF0,Q6FF0
6KX5A,6KX5A
OMXQX,OMXQX
T97O7,T97O7
YN7UP,YN7UP
03VT0,03VT0
H70ME,H70ME
SK945,SK945
NOWR6,NOWR6
O9NY7,O9NY7
1IP1A,1IP1A
AVYB6,AVYB6
K3AJX,K3AJX
XEHCS,XEHCS
8VVDA,8VVDA
76N93,76N93
RSSN2,RSSN2
W2359,W2359
EOPZ2,EOPZ2
LFCEU,LFCEU
MH5TF,MH5TF
CBHLT,CBHLT
JN4HG,JN4HG
7BK9K,7BK9K
KRJQK,KRJQK
RKHJB,RKHJB
TWUIN,TWUIN
ANNNU,ANNNU
KOL21,KOL21
QPNNK,QPNNK
LRKWE,LRKWE
CBF28,CBF28
6XN2S,6XN2S
CAGJQ,CAGJQ
HV2ST,HV2ST
LN1EX,LN1EX
1X7T2,1X7T2
0EJJ3,0EJJ3
G5AGD,G5AGD
FZI9U,FZI9U
FTQ6R,FTQ6R
WUNTK,WUNTK
MMVVK,MMVVK
ME19Y,ME19Y
Y3WHW,Y3WHW
JHS8Q,JHS8Q
GJRUC,GJRUC
JTF1E,JTF1E
9QHNA,9QHNA
C4MAP,C4MAP
ZOLZH,ZOLZH
A05LF,A05LF
WDMRJ,WDMRJ
AAWKW,AAWKW
Z3SIN,Z3SIN
63WF5,63WF5
KNNYV,KNNYV
DFK8Y,DFK8Y
OLYR7,OLYR7
L729H,L729H
B1KOE,B1KOE
JPWTQ,JPWTQ
U6W6G,U6W6G
GMH8Y,GMH8Y
TOZEY,TOZEY
BO7K5,BO7K5
NG55K,NG55K
EL5V4,EL5V4
L9QVL,L9QVL
XO3IP,XO3IP
XVG0A,XVG0A
OPM9D,OPM9D
ZS20K,ZS20K
SJ7P1,SJ7P1
JWP95,JWP95
M8JXD,M8JXD
G0FCG,G0FCG
EDBXD,EDBXD
BRTNI,BRTNI
VHQE6,VHQE6
TDV2Y,TDV2Y
9M8OP,9M8OP
22XUJ,22XUJ
BDT17,BDT17
GY63B,GY63B
40FXD,40FXD
Z6C3C,Z6C3C
JQCXJ,JQCXJ
WS4GW,WS4GW
1INDS,1INDS
E2NNQ,E2NNQ
VENT2,VENT2
RM0RX,RM0RX
9H4YB,9H4YB
EF6E6,EF6E6
0KZG2,0KZG2
UKN22,UKN22
6G7WH,6G7WH
8RCLF,8RCLF
BHA31,BHA31
IEWWZ,IEWWZ
X3AHS,X3AHS
ODT7T,ODT7T
V2Z0T,V2Z0T
BUO8N,BUO8N
RHO9I,RHO9I
YFZVD,YFZVD
GZ9UN,GZ9UN
ZMHQG,ZMHQG
IOSFJ,IOSFJ
OT9V2,OT9V2
VANWJ,VANWJ
EUY02,EUY02
7IXE0,7IXE0
OJA8D,OJA8D
7O57S,7O57S
N3TD5,N3TD5
5BO5A,5BO5A
54ZDH,54ZDH
14DW5,14DW5
3SZGR,3SZGR
1ISF5,1ISF5
1X5KH,1X5KH
QOJMH,QOJMH
X01VC,X01VC
9BBHI,9BBHI
2CC3I,2CC3I
7Z8MJ,7Z8MJ
ON1PO,ON1PO
WSC9C,WSC9C
KZ0Y7,KZ0Y7
03ZDY,03ZDY
BHWFR,BHWFR
NBEY5,NBEY5
JGBD4,JGBD4
CI47A,CI47A
B0EQ2,B0EQ2
TD3JI,TD3JI
Y3FZD,Y3FZD
WSKA5,WSKA5
S9J8U,S9J8U
C756C,C756C
DJ99R,DJ99R
MO2X5,MO2X5
1PHOB,1PHOB
EA5C2,EA5C2
IGLZ1,IGLZ1
0C7HC,0C7HC
R43DR,R43DR
A5XBB,A5XBB
VH4NS,VH4NS
9N3GQ,9N3GQ
S7QZ7,S7QZ7
1W060,1W060
ZIU2C,ZIU2C
5JCPH,5JCPH
68LTR,68LTR
G996T,G996T
VWFAO,VWFAO
LQDUE,LQDUE
BMHHX,BMHHX
V8QSY,V8QSY
OS3UM,OS3UM
FNDW2,FNDW2
4BKEM,4BKEM
BHAP9,BHAP9
CZY73,CZY73
2F1XX,2F1XX
BSME3,BSME3
KAQ8G,KAQ8G
VYV74,VYV74
FIAIF,FIAIF
9VG8P,9VG8P
J2COI,J2COI
INGXK,INGXK
NAXCX,NAXCX
V7FI4,V7FI4
K22V9,K22V9
IHBG3,IHBG3
WJYKO,WJYKO
90VQQ,90VQQ
UX7NK,UX7NK
6PGVO,6PGVO
ZNOBL,ZNOBL
N7HIS,N7HIS
ONJ9A,ONJ9A
YRAHK,YRAHK
1HJCZ,1HJCZ
EMS13,EMS13
LJJ8N,LJJ8N
KRZKF,KRZKF
4OLNB,4OLNB
TE2QZ,TE2QZ
UQH84,UQH84
AHORG,AHORG
2TVE8,2TVE8
BPLJ4,BPLJ4
KSWQW,KSWQW
KPW7Z,KPW7Z
T9BJW,T9BJW
CK3B9,CK3B9
MUAR6,MUAR6
723QU,723QU
L0T8F,L0T8F
VT732,VT732
8A52N,8A52N
THGQY,THGQY
9IPG6,9IPG6
B9Y4E,B9Y4E
KLYKW,KLYKW
TUNDL,TUNDL
NG7EF,NG7EF
6ZNY5,6ZNY5
ZEY5S,ZEY5S
TO5GY,TO5GY
M2AG6,M2AG6
G6QPV,G6QPV
VGVMH,VGVMH
LWDHR,LWDHR
ES1JA,ES1JA
J66JF,J66JF
X8FQY,X8FQY
6JSRD,6JSRD
57QMP,57QMP
570QD,570QD
4QJEP,4QJEP
H4BHF,H4BHF
KXPKU,KXPKU
HUW14,HUW14
R2U42,R2U42
JE7BX,JE7BX
SPL3U,SPL3U
O2STW,O2STW
NIE51,NIE51
0LJIZ,0LJIZ
CHI66,CHI66
L0U1U,L0U1U
A6IRB,A6IRB
Y5R7T,Y5R7T
OHV28,OHV28
XQHZ5,XQHZ5
FZRDJ,FZRDJ
HFVVS,HFVVS
JYE0U,JYE0U
CPYER,CPYER
GAE9M,GAE9M
OT4SX,OT4SX
FD1D7,FD1D7
AQDQX,AQDQX
Z7BWK,Z7BWK
WOZI1,WOZI1
IP9ZI,IP9ZI
UP41K,UP41K
WMNA1,WMNA1
XKHF6,XKHF6
772Z5,772Z5
2NTJX,2NTJX
613ST,613ST
098O6,098O6
ELT3T,ELT3T
P7MOI,P7MOI
4UZM8,4UZM8
RVKY5,RVKY5
DCFXS,DCFXS
04L61,04L61
NGKOS,NGKOS
S852Z,S852Z
48RAV,48RAV
UG1L0,UG1L0
G73UT,G73UT
59VKL,59VKL
K8CHN,K8CHN
9V7LL,9V7LL
1OFZV,1OFZV
DNKXI,DNKXI
HBA6Y,HBA6Y
AWH7U,AWH7U
ZVI5G,ZVI5G
EEQG2,EEQG2
FJEET,FJEET
IQCNU,IQCNU
P5MJG,P5MJG
FPKCD,FPKCD
DGKRQ,DGKRQ
42QK5,42QK5
O33ZW,O33ZW
76DE8,76DE8
1GGT1,1GGT1
ZWPYM,ZWPYM
BRO67,BRO67
6SU7L,6SU7L
2DW8G,2DW8G
DCBLN,DCBLN
9F4EI,9F4EI
VUIXN,VUIXN
M7SNS,M7SNS
H7D8N,H7D8N
0GYI2,0GYI2
GFIPY,GFIPY
WS5ZG,WS5ZG
JAUA8,JAUA8
SZRY4,SZRY4
VU68A,VU68A
OHETC,OHETC
RBDS1,RBDS1
G510M,G510M
E0D3C,E0D3C
4C15V,4C15V
TUOJP,TUOJP
1XKFB,1XKFB
0LH3L,0LH3L
BJA5V,BJA5V
EKYHR,EKYHR
R2JZR,R2JZR
WGXG3,WGXG3
33Z6R,33Z6R
D9WE1,D9WE1
VGPXX,VGPXX
PYXUU,PYXUU
SNRAM,SNRAM
BAEYS,BAEYS
6P4YX,6P4YX
QRHWK,QRHWK
1EKWL,1EKWL
NHDNA,NHDNA
8Z7SF,8Z7SF
0Y3F6,0Y3F6
CHXEV,CHXEV
YTQDE,YTQDE
1EIZG,1EIZG
R64C6,R64C6
CSPX7,CSPX7
VB7PT,VB7PT
0Y61Q,0Y61Q
639H1,639H1
KBTJD,KBTJD
U5GWH,U5GWH
M3VNT,M3VNT
8P0VW,8P0VW
53JCR,53JCR
ECRBE,ECRBE
WN5C9,WN5C9
61W18,61W18
ZKREI,ZKREI
FO59K,FO59K
XX6AZ,XX6AZ
2QQVW,2QQVW
RWK6B,RWK6B
QXURJ,QXURJ
87MHF,87MHF
WQLFC,WQLFC
E1CV5,E1CV5
W2EE2,W2EE2
X5GRQ,X5GRQ
7LRN2,7LRN2
FGZKB,FGZKB
9D4Q3,9D4Q3
ZYIF4,ZYIF4
GUYCU,GUYCU
SOT72,SOT72
ZM1MY,ZM1MY
92BIP,92BIP
E9FWY,E9FWY
4XECU,4XECU
ON5QG,ON5QG
TVCDH,TVCDH
EBPMC,EBPMC
WX1FD,WX1FD
7JBU0,7JBU0
PCS0W,PCS0W
S7T9H,S7T9H
HDIHJ,HDIHJ
08ZPA,08ZPA
MEFTQ,MEFTQ
XQFP3,XQFP3
0WH6N,0WH6N
7IXUI,7IXUI
9PK2G,9PK2G
Z8BPT,Z8BPT
I0NXR,I0NXR
RLZIQ,RLZIQ
TUIBB,TUIBB
K43BW,K43BW
0T0JD,0T0JD
UGG4K,UGG4K
YXOQ8,YXOQ8
VNEB6,VNEB6
RTKHW,RTKHW
IV377,IV377
NT625,NT625
KQDRE,KQDRE
0VF1D,0VF1D
VN9FJ,VN9FJ
OSBHR,OSBHR
XX6SQ,XX6SQ
9WTL1,9WTL1
JU59U,JU59U
Z4GRA,Z4GRA
RTNP0,RTNP0
GL69B,GL69B
BDLQR,BDLQR
M2IAH,M2IAH
5RBKE,5RBKE
FQOX0,FQOX0
683GJ,683GJ
DCQIQ,DCQIQ
JM5Z8,JM5Z8
WHCK9,WHCK9
A7L1N,A7L1N
5ZGYD,5ZGYD
PNK3W,PNK3W
DIEJQ,DIEJQ
MOGH7,MOGH7
AWH69,AWH69
OHOG7,OHOG7
3LR9X,3LR9X
CTM02,CTM02
4F5UK,4F5UK
S8M5H,S8M5H
1XZ65,1XZ65
AKKP0,AKKP0
ODZ5M,ODZ5M
09JBF,09JBF
J8M01,J8M01
4WKZM,4WKZM
P15FI,P15FI
O0ZY8,O0ZY8
RAUY6,RAUY6
K4841,K4841
3N5TI,3N5TI
QNNIU,QNNIU
8OL6U,8OL6U
LJQ7F,LJQ7F
N9O25,N9O25
R5J7G,R5J7G
LUT1G,LUT1G
YJ5RU,YJ5RU
6ZSH4,6ZSH4
E1WIN,E1WIN
RN59W,RN59W
8R15K,8R15K
5LWXY,5LWXY
KBTBX,KBTBX
OTDXI,OTDXI
WOV11,WOV11
GK8UG,GK8UG
Z0H6R,Z0H6R
QHUNO,QHUNO
X63YR,X63YR
IICTN,IICTN
3OKUA,3OKUA
V5DXM,V5DXM
PPE0J,PPE0J
5NK4L,5NK4L
Y2WUL,Y2WUL
Y4W41,Y4W41
VQS2P,VQS2P
N5WOE,N5WOE
K7PU4,K7PU4
Z77GV,Z77GV
IROW5,IROW5
RZEA8,RZEA8
AKEOS,AKEOS
DA7FK,DA7FK
DR0SN,DR0SN
CMQET,CMQET
HFBLS,HFBLS
QIM87,QIM87
R0KGX,R0KGX
CIR4Z,CIR4Z
MTVGQ,MTVGQ
OBN37,OBN37
71CVE,71CVE
ZZDBA,ZZDBA
HV4FN,HV4FN
E710V,E710V
L6GEE,L6GEE
IHT6D,IHT6D
1ZL4W,1ZL4W
SM11X,SM11X
JNAD2,JNAD2
Y3872,Y3872
37UX1,37UX1
E5H0U,E5H0U
O9WJ6,O9WJ6
7AK0E,7AK0E
EB90A,EB90A
DYZAP,DYZAP
9XRC8,9XRC8
JCVZZ,JCVZZ
CY7BS,CY7BS
MM718,MM718
XKEJC,XKEJC
SDQHY,SDQHY
38YMI,38YMI
ZJNI2,ZJNI2
2UI6Z,2UI6Z
H0JGP,H0JGP
LWPXV,LWPXV
LUMYC,LUMYC
DHDOI,DHDOI
50TEX,50TEX
U8LCT,U8LCT
LZKTL,LZKTL
S718O,S718O
B5AHU,B5AHU
9EQIU,9EQIU
78TPC,78TPC
86Y8A,86Y8A
0KOSQ,0KOSQ
PDZPG,PDZPG
PZ37Z,PZ37Z
NEFKQ,NEFKQ
U58WF,U58WF
SEWLL,SEWLL
LWDHG,LWDHG
4MJH5,4MJH5
FGGEO,FGGEO
OYO1M,OYO1M
3XQN0,3XQN0
WMO5B,WMO5B
5TA12,5TA12
EPUPN,EPUPN
3WO97,3WO97
FAZ4U,FAZ4U
56CHG,56CHG
E9UAA,E9UAA
N4TE9,N4TE9
JX7I2,JX7I2
V3HCI,V3HCI
SXFA2,SXFA2
4KAOL,4KAOL
2MG1Q,2MG1Q
AL12Z,AL12Z
5W01G,5W01G
WGNCG,WGNCG
UL7ZI,UL7ZI
2CQTV,2CQTV
NL956,NL956
0JJJB,0JJJB
M0Z6C,M0Z6C
2APLR,2APLR
T3CO4,T3CO4
ESG6X,ESG6X
93TRD,93TRD
ZJD96,ZJD96
OX106,OX106
1MI9Y,1MI9Y
9MSEV,9MSEV
N2IOT,N2IOT
WLWAX,WLWAX
ARJ46,ARJ46
HAKOK,HAKOK
SK8RT,SK8RT
Y83RH,Y83RH
JJ8B8,JJ8B8
LSHO7,LSHO7
8OJQX,8OJQX
H870C,H870C
A00HY,A00HY
0H5JS,0H5JS
2KB50,2KB50
KMPWD,KMPWD
92157,92157
8D66U,8D66U
HI05H,HI05H
3IG1N,3IG1N
PLK7Q,PLK7Q
LWGKH,LWGKH
A53A8,A53A8
5HTAD,5HTAD
01MID,01MID
UQAGC,UQAGC
0T4QR,0T4QR
1IY4C,1IY4C
QPEIY,QPEIY
D9HGO,D9HGO
C5UAA,C5UAA
144UP,144UP
6M571,6M571
ICARM,ICARM
DWBJB,DWBJB
853AD,853AD
IY9FA,IY9FA
XF1OS,XF1OS
2WP7P,2WP7P
CXYAN,CXYAN
NO4G0,NO4G0
C3V9B,C3V9B
H94KI,H94KI
WXRLV,WXRLV
D79SW,D79SW
OXSS5,OXSS5
CN1EC,CN1EC
TFK2F,TFK2F
HN8MY,HN8MY
XPH7W,XPH7W
A1T1P,A1T1P
TZML3,TZML3
SE0V0,SE0V0
1CKMS,1CKMS
5M1RG,5M1RG
VS0JS,VS0JS
H0P9P,H0P9P
IDXON,IDXON
151PY,151PY
399QG,399QG
P4V4Z,P4V4Z
1PBID,1PBID
EBY1E,EBY1E
QTG8K,QTG8K
BAYJ4,BAYJ4
SVEHW,SVEHW
KIWP4,KIWP4
0QXVW,0QXVW
A63BS,A63BS
0T988,0T988
MK28W,MK28W
J84T7,J84T7
7S8VJ,7S8VJ
L9FYN,L9FYN
VBR6G,VBR6G
BLMBE,BLMBE
LMY2H,LMY2H
4E1ND,4E1ND
SRPOL,SRPOL
QMJ0I,QMJ0I
F5T88,F5T88
OS35S,OS35S
DYWY2,DYWY2
G6KVU,G6KVU
6UXSO,6UXSO
7ZTGC,7ZTGC
BWGFD,BWGFD
6YFI0,6YFI0
D1REP,D1REP
0N6JH,0N6JH
2TDJ2,2TDJ2
7USOV,7USOV
DBVBZ,DBVBZ
SIPTF,SIPTF
K0KSH,K0KSH
KOJU7,KOJU7
IGE26,IGE26
S57WH,S57WH
2HR15,2HR15
Q5FQG,Q5FQG
7N205,7N205
658M9,658M9
DI7OH,DI7OH
O7YGA,O7YGA
D1PHC,D1PHC
A74JG,A74JG
CLJXV,CLJXV
GUFOO,GUFOO
CU8HR,CU8HR
MHN1V,MHN1V
AWUD0,AWUD0
14AX2,14AX2
PJSCI,PJSCI
BVJDJ,BVJDJ
WAJSC,WAJSC
6UUF8,6UUF8
8ZBF6,8ZBF6
8MFRA,8MFRA
6LDYK,6LDYK
JP2PO,JP2PO
W8DO9,W8DO9
9QGGZ,9QGGZ
11BYC,11BYC
JTNG5,JTNG5
A4PA4,A4PA4
MQ8VS,MQ8VS
835YY,835YY
QBWCT,QBWCT
AB7M0,AB7M0
WRR18,WRR18
UMLXH,UMLXH
753TF,753TF
0CD8W,0CD8W
8O16D,8O16D
KCQAQ,KCQAQ
QO0YJ,QO0YJ
XQWWI,XQWWI
P6E6K,P6E6K
4DFCM,4DFCM
H7MZF,H7MZF
5E96K,5E96K
0LH7X,0LH7X
7DWQT,7DWQT
5LD8W,5LD8W
THYGG,THYGG
1VDFE,1VDFE
2QYXO,2QYXO
6U5U1,6U5U1
DRXKZ,DRXKZ
A8IZO,A8IZO
85PSW,85PSW
PJ0E9,PJ0E9
NYZXC,NYZXC
BOGEJ,BOGEJ
33EUW,33EUW
RQUOH,RQUOH
LQBJA,LQBJA
FGLKR,FGLKR
1KUGG,1KUGG
ZY5UD,ZY5UD
40135,40135
GBOU5,GBOU5
8UJYO,8UJYO
4RSUW,4RSUW
UNU1G,UNU1G
TGRBK,TGRBK
QYJM1,QYJM1
ET7CH,ET7CH
DRBI3,DRBI3
JZT1S,JZT1S
QVPT8,QVPT8
L7BQO,L7BQO
WH48R,WH48R
5GAUK,5GAUK
WFJXG,WFJXG
MQZ32,MQZ32
9HK9X,9HK9X
RC6DE,RC6DE
84Y6N,84Y6N
AM2YI,AM2YI
HZWHT,HZWHT
O6NZF,O6NZF
BWIUC,BWIUC
4QA1W,4QA1W
I0NPU,I0NPU
Y2HST,Y2HST
CI3XZ,CI3XZ
666Q6,666Q6
2ZAV8,2ZAV8
M172H,M172H
XUU4X,XUU4X
5VIFA,5VIFA
YEGG3,YEGG3
1TDCL,1TDCL
FMDIB,FMDIB
IYXFC,IYXFC
L0K0K,L0K0K
32KAT,32KAT
I7IA2,I7IA2
RXP2C,RXP2C
NUXMK,NUXMK
QX04A,QX04A
EH9WI,EH9WI
2ZY0V,2ZY0V
9M775,9M775
KYPSJ,KYPSJ
TWRJA,TWRJA
PR9J2,PR9J2
HPXSZ,HPXSZ
I5AKS,I5AKS
MYIG8,MYIG8
ELSZS,ELSZS
QS28G,QS28G
474CF,474CF
3YIL4,3YIL4
5G1Q7,5G1Q7
07ML3,07ML3
M11PY,M11PY
0LQ43,0LQ43
HL6ZG,HL6ZG
MOQNX,MOQNX
0NIRN,0NIRN
IQ04L,IQ04L
D7PH3,D7PH3
VW9EI,VW9EI
OOXFW,OOXFW
XO4R5,XO4R5
UFQF6,UFQF6
GM10S,GM10S
RW2WT,RW2WT
7SH5Q,7SH5Q
F35AY,F35AY
2GBW1,2GBW1
MQJ70,MQJ70
JNWBM,JNWBM
M4DA7,M4DA7
FL7KE,FL7KE
BYI6C,BYI6C
I9KDI,I9KDI
UOBM3,UOBM3
AMWNJ,AMWNJ
9FAP4,9FAP4
NYEHX,NYEHX
FJS21,FJS21
ZF64N,ZF64N
CTON6,CTON6
M4YNQ,M4YNQ
807PX,807PX
DJQ3G,DJQ3G
KI3VI,KI3VI
V4CJ9,V4CJ9
T9V8Q,T9V8Q
KTYGX,KTYGX
K1VML,K1VML
25GNV,25GNV
KS6VN,KS6VN
D4SM2,D4SM2
VZKO4,VZKO4
AEOPP,AEOPP
N053J,N053J
R5S3R,R5S3R
VN5SE,VN5SE
RNHTM,RNHTM
DA7GF,DA7GF
9KT3E,9KT3E
IJBPM,IJBPM
CU1ZA,CU1ZA
YVKH5,YVKH5
MPZPX,MPZPX
U5XWA,U5XWA
Z0QOQ,Z0QOQ
YI5G2,YI5G2
S6WHG,S6WHG
1MV6A,1MV6A
9ZZG4,9ZZG4
YV8BB,YV8BB
BW2YL,BW2YL
TF6LH,TF6LH
NTFM1,NTFM1
1F3W8,1F3W8
FMOWK,FMOWK
02QN6,02QN6
0564G,0564G
4O0Q3,4O0Q3
04ME3,04ME3
VP8SE,VP8SE
P2S5M,P2S5M
GMGI9,GMGI9
90EQR,90EQR
8YKYB,8YKYB
3L2FI,3L2FI
2JUF2,2JUF2
CG94S,CG94S
OLLPZ,OLLPZ
J3OT2,J3OT2
2UDPL,2UDPL
V0DSR,V0DSR
SLKRI,SLKRI
FKEFR,FKEFR
101Z4,101Z4
A2YPH,A2YPH
R1PUM,R1PUM
14O22,14O22
YXZH7,YXZH7
I0M9Q,I0M9Q
BV65X,BV65X
TIB2S,TIB2S
4KHWF,4KHWF
152RX,152RX
BBLWN,BBLWN
VD8PL,VD8PL
F2551,F2551
QDET4,QDET4
JP2VO,JP2VO
17AKH,17AKH
F7IO8,F7IO8
EMFHH,EMFHH
EQB1R,EQB1R
DJJF3,DJJF3
1ILJM,1ILJM
VP5CL,VP5CL
YYDP5,YYDP5
51H8E,51H8E
NP62H,NP62H
VY2R0,VY2R0
6D2AZ,6D2AZ
2A344,2A344
L95V9,L95V9
777YX,777YX
KGN4F,KGN4F
G6NKT,G6NKT
17X87,17X87
2L6QS,2L6QS
XCY6E,XCY6E
C3KA1,C3KA1
KMK9X,KMK9X
ADGV7,ADGV7
ES238,ES238
VJULI,VJULI
Q12SV,Q12SV
34TO8,34TO8
D4GPW,D4GPW
ZWVU3,ZWVU3
PH4LP,PH4LP
S69C9,S69C9
A875U,A875U
113BN,113BN
R92K4,R92K4
Z1EBW,Z1EBW
334M0,334M0
3DS25,3DS25
ZXQQ2,ZXQQ2
ARDVB,ARDVB
72SHY,72SHY
E0PYZ,E0PYZ
1D04P,1D04P
YHZCK,YHZCK
U8UN5,U8UN5
AZFMG,AZFMG
3E2Q1,3E2Q1
R6UKX,R6UKX
A6VP3,A6VP3
JVO1N,JVO1N
99UH9,99UH9
6WK67,6WK67
LAGJZ,LAGJZ
0KJPH,0KJPH
DYRUB,DYRUB
UI3W1,UI3W1
B4DC2,B4DC2
56OIS,56OIS
80ITM,80ITM
LONS0,LONS0
N849B,N849B
BHZVV,BHZVV
V1NQL,V1NQL
STGAJ,STGAJ
M5PK0,M5PK0
PIXPA,PIXPA
HADNB,HADNB
898XO,898XO
HWR0G,HWR0G
BPC74,BPC74
6C9KV,6C9KV
21XQE,21XQE
WIB0L,WIB0L
7XCY2,7XCY2
776LN,776LN
U3L14,U3L14
8S1KX,8S1KX
QQ6NN,QQ6NN
8NW3X,8NW3X
TD34U,TD34U
IK9IN,IK9IN
NERVJ,NERVJ
6LIQH,6LIQH
PLNJQ,PLNJQ
X5IMJ,X5IMJ
9P0F4,9P0F4
64WMJ,64WMJ
JMVEH,JMVEH
S1W0L,S1W0L
Z1CA3,Z1CA3
RDXCX,RDXCX
IIY8I,IIY8I
HHB5Q,HHB5Q
LCY8S,LCY8S
OZANB,OZANB
VH7UR,VH7UR
FWC20,FWC20
X3FIW,X3FIW
AORF9,AORF9
APZU0,APZU0
3L9GZ,3L9GZ
DTLJP,DTLJP
6CDXR,6CDXR
0435X,0435X
D5WFL,D5WFL
0A85A,0A85A
S3NT5,S3NT5
QOTXB,QOTXB
6G2EJ,6G2EJ
E79HB,E79HB
SBVDD,SBVDD
EU7PK,EU7PK
YSIF4,YSIF4
HVJG8,HVJG8
RYNPT,RYNPT
50VG5,50VG5
H1UV8,H1UV8
0VZHQ,0VZHQ
VI1VC,VI1VC
GL8RE,GL8RE
XBWT2,XBWT2
UMCQM,UMCQM
BC794,BC794
AEOMP,AEOMP
ZN1D5,ZN1D5
HYQ6M,HYQ6M
501X7,501X7
BLW7X,BLW7X
8KW84,8KW84
H1XQX,H1XQX
O09QW,O09QW
ORDZV,ORDZV
FJX7T,FJX7T
O82SM,O82SM
GXDWM,GXDWM
6XQHU,6XQHU
MVD4M,MVD4M
DRBR6,DRBR6
9SW5D,9SW5D
H1Q6H,H1Q6H
418H5,418H5
LTF06,LTF06
QDDFD,QDDFD
0J15N,0J15N
GGAL7,GGAL7
E2C8F,E2C8F
3C0B8,3C0B8
R5O21,R5O21
YSO0C,YSO0C
T28B1,T28B1
G7JUZ,G7JUZ
YJSN4,YJSN4
DRF0J,DRF0J
LN0HK,LN0HK
82P5G,82P5G
IOW2M,IOW2M
I0F3O,I0F3O
YWYQ4,YWYQ4
D0WCX,D0WCX
G1VG9,G1VG9
0JSN1,0JSN1
GU0A9,GU0A9
TKY1O,TKY1O
I1S75,I1S75
58XRR,58XRR
DCYS7,DCYS7
33MHY,33MHY
ZW9KE,ZW9KE
JZNRX,JZNRX
XK7Z7,XK7Z7
PQOHX,PQOHX
OP8I0,OP8I0
LOJGT,LOJGT
FKCA0,FKCA0
SBA5W,SBA5W
2KF3E,2KF3E
TPPNQ,TPPNQ
AF59B,AF59B
PVLFI,PVLFI
3GYH2,3GYH2
0MP2J,0MP2J
WGHKG,WGHKG
I8H07,I8H07
ZSVDD,ZSVDD
6A57M,6A57M
Q2EI9,Q2EI9
ZCW62,ZCW62
AT1U8,AT1U8
2ZRT8,2ZRT8
ZHIQ0,ZHIQ0
P5KST,P5KST
EPS6H,EPS6H
BZLFR,BZLFR
OFOIE,OFOIE
GLPIJ,GLPIJ
7EZ24,7EZ24
5RWOH,5RWOH
3MNLQ,3MNLQ
DBPUR,DBPUR
AMYW7,AMYW7
YM0Q9,YM0Q9
LO8VE,LO8VE
XOB8T,XOB8T
XNPIH,XNPIH
B69WU,B69WU
AW04R,AW04R
XQU8N,XQU8N
E98DQ,E98DQ
YA85T,YA85T
VXC8I,VXC8I
BVINQ,BVINQ
0HZE2,0HZE2
1VM1H,1VM1H
3SJWG,3SJWG
I18PS,I18PS
8ZTOF,8ZTOF
K15SI,K15SI
XJ4KM,XJ4KM
T8OEZ,T8OEZ
6VUPE,6VUPE
1UY8N,1UY8N
WNOF7,WNOF7
S3IE1,S3IE1
FOTIA,FOTIA
MSWJI,MSWJI
TABFV,TABFV
FMOAN,FMOAN
L22HU,L22HU
8P2VA,8P2VA
HU4UA,HU4UA
3S6DS,3S6DS
C7HI6,C7HI6
LUXTT,LUXTT
D0YL6,D0YL6
BPJ65,BPJ65
FRD3Y,FRD3Y
0UBQF,0UBQF
WJVXL,WJVXL
VXXFY,VXXFY
UPEF8,UPEF8
BR0A0,BR0A0
SWWCE,SWWCE
Y6D71,Y6D71
118LD,118LD
Y0ZYB,Y0ZYB
40Q6O,40Q6O
K99DR,K99DR
OZALD,OZALD
GGZGU,GGZGU
KERH4,KERH4
V05NN,V05NN
YZ7QH,YZ7QH
RJQ4B,RJQ4B
SLBPB,SLBPB
A9WZL,A9WZL
CNPNB,CNPNB
MAV2R,MAV2R
KPUPP,KPUPP
PRPKG,PRPKG
MM92I,MM92I
XQTXJ,XQTXJ
N6EV6,N6EV6
NDGU0,NDGU0
G7N00,G7N00
ZA18P,ZA18P
PHN6B,PHN6B
FFGMV,FFGMV
LM6JC,LM6JC
C62P1,C62P1
4D0U5,4D0U5
CUD22,CUD22
PF67R,PF67R
5Y8WB,5Y8WB
JGG9D,JGG9D
WTCA7,WTCA7
ZKAFH,ZKAFH
TRCM3,TRCM3
507GN,507GN
8PU2R,8PU2R
Y0C1T,Y0C1T
XZY05,XZY05
86IYM,86IYM
DLMRH,DLMRH
1WWOM,1WWOM
C027R,C027R
SZJS7,SZJS7
PMM2H,PMM2H
8CGX2,8CGX2
RMV6P,RMV6P
8WAWY,8WAWY
EAFO7,EAFO7
TP9PT,TP9PT
6UMPJ,6UMPJ
F6FVB,F6FVB
TXY6R,TXY6R
2T40K,2T40K
29GV2,29GV2
X81W4,X81W4
OSYC1,OSYC1
HJ2OW,HJ2OW
B9SLX,B9SLX
X9WXM,X9WXM
748JG,748JG
HKGMG,HKGMG
65XQW,65XQW
A5C3W,A5C3W
YEAQ6,YEAQ6
IVDAU,IVDAU
4R198,4R198
TT5KH,TT5KH
Z5KX2,Z5KX2
P3B5O,P3B5O
APNU1,APNU1
440NY,440NY
A9O7M,A9O7M
16IJ4,16IJ4
UTIKZ,UTIKZ
DKANP,DKANP
IZVKV,IZVKV
ZKJTK,ZKJTK
QE352,QE352
MVSXK,MVSXK
601CG,601CG
J3VAO,J3VAO
PESPT,PESPT
LSCT3,LSCT3
R3KZ5,R3KZ5
TJM7E,TJM7E
6L0VD,6L0VD
CURMS,CURMS
4M0JU,4M0JU
UFE1D,UFE1D
2Q396,2Q396
UI7TP,UI7TP
2EAYZ,2EAYZ
IFIZW,IFIZW
LEZ66,LEZ66
Y6IBT,Y6IBT
P0VHG,P0VHG
UL2GJ,UL2GJ
76YQ5,76YQ5
JFVLV,JFVLV
H2Z8N,H2Z8N
BSKU9,BSKU9
LEME6,LEME6
WFT6I,WFT6I
TKUZM,TKUZM
4G95M,4G95M
B5N1K,B5N1K
99PDS,99PDS
93JJK,93JJK
2VDSA,2VDSA
PKP5H,PKP5H
O43O7,O43O7
M2N4I,M2N4I
ALO6Z,ALO6Z
B7415,B7415
EJ8TR,EJ8TR
4INBR,4INBR
9W2L5,9W2L5
RWZ9W,RWZ9W
ZZ53L,ZZ53L
NWO6F,NWO6F
D8T9S,D8T9S
9562T,9562T
Q8RX8,Q8RX8
7VLEN,7VLEN
K3JAN,K3JAN
LT5YM,LT5YM
66PV8,66PV8
5V2OE,5V2OE
RHZGT,RHZGT
7CRAB,7CRAB
GBAE7,GBAE7
60YTR,60YTR
4PQC1,4PQC1
NA2F7,NA2F7
PZ9SO,PZ9SO
BBBJA,BBBJA
R0ZUH,R0ZUH
ZIANM,ZIANM
GF8EC,GF8EC
3IADG,3IADG
HRL1Q,HRL1Q
P7TZ1,P7TZ1
E96A1,E96A1
E7JGR,E7JGR
YWJDD,YWJDD
X7EDE,X7EDE
6I5NK,6I5NK
ZVPQV,ZVPQV
TVQ45,TVQ45
CL4EM,CL4EM
AB2WK,AB2WK
PA11A,PA11A
KYSAV,KYSAV
RF1FO,RF1FO
36FIS,36FIS
8KSRV,8KSRV
1G20G,1G20G
6CGFN,6CGFN
0KPX8,0KPX8
563U7,563U7
50RAS,50RAS
DCGZM,DCGZM
S5LKX,S5LKX
TFKHU,TFKHU
W33YU,W33YU
FAU3J,FAU3J
BVS3S,BVS3S
8UVPD,8UVPD
9UWGJ,9UWGJ
2CXS6,2CXS6
29009,29009
UUV3M,UUV3M
2MPF8,2MPF8
VGZJO,VGZJO
NE5X4,NE5X4
MWMJ2,MWMJ2
HMC7H,HMC7H
I39MS,I39MS
QTAL6,QTAL6
20NOI,20NOI
MFQ93,MFQ93
Y0D09,Y0D09
1SUOD,1SUOD
GFDI8,GFDI8
XN9SO,XN9SO
4DP1D,4DP1D
N5XIK,N5XIK
FL1PM,FL1PM
9D2WJ,9D2WJ
XJUOV,XJUOV
4HN12,4HN12
AI846,AI846
BM401,BM401
QFEFT,QFEFT
GA937,GA937
RLM2B,RLM2B
KSDLA,KSDLA
EAMO8,EAMO8
ZUY5H,ZUY5H
LSFBP,LSFBP
5U3LP,5U3LP
D2TE7,D2TE7
RQVCU,RQVCU
ORGQY,ORGQY
2CRIB,2CRIB
NSQAP,NSQAP
6C2P1,6C2P1
NHLYW,NHLYW
F2JYZ,F2JYZ
RKLYZ,RKLYZ
NUAN5,NUAN5
3WTMW,3WTMW
9RD7J,9RD7J
90SKM,90SKM
AJTT5,AJTT5
D1O0B,D1O0B
IEG1O,IEG1O
RYRH4,RYRH4
ZK0U3,ZK0U3
2AUUH,2AUUH
ZSJ1H,ZSJ1H
XMKTI,XMKTI
Z2U75,Z2U75
X4YXJ,X4YXJ
I4V6J,I4V6J
8W6FY,8W6FY
WEPBG,WEPBG
8KNH6,8KNH6
IP3T6,IP3T6
Z5VVN,Z5VVN
LGFGT,LGFGT
FMILR,FMILR
81AZE,81AZE
8K03B,8K03B
MNCXL,MNCXL
15W4R,15W4R
W05E6,W05E6
J5M2I,J5M2I
V4D2I,V4D2I
FDUT6,FDUT6
R3RUP,R3RUP
OSX6Z,OSX6Z
DFKYP,DFKYP
22B0U,22B0U
7H5XY,7H5XY
805CD,805CD
MXYW4,MXYW4
9N3IG,9N3IG
WVWKT,WVWKT
XBZKW,XBZKW
RLWNG,RLWNG
KSQ7J,KSQ7J
WE0FQ,WE0FQ
RBUUU,RBUUU
PN9LJ,PN9LJ
NF7AR,NF7AR
FRJJ7,FRJJ7
L6M53,L6M53
U8WAP,U8WAP
SQ1RB,SQ1RB
EQK4U,EQK4U
3VVQZ,3VVQZ
TLU9J,TLU9J
I4X6Z,I4X6Z
EMYFI,EMYFI
2UU9D,2UU9D
LEUS3,LEUS3
CSHUL,CSHUL
6MZMT,6MZMT
QPO1P,QPO1P
QFCAI,QFCAI
HRD7T,HRD7T
ZKPND,ZKPND
BLZ30,BLZ30
IW6J9,IW6J9
OUYYC,OUYYC
DM54X,DM54X
XH46S,XH46S
WUAS1,WUAS1
Y7TFS,Y7TFS
7U6VM,7U6VM
2G2NA,2G2NA
Z2CHV,Z2CHV
7RN8N,7RN8N
AG300,AG300
1UL77,1UL77
FXG04,FXG04
WF6YV,WF6YV
OZ42E,OZ42E
D2582,D2582
1MC2E,1MC2E
NLWS7,NLWS7
PQ6LC,PQ6LC
XUMF9,XUMF9
K39F9,K39F9
50RE7,50RE7
7JX0M,7JX0M
37DAX,37DAX
H89J6,H89J6
9CVFB,9CVFB
EJJCI,EJJCI
L4HAL,L4HAL
7GCG7,7GCG7
2TR1Q,2TR1Q
K53C2,K53C2
I7RUF,I7RUF
3EGSE,3EGSE
14PM2,14PM2
7HBVB,7HBVB
SP8T6,SP8T6
259VP,259VP
YNW36,YNW36
M2029,M2029
4YQDP,4YQDP
42QI2,42QI2
33ZWG,33ZWG
CL5TS,CL5TS
GQPGP,GQPGP
14EIA,14EIA
C7CYJ,C7CYJ
LO4O7,LO4O7
USHGA,USHGA
WU36X,WU36X
TNT21,TNT21
4DHQ0,4DHQ0
W024C,W024C
E0059,E0059
KXITP,KXITP
UM2XN,UM2XN
VWCD4,VWCD4
DFX5X,DFX5X
3VRFL,3VRFL
W7359,W7359
UUI7A,UUI7A
3UUCC,3UUCC
0G256,0G256
IL4HM,IL4HM
ORXHA,ORXHA
30A8N,30A8N
Z2H9V,Z2H9V
QAEP6,QAEP6
16BJF,16BJF
BVIXR,BVIXR
EEFO0,EEFO0
2HKC0,2HKC0
H0PK3,H0PK3
ZSL17,ZSL17
B2OP8,B2OP8
EVXEW,EVXEW
LFOYT,LFOYT
VV154,VV154
VITMB,VITMB
MT4DG,MT4DG
AFY6N,AFY6N
7G64M,7G64M
RSP0P,RSP0P
8U6PW,8U6PW
1FXFR,1FXFR
1ABND,1ABND
ADQ7Z,ADQ7Z
X559F,X559F
M91MZ,M91MZ
L0ZO5,L0ZO5
IP7IB,IP7IB
XQ391,XQ391
VHIDX,VHIDX
2JOBP,2JOBP
5S60V,5S60V
TVJJP,TVJJP
4NPUM,4NPUM
HVEM1,HVEM1
CQ5GF,CQ5GF
GPJH7,GPJH7
85LFX,85LFX
I9L14,I9L14
4XEKZ,4XEKZ
NY7LP,NY7LP
6A8ZO,6A8ZO
2DNM8,2DNM8
1ZSVG,1ZSVG
38QF2,38QF2
BMHLM,BMHLM
WP2OB,WP2OB
6EA1G,6EA1G
8UB0Z,8UB0Z
ATHSB,ATHSB
M8US9,M8US9
DBWJX,DBWJX
N23NJ,N23NJ
PBA8U,PBA8U
608MN,608MN
FID7T,FID7T
YJKMU,YJKMU
YHLC0,YHLC0
WOBN6,WOBN6
9LSDC,9LSDC
VP6MA,VP6MA
4VW64,4VW64
ZWVBT,ZWVBT
DWFEJ,DWFEJ
DOPSE,DOPSE
FESIH,FESIH
S81UT,S81UT
QDAVY,QDAVY
QJV47,QJV47
ZAMP2,ZAMP2
4BIOT,4BIOT
TKTAI,TKTAI
GWPGK,GWPGK
VHHXZ,VHHXZ
P3DYU,P3DYU
ARWC8,ARWC8
G6XG5,G6XG5
HVA5S,HVA5S
LBOL5,LBOL5
I1J3K,I1J3K
FZEXI,FZEXI
OL4E1,OL4E1
ZE66A,ZE66A
QBI0C,QBI0C
558U5,558U5
YPVK5,YPVK5
OE37V,OE37V
5GPBA,5GPBA
26IQI,26IQI
V00JV,V00JV
4S1ZV,4S1ZV
I0OWQ,I0OWQ
RWGZ3,RWGZ3
0IX9B,0IX9B
KZST2,KZST2
K3FP9,K3FP9
5C343,5C343
5OTU2,5OTU2
6YWJ5,6YWJ5
8UDAX,8UDAX
ON3V6,ON3V6
DR16C,DR16C
NNW65,NNW65
W1DII,W1DII
6VEOJ,6VEOJ
X2JNV,X2JNV
QRW0S,QRW0S
GB4B1,GB4B1
2UNGV,2UNGV
MBLIJ,MBLIJ
HFJZZ,HFJZZ
NGLTG,NGLTG
P0UGO,P0UGO
XOGFE,XOGFE
V2BDU,V2BDU
B1ZIM,B1ZIM
D9SUR,D9SUR
1SI1F,1SI1F
DWKY7,DWKY7
Q1M9E,Q1M9E
2T7RT,2T7RT
LLIAB,LLIAB
QMH07,QMH07
JLS19,JLS19
YK1S9,YK1S9
064IO,064IO
TATX9,TATX9
IX79X,IX79X
9U42G,9U42G
VF3KC,VF3KC
132BI,132BI
RYJWE,RYJWE
NIIS7,NIIS7
NHZZP,NHZZP
VMGPO,VMGPO
GNA90,GNA90
R4JLW,R4JLW
XL44S,XL44S
12X9A,12X9A
W4QDK,W4QDK
CZQ3I,CZQ3I
O8VD3,O8VD3
7RUNB,7RUNB
3VGD9,3VGD9
HF8B8,HF8B8
TUZPV,TUZPV
WLUQ5,WLUQ5
0NFQ4,0NFQ4
9VWTB,9VWTB
BUBZF,BUBZF
QFGIN,QFGIN
GQNQI,GQNQI
29IWF,29IWF
6NA1V,6NA1V
BWDIZ,BWDIZ
U35IH,U35IH
PVI5P,PVI5P
OD2IP,OD2IP
R233B,R233B
ZPDMT,ZPDMT
KZL8U,KZL8U
8VF6O,8VF6O
G79F1,G79F1
4YQ6K,4YQ6K
UKU0O,UKU0O
H5N1E,H5N1E
GX0FN,GX0FN
F6PM6,F6PM6
RA46D,RA46D
828GI,828GI
FD4PT,FD4PT
OQ952,OQ952
0SV4B,0SV4B
TN66B,TN66B
POPCX,POPCX
3NLHC,3NLHC
59CKB,59CKB
WBTGQ,WBTGQ
4LEMR,4LEMR
PGIA5,PGIA5
GAZ30,GAZ30
ECP9N,ECP9N
B3WQ5,B3WQ5
SA0WX,SA0WX
K1I3Z,K1I3Z
EIWC6,EIWC6
2JU2P,2JU2P
QVHB4,QVHB4
CUKUJ,CUKUJ
IWSIE,IWSIE
ZE6TP,ZE6TP
L23N5,L23N5
SRBL7,SRBL7
QE7IN,QE7IN
LOQTA,LOQTA
YM4GQ,YM4GQ
ICCY6,ICCY6
N0KOI,N0KOI
12WCM,12WCM
F3TNV,F3TNV
AYW4X,AYW4X
5TGRI,5TGRI
XMIQF,XMIQF
ZQER3,ZQER3
USFFH,USFFH
OK3W2,OK3W2
LCPLU,LCPLU
95FEG,95FEG
M1DXO,M1DXO
Y0EL0,Y0EL0
KRMOM,KRMOM
MNAN7,MNAN7
ZG79Y,ZG79Y
02OHY,02OHY
57KA4,57KA4
HBPQQ,HBPQQ
D8XFO,D8XFO
U115W,U115W
AORBJ,AORBJ
JQC1E,JQC1E
D6BVB,D6BVB
J3SPF,J3SPF
RSNFP,RSNFP
J0GNP,J0GNP
2RGU1,2RGU1
Y4WAZ,Y4WAZ
BOSEK,BOSEK
B6W6Z,B6W6Z
G5LXF,G5LXF
V9T7A,V9T7A
XS034,XS034
6JC40,6JC40
VPAOY,VPAOY
XPQT2,XPQT2
6Q57U,6Q57U
J8RLJ,J8RLJ
5URH5,5URH5
06TO2,06TO2
8Q1Q9,8Q1Q9
D4CQN,D4CQN
FE2SC,FE2SC
8U3QS,8U3QS
LFQIL,LFQIL
DOM48,DOM48
JVMTX,JVMTX
WBIIS,WBIIS
LKB9C,LKB9C
FHTBD,FHTBD
VGGDQ,VGGDQ
ZA55H,ZA55H
9K5XO,9K5XO
JRUEL,JRUEL
G4PXK,G4PXK
PQMX5,PQMX5
1TW2U,1TW2U
RAB9F,RAB9F
2WOES,2WOES
ZD1J3,ZD1J3
K89EW,K89EW
EXNPY,EXNPY
SKYJU,SKYJU
9ABDK,9ABDK
XPMRD,XPMRD
BPNTQ,BPNTQ
3H34B,3H34B
OOD7T,OOD7T
H2IBZ,H2IBZ
ZMAID,ZMAID
7CU89,7CU89
RJ71C,RJ71C
ZDH7K,ZDH7K
K55ML,K55ML
1LAZD,1LAZD
73PA0,73PA0
TX77W,TX77W
WAP5F,WAP5F
QD4MJ,QD4MJ
6AFQI,6AFQI
WJOJE,WJOJE
QU8TD,QU8TD
HAZ58,HAZ58
K0ZHO,K0ZHO
U9QY9,U9QY9
8PO6O,8PO6O
JQWQ0,JQWQ0
SMKKU,SMKKU
E3OE5,E3OE5
08ZCW,08ZCW
WE4W2,WE4W2
SG79Y,SG79Y
S7PU7,S7PU7
IRRND,IRRND
UNJM2,UNJM2
P78L0,P78L0
JZFUD,JZFUD
IV94V,IV94V
2U9D5,2U9D5
TTPBM,TTPBM
7358F,7358F
P1UKJ,P1UKJ
42BUH,42BUH
FINDX,FINDX
70SYK,70SYK
RSVF4,RSVF4
ZZDE6,ZZDE6
36M6U,36M6U
CX0T7,CX0T7
DZARV,DZARV
6WHF0,6WHF0
6RPU1,6RPU1
VLUV6,VLUV6
RQ5GI,RQ5GI
K1A03,K1A03
CPAV5,CPAV5
0KDCF,0KDCF
AV2YP,AV2YP
9PCIL,9PCIL
87MH4,87MH4
NAE1U,NAE1U
D9GIT,D9GIT
X465E,X465E
T2G17,T2G17
EN9R8,EN9R8
0SLZ0,0SLZ0
0V9VQ,0V9VQ
DE25H,DE25H
ZMMHL,ZMMHL
P6YX1,P6YX1
DML4V,DML4V
LJEGV,LJEGV
HA9GL,HA9GL
4F1AS,4F1AS
XGF7Q,XGF7Q
YMI4O,YMI4O
7VOG6,7VOG6
N0Q58,N0Q58
6PE5Z,6PE5Z
MRAN6,MRAN6
N1P5S,N1P5S
HL7H8,HL7H8
66P0P,66P0P
ELNXF,ELNXF
BK3NS,BK3NS
8SLYP,8SLYP
DUOTN,DUOTN
4Y9RD,4Y9RD
PSZB3,PSZB3
I4090,I4090
VLS0B,VLS0B
R17MY,R17MY
516JT,516JT
ZO95Q,ZO95Q
UN4ML,UN4ML
D8IJI,D8IJI
US1LS,US1LS
X9H15,X9H15
GDV58,GDV58
1GJJG,1GJJG
MUU4Y,MUU4Y
XFDZW,XFDZW
151AA,151AA
O14O3,O14O3
183GG,183GG
UHJLW,UHJLW
TSC4X,TSC4X
X55JD,X55JD
6PQIJ,6PQIJ
YL9JI,YL9JI
P6MT1,P6MT1
KGSKU,KGSKU
9CSN4,9CSN4
KIXB4,KIXB4
QUXIJ,QUXIJ
93LRV,93LRV
FLPWV,FLPWV
FNRD1,FNRD1
8ISXJ,8ISXJ
91I5Y,91I5Y
3ODVP,3ODVP
V44RX,V44RX
2VEMW,2VEMW
8V33R,8V33R
OM0KG,OM0KG
U9YTP,U9YTP
NM3W2,NM3W2
4G8DQ,4G8DQ
EI3EI,EI3EI
WV3R2,WV3R2
TE929,TE929
EGIL4,EGIL4
9RD4A,9RD4A
RMC2X,RMC2X
AO6WP,AO6WP
8M7CZ,8M7CZ
7MJPE,7MJPE
SGYU1,SGYU1
1CIZL,1CIZL
8DG3F,8DG3F
K1JCW,K1JCW
56POX,56POX
KZOXM,KZOXM
GEV6L,GEV6L
U7T0U,U7T0U
7YWED,7YWED
S47XK,S47XK
EE5M1,EE5M1
MU8B6,MU8B6
6B05D,6B05D
RVX2L,RVX2L
MPC1N,MPC1N
DE52F,DE52F
216F4,216F4
EOF7J,EOF7J
01S3K,01S3K
PMW2D,PMW2D
90FF3,90FF3
NQ9CM,NQ9CM
6W0PV,6W0PV
OLVPT,OLVPT
0DNI7,0DNI7
R650U,R650U
RQCUO,RQCUO
JJ7Q3,JJ7Q3
U3FBJ,U3FBJ
XZEGT,XZEGT
9U09K,9U09K
HH3MZ,HH3MZ
A7DUD,A7DUD
LUEFU,LUEFU
24WBZ,24WBZ
3QKA8,3QKA8
BUW70,BUW70
L5DCU,L5DCU
LCSU8,LCSU8
DU8YA,DU8YA
EA6C4,EA6C4
8Q811,8Q811
FYYSG,FYYSG
G7UT9,G7UT9
Y38R7,Y38R7
KUVLN,KUVLN
SCYK4,SCYK4
XWHIV,XWHIV
2QRCY,2QRCY
JRH0M,JRH0M
LM1ZT,LM1ZT
IUZW3,IUZW3
CTOAC,CTOAC
DQRR4,DQRR4
PHY2W,PHY2W
3HAQK,3HAQK
LRW99,LRW99
B2L4W,B2L4W
W6WMD,W6WMD
GFD2Y,GFD2Y
6HQXG,6HQXG
J6XCW,J6XCW
S3B9F,S3B9F
XOCZ9,XOCZ9
GDXJ0,GDXJ0
DK5DN,DK5DN
R77SE,R77SE
N9JHY,N9JHY
01K43,01K43
4RNPB,4RNPB
IIJH2,IIJH2
X93BO,X93BO
LG4KR,LG4KR
L37DV,L37DV
ZIG6V,ZIG6V
JDCPK,JDCPK
FFOZJ,FFOZJ
JHPX6,JHPX6
SUSLG,SUSLG
ELSS6,ELSS6
QS5BN,QS5BN
C3NI1,C3NI1
CNNWY,CNNWY
PPOAZ,PPOAZ
Y5XQ6,Y5XQ6
KHS9K,KHS9K
ON4BD,ON4BD
HGB7N,HGB7N
YLQZA,YLQZA
ZOHXD,ZOHXD
30B7V,30B7V
ZX4XC,ZX4XC
E6DOA,E6DOA
ZI6IX,ZI6IX
5VYX4,5VYX4
6UJQC,6UJQC
D9GQA,D9GQA
0J8EV,0J8EV
AI6HK,AI6HK
SL75X,SL75X
SBDO1,SBDO1
NFU8Z,NFU8Z
12P2L,12P2L
JHB51,JHB51
AFBV1,AFBV1
8MOM4,8MOM4
4I1FV,4I1FV
K6M6L,K6M6L
UTAML,UTAML
VVNVC,VVNVC
JBM0O,JBM0O
C3UXL,C3UXL
5V9MC,5V9MC
MWRW2,MWRW2
IWHNC,IWHNC
EKWIT,EKWIT
V5U8L,V5U8L
TVZ1B,TVZ1B
Y5H7Y,Y5H7Y
EU5SJ,EU5SJ
QESMG,QESMG
4MAUW,4MAUW
MHDYR,MHDYR
NWA2L,NWA2L
UW851,UW851
WG0SJ,WG0SJ
K9GYZ,K9GYZ
EVMSB,EVMSB
3QMZP,3QMZP
4GAYO,4GAYO
QR0Z7,QR0Z7
U5XOT,U5XOT
1LAFS,1LAFS
DGSAI,DGSAI
050JC,050JC
EVNXV,EVNXV
MRGRC,MRGRC
S4VQA,S4VQA
9WB38,9WB38
6OC4B,6OC4B
FKKY2,FKKY2
1PC6R,1PC6R
93WIQ,93WIQ
JOB73,JOB73
SB4AI,SB4AI
9T7QV,9T7QV
J6649,J6649
2SOB4,2SOB4
AHSTV,AHSTV
3L25V,3L25V
4IMJI,4IMJI
NP8G6,NP8G6
MR1RK,MR1RK
S6ND9,S6ND9
LE0Y7,LE0Y7
BYA8Q,BYA8Q
BFIX0,BFIX0
G92LP,G92LP
W7C40,W7C40
96A0X,96A0X
XRPWZ,XRPWZ
5VDWU,5VDWU
JHR40,JHR40
ECJV8,ECJV8
F57PP,F57PP
3EOC2,3EOC2
1XVC4,1XVC4
5NE0N,5NE0N
THO44,THO44
WV2P7,WV2P7
XDJLO,XDJLO
45H7C,45H7C
L3VBA,L3VBA
SES8Q,SES8Q
Z1VRA,Z1VRA
H935R,H935R
SOGB1,SOGB1
9MMZS,9MMZS
FXJAD,FXJAD
YRL3L,YRL3L
ONZQB,ONZQB
RP949,RP949
68CH4,68CH4
Y49B2,Y49B2
HD84S,HD84S
J90BX,J90BX
AW10Q,AW10Q
M8OSE,M8OSE
1VZ3G,1VZ3G
EKYA1,EKYA1
LO6IF,LO6IF
BVBZP,BVBZP
07DWX,07DWX
V7CD2,V7CD2
4CMZL,4CMZL
QRLF7,QRLF7
88IAR,88IAR
Q4JDL,Q4JDL
CUEZS,CUEZS
4M7B6,4M7B6
7XQ4T,7XQ4T
T4JU9,T4JU9
8AQFY,8AQFY
BA1HD,BA1HD
XDDZR,XDDZR
PFTU3,PFTU3
RPPLO,RPPLO
7CD6F,7CD6F
73G4T,73G4T
XU8PB,XU8PB
242O6,242O6
BGYRN,BGYRN
HR6GB,HR6GB
57F3T,57F3T
PB2NI,PB2NI
JIOBJ,JIOBJ
Q7I4M,Q7I4M
0P1HN,0P1HN
T1FUJ,T1FUJ
XGLR0,XGLR0
8GCBJ,8GCBJ
HUN20,HUN20
70WCT,70WCT
P45F5,P45F5
UX9VJ,UX9VJ
GA874,GA874
8B5UW,8B5UW
AFGN0,AFGN0
WOWBG,WOWBG
QZ9V5,QZ9V5
4HNOT,4HNOT
VTMTB,VTMTB
5HSJN,5HSJN
HJTD6,HJTD6
8PM3Q,8PM3Q
P40HK,P40HK
XM34V,XM34V
YVUIG,YVUIG
GB936,GB936
R8JQV,R8JQV
XZ2EW,XZ2EW
POPVC,POPVC
A4G95,A4G95
9FNYQ,9FNYQ
OR6BX,OR6BX
0EXDM,0EXDM
HQ7DS,HQ7DS
MRTXR,MRTXR
AW05N,AW05N
6TOS6,6TOS6
M5NV3,M5NV3
LX873,LX873
1X72I,1X72I
VALXQ,VALXQ
JKLF1,JKLF1
ZNYK3,ZNYK3
171Q7,171Q7
HJ0BM,HJ0BM
E0GI0,E0GI0
X7ISX,X7ISX
HTQA0,HTQA0
88PJN,88PJN
7Y2GV,7Y2GV
BCB2X,BCB2X
KYSTB,KYSTB
LU5RT,LU5RT
UC2Q5,UC2Q5
0LWF4,0LWF4
UTI79,UTI79
UXX7X,UXX7X
WJDFW,WJDFW
D0VX4,D0VX4
1PILP,1PILP
7L629,7L629
ML1GZ,ML1GZ
LR5ON,LR5ON
KUCW3,KUCW3
HHBMX,HHBMX
W8KY9,W8KY9
IZKN3,IZKN3
WV428,WV428
F5YVX,F5YVX
VTZ1M,VTZ1M
GL0HX,GL0HX
UUR6T,UUR6T
U16MH,U16MH
1IE4K,1IE4K
YCJ67,YCJ67
R8XMM,R8XMM
1ZWTB,1ZWTB
WUGYI,WUGYI
8O47C,8O47C
NYRDD,NYRDD
AWV33,AWV33
AQ0T4,AQ0T4
12YLU,12YLU
AM9NE,AM9NE
MNIVT,MNIVT
HZHG6,HZHG6
VYAEV,VYAEV
UO737,UO737
TWBHR,TWBHR
TK3WG,TK3WG
B7X3Z,B7X3Z
I2QTE,I2QTE
MIPAW,MIPAW
ZNWAQ,ZNWAQ
2SIO5,2SIO5
LYFAU,LYFAU
W5SPD,W5SPD
J1F5G,J1F5G
QP5PX,QP5PX
ALLCO,ALLCO
LM9HO,LM9HO
Z6MB5,Z6MB5
FGS5E,FGS5E
OT039,OT039
FZ5DC,FZ5DC
2Q8WM,2Q8WM
NSXCD,NSXCD
L1JGH,L1JGH
LMYDA,LMYDA
QLYO9,QLYO9
3X2IJ,3X2IJ
KC6QH,KC6QH
A2GIC,A2GIC
FLVZP,FLVZP
HDLVU,HDLVU
VO2FP,VO2FP
EGWUU,EGWUU
XNMAJ,XNMAJ
74MZ9,74MZ9
5L3AE,5L3AE
AF1EV,AF1EV
9VGJ5,9VGJ5
LFJQC,LFJQC
37ADS,37ADS
GA851,GA851
R0J9C,R0J9C
XM7TO,XM7TO
NYDQU,NYDQU
RWGFP,RWGFP
WB1I9,WB1I9
LSA2E,LSA2E
ISL4T,ISL4T
E8MRK,E8MRK
9KHWB,9KHWB
QDNJR,QDNJR
XHSUT,XHSUT
7RSSL,7RSSL
JMNNJ,JMNNJ
YDP4A,YDP4A
VQJRS,VQJRS
CDNHW,CDNHW
D8RGQ,D8RGQ
CHRA2,CHRA2
IL6TD,IL6TD
RQ0PD,RQ0PD
QKMJX,QKMJX
KBZ2C,KBZ2C
7S2GA,7S2GA
S6T54,S6T54
WRQ5I,WRQ5I
D9OB4,D9OB4
WH02O,WH02O
OK7LN,OK7LN
6A4QP,6A4QP
K2KPO,K2KPO
HYSKN,HYSKN
UKT48,UKT48
7VI86,7VI86
GIC9O,GIC9O
MPX92,MPX92
VSJVA,VSJVA
FK518,FK518
MU3BJ,MU3BJ
5OCRG,5OCRG
CJKE5,CJKE5
YOUBC,YOUBC
1YH9F,1YH9F
KNNBX,KNNBX
OCVDD,OCVDD
UBEE6,UBEE6
IMO30,IMO30
M816W,M816W
36211,36211
SDAFE,SDAFE
V54K1,V54K1
R8JCC,R8JCC
YFT5E,YFT5E
ULUI5,ULUI5
OPPKC,OPPKC
2S3AX,2S3AX
YJL8L,YJL8L
KDTCT,KDTCT
Z3PBY,Z3PBY
IB62C,IB62C
KT3HZ,KT3HZ
E77EJ,E77EJ
S4JC9,S4JC9
IGXZO,IGXZO
98I6P,98I6P
MRVT3,MRVT3
5L9KB,5L9KB
8G0YE,8G0YE
IZSOS,IZSOS
YAFM7,YAFM7
9SIP8,9SIP8
I5J0G,I5J0G
CF8O1,CF8O1
REAMI,REAMI
O4FNR,O4FNR
DH8EB,DH8EB
RRM5Q,RRM5Q
LCRWH,LCRWH
0Q6B6,0Q6B6
CU58K,CU58K
BDLV5,BDLV5
I1UN2,I1UN2
0WUCH,0WUCH
SMH64,SMH64
XGXS1,XGXS1
RJPJB,RJPJB
1F3JN,1F3JN
VY7WE,VY7WE
B7YP5,B7YP5
MG2NH,MG2NH
LJINV,LJINV
M7GVP,M7GVP
ZJU2U,ZJU2U
LD6AE,LD6AE
2JOZ3,2JOZ3
MK1SH,MK1SH
OYEMI,OYEMI
U8OMF,U8OMF
432UA,432UA
1CJRV,1CJRV
VWD4B,VWD4B
7YW5E,7YW5E
H19LM,H19LM
Y5YX4,Y5YX4
O8EN7,O8EN7
KCID0,KCID0
6JG7Q,6JG7Q
5S1DF,5S1DF
HBPHU,HBPHU
KYRN6,KYRN6
NDIZD,NDIZD
9EHJN,9EHJN
61MSY,61MSY
TW7RY,TW7RY
5N5TG,5N5TG
B96JC,B96JC
L1MI0,L1MI0
R56PA,R56PA
F4BGK,F4BGK
89DHY,89DHY
DJI7H,DJI7H
VKRLP,VKRLP
05IBL,05IBL
VIUVO,VIUVO
DZQMS,DZQMS
IB18T,IB18T
ACEKG,ACEKG
X6Y6B,X6Y6B
P6PGJ,P6PGJ
HS7ZE,HS7ZE
RUYXU,RUYXU
T4FYB,T4FYB
GEDDS,GEDDS
TW7IY,TW7IY
293AT,293AT
S3J45,S3J45
SR621,SR621
FIXOW,FIXOW
1A8PT,1A8PT
FTZHS,FTZHS
3WQO7,3WQO7
GGDB5,GGDB5
G2WXG,G2WXG
7JX32,7JX32
1IJYR,1IJYR
P4HFK,P4HFK
WHL5J,WHL5J
2S8UY,2S8UY
SS0SC,SS0SC
TAZQY,TAZQY
9K2UQ,9K2UQ
18YTT,18YTT
GQENC,GQENC
75HXC,75HXC
HLI8S,HLI8S
FUHLZ,FUHLZ
AAF8E,AAF8E
R2O7N,R2O7N
B5IDZ,B5IDZ
QOTV2,QOTV2
ECUIF,ECUIF
G9MV9,G9MV9
ELDUG,ELDUG
I5AHL,I5AHL
RR923,RR923
2N5E2,2N5E2
K72F7,K72F7
94IR1,94IR1
RZMS0,RZMS0
UPHNW,UPHNW
5YVUY,5YVUY
5JUWT,5JUWT
R8JU3,R8JU3
AETRR,AETRR
TD7JB,TD7JB
IR7C3,IR7C3
EBOXB,EBOXB
SN3CK,SN3CK
3I4QZ,3I4QZ
919ZI,919ZI
ZW72A,ZW72A
SQA6R,SQA6R
QYUPO,QYUPO
ZAAJB,ZAAJB
V4QRW,V4QRW
OOE2O,OOE2O
OU6SY,OU6SY
DIZ6M,DIZ6M
NX7DP,NX7DP
M6NEU,M6NEU
LSQD7,LSQD7
M1ZV5,M1ZV5
JV97A,JV97A
3KDIT,3KDIT
Y5WFC,Y5WFC
B5UCI,B5UCI
VZITY,VZITY
9K24U,9K24U
RK1H7,RK1H7
BNQC6,BNQC6
5PU8Q,5PU8Q
DB21N,DB21N
DXTZJ,DXTZJ
WC08Q,WC08Q
DU268,DU268
WKBO6,WKBO6
EPGQV,EPGQV
Y3P4I,Y3P4I
0RGEY,0RGEY
WDDZ5,WDDZ5
0V0TC,0V0TC
CAW6E,CAW6E
BQ66W,BQ66W
V9T2L,V9T2L
5HF2G,5HF2G
U2ZB2,U2ZB2
8PVAO,8PVAO
BCCDZ,BCCDZ
N8M46,N8M46
L75D3,L75D3
U2JO0,U2JO0
LOALE,LOALE
TJE7Z,TJE7Z
WCAE0,WCAE0
8F2YB,8F2YB
6QKHE,6QKHE
984SD,984SD
0J43I,0J43I
WJ0O2,WJ0O2
B6IOP,B6IOP
N1EF8,N1EF8
022HK,022HK
HDA2E,HDA2E
7SVZL,7SVZL
XBNN7,XBNN7
9KADP,9KADP
41Z1I,41Z1I
SXSJ8,SXSJ8
SYTDV,SYTDV
C6LK8,C6LK8
HZ288,HZ288
KG6IV,KG6IV
HAEDT,HAEDT
H7RRZ,H7RRZ
P3NEY,P3NEY
WBXLH,WBXLH
M35TW,M35TW
LH87E,LH87E
S4OS6,S4OS6
VMVWP,VMVWP
U2X6R,U2X6R
HLENW,HLENW
QFEVH,QFEVH
B6VPD,B6VPD
YA5ZE,YA5ZE
ZLF6O,ZLF6O
4KBEM,4KBEM
GM9OL,GM9OL
UMEY9,UMEY9
9V42X,9V42X
ZAK6U,ZAK6U
57YXL,57YXL
7R2BC,7R2BC
9OZDL,9OZDL
K51J6,K51J6
173VR,173VR
PGDEA,PGDEA
G5PYI,G5PYI
FUI9G,FUI9G
08NO3,08NO3
ZM0ZD,ZM0ZD
NHEF9,NHEF9
JYPL1,JYPL1
SWRKD,SWRKD
R2U2N,R2U2N
VB418,VB418
KI5JW,KI5JW
PIT04,PIT04
5QUZI,5QUZI
PBOPU,PBOPU
CGK5F,CGK5F
F8LBL,F8LBL
3DMIS,3DMIS
CZI48,CZI48
R88O5,R88O5
U8RPL,U8RPL
YARR5,YARR5
ZLRPT,ZLRPT
A48PK,A48PK
O9MKT,O9MKT
UYSZ7,UYSZ7
M1N7S,M1N7S
Y4GYK,Y4GYK
9WJL8,9WJL8
QDXA9,QDXA9
TRUGF,TRUGF
OXP9S,OXP9S
P4059,P4059
B0TWQ,B0TWQ
RVKGO,RVKGO
5CB6T,5CB6T
2WQ4S,2WQ4S
RYXDS,RYXDS
TQ05Z,TQ05Z
Q3ODJ,Q3ODJ
JT3BD,JT3BD
A5XZ8,A5XZ8
63ROA,63ROA
F1RTO,F1RTO
F56OY,F56OY
XOVXF,XOVXF
CCPFN,CCPFN
AN8CR,AN8CR
ET6OA,ET6OA
994MQ,994MQ
R7SXW,R7SXW
7CXO5,7CXO5
R317N,R317N
CMON4,CMON4
X4JE1,X4JE1
U6IZO,U6IZO
GS083,GS083
F0OU7,F0OU7
7KR9Y,7KR9Y
VGR9Y,VGR9Y
WNUI6,WNUI6
Y3C72,Y3C72
X6YU5,X6YU5
2LKRZ,2LKRZ
8EIXA,8EIXA
9TY9C,9TY9C
DO03Y,DO03Y
ZCE3R,ZCE3R
RXVAU,RXVAU
74Z3O,74Z3O
UVY0V,UVY0V
BKNGS,BKNGS
S6TPH,S6TPH
X3XM0,X3XM0
020X6,020X6
EIZXD,EIZXD
ZVJ0H,ZVJ0H
H9659,H9659
Q6K5O,Q6K5O
AVM4H,AVM4H
S0XSY,S0XSY
VO2UN,VO2UN
HZGLQ,HZGLQ
OWHS6,OWHS6
IWW47,IWW47
2JVHT,2JVHT
8Y58J,8Y58J
9WMD8,9WMD8
G4E6R,G4E6R
GXOXG,GXOXG
AE9WR,AE9WR
4W73W,4W73W
VOKBU,VOKBU
9SEOP,9SEOP
5CN1C,5CN1C
G4ME7,G4ME7
90VH2,90VH2
NB8OY,NB8OY
3MYF6,3MYF6
UB1OQ,UB1OQ
IKRRN,IKRRN
MA0C0,MA0C0
93TLL,93TLL
ETQE0,ETQE0
7M6HJ,7M6HJ
RT73P,RT73P
22BGY,22BGY
CF4RI,CF4RI
NIH2G,NIH2G
LMY5C,LMY5C
UYQ7N,UYQ7N
LKU1J,LKU1J
21HKM,21HKM
VAAKI,VAAKI
BYZGM,BYZGM
L9UPR,L9UPR
RZP8F,RZP8F
TXDWU,TXDWU
PXEU7,PXEU7
2RBD5,2RBD5
F58W5,F58W5
365E3,365E3
GK6ER,GK6ER
KYDWO,KYDWO
K9OUW,K9OUW
JARRN,JARRN
6DIIF,6DIIF
4QPCY,4QPCY
5YIRD,5YIRD
ICL5L,ICL5L
OMXB6,OMXB6
70T92,70T92
R9BH2,R9BH2
XPQSL,XPQSL
W93BX,W93BX
Z15D3,Z15D3
OJPW5,OJPW5
9X4BW,9X4BW
QHMWX,QHMWX
D9DOH,D9DOH
FJ1MY,FJ1MY
SDG81,SDG81
UP7ER,UP7ER
LWJRN,LWJRN
J2IDO,J2IDO
08BSH,08BSH
54L3T,54L3T
1RVA3,1RVA3
HSXTO,HSXTO
7KUPH,7KUPH
OCHG5,OCHG5
QA8DF,QA8DF
I9TTE,I9TTE
0Q6RI,0Q6RI
JAHKQ,JAHKQ
QSGHR,QSGHR
4PHTM,4PHTM
0AGE9,0AGE9
QUTZP,QUTZP
C0QZI,C0QZI
O0UPI,O0UPI
55ECQ,55ECQ
5LWNS,5LWNS
A6Q18,A6Q18
7OLYE,7OLYE
5FOF6,5FOF6
TURNW,TURNW
GM40O,GM40O
LGHOZ,LGHOZ
BV6L4,BV6L4
MCUR3,MCUR3
HYSLE,HYSLE
VJJM9,VJJM9
C3737,C3737
ZDJXX,ZDJXX
V6888,V6888
YM5B6,YM5B6
M8FVP,M8FVP
761BS,761BS
BS84C,BS84C
LHBRS,LHBRS
LAXVC,LAXVC
P2NC8,P2NC8
LE72F,LE72F
W70J4,W70J4
AWX8C,AWX8C
XA2VO,XA2VO
2A2T3,2A2T3
BE8F1,BE8F1
5LJNN,5LJNN
H0FSQ,H0FSQ
SYW1Z,SYW1Z
5QB6G,5QB6G
BW50S,BW50S
X7XDN,X7XDN
DZGYC,DZGYC
EDVNW,EDVNW
BTNJ8,BTNJ8
65LEE,65LEE
PLGE0,PLGE0
Z4JAX,Z4JAX
IVBZV,IVBZV
SB0M0,SB0M0
GH5PV,GH5PV
3UMK8,3UMK8
8DBT6,8DBT6
5UD8W,5UD8W
CRGZC,CRGZC
UVRO3,UVRO3
N7H2K,N7H2K
3LJEW,3LJEW
CMFT3,CMFT3
9DTML,9DTML
CH4LW,CH4LW
YDR7N,YDR7N
297PQ,297PQ
LFRQP,LFRQP
C6RE0,C6RE0
Z4XRX,Z4XRX
HDWZ4,HDWZ4
QZFQ7,QZFQ7
WML03,WML03
81GZZ,81GZZ
08QRK,08QRK
UZ0E4,UZ0E4
13L13,13L13
3KOQA,3KOQA
WNOCR,WNOCR
F9MCF,F9MCF
4HO71,4HO71
6837J,6837J
IXDIY,IXDIY
72AXD,72AXD
YM4YS,YM4YS
J9JLQ,J9JLQ
W9ID6,W9ID6
31WJO,31WJO
G7FP5,G7FP5
V3H7N,V3H7N
WSEIJ,WSEIJ
4GOLT,4GOLT
42PG5,42PG5
JQKIH,JQKIH
W2YAU,W2YAU
LPXS8,LPXS8
E3PYF,E3PYF
DSUU1,DSUU1
LBF3X,LBF3X
3VQZF,3VQZF
ZG5T1,ZG5T1
UKMIP,UKMIP
COO5C,COO5C
ERBIL,ERBIL
GJY5V,GJY5V
CZKK8,CZKK8
4KPS3,4KPS3
GCZHY,GCZHY
UP1PD,UP1PD
UPRUA,UPRUA
7DA67,7DA67
SM5VI,SM5VI
T6CP9,T6CP9
QSJQ3,QSJQ3
9RZWI,9RZWI
QPS3T,QPS3T
ZKCKD,ZKCKD
N56ZS,N56ZS
VS574,VS574
CBE24,CBE24
REGUK,REGUK
P690Q,P690Q
MQ37X,MQ37X
20862,20862
CG7WY,CG7WY
E91J6,E91J6
AO49Y,AO49Y
J6YEH,J6YEH
5MQTL,5MQTL
E9I8I,E9I8I
H7SJQ,H7SJQ
UMEXF,UMEXF
M6FS4,M6FS4
QW8K6,QW8K6
U05EH,U05EH
3QDKD,3QDKD
Y0AK0,Y0AK0
EPX3U,EPX3U
94MP4,94MP4
TQ8S7,TQ8S7
SD6IF,SD6IF
O2LU3,O2LU3
AH492,AH492
0M5LW,0M5LW
ICGFG,ICGFG
1PASP,1PASP
VHCD6,VHCD6
4JF60,4JF60
7TCHO,7TCHO
1KEF8,1KEF8
AL1OJ,AL1OJ
KAYL8,KAYL8
B39OV,B39OV
2NZ8Y,2NZ8Y
NUSHW,NUSHW
CXQGS,CXQGS
A6E66,A6E66
D9OH2,D9OH2
IKBO6,IKBO6
3PU1Q,3PU1Q
2JW89,2JW89
RGTJL,RGTJL
SHVNA,SHVNA
BDIEP,BDIEP
I3EVO,I3EVO
X46ZL,X46ZL
SSCVJ,SSCVJ
G468B,G468B
H1IWK,H1IWK
TXV8S,TXV8S
4MW2J,4MW2J
WJH1Z,WJH1Z
NX6DW,NX6DW
A5OT0,A5OT0
VL9FW,VL9FW
4D9NB,4D9NB
GC1JN,GC1JN
U3MGI,U3MGI
S29ZT,S29ZT
Q0IW1,Q0IW1
N2J67,N2J67
OW6J9,OW6J9
XX5G9,XX5G9
Y4XMO,Y4XMO
A80VI,A80VI
MAVY9,MAVY9
5V9GK,5V9GK
Z6LHJ,Z6LHJ
2L1QJ,2L1QJ
ZL3K4,ZL3K4
LBR84,LBR84
2WAW7,2WAW7
XI06I,XI06I
JOC30,JOC30
M8ZOI,M8ZOI
LY98Q,LY98Q
EAHRQ,EAHRQ
ZK39D,ZK39D
FOGW3,FOGW3
YEYJ4,YEYJ4
QL4C4,QL4C4
NIRZX,NIRZX
JFWFR,JFWFR
A0DUL,A0DUL
UD79N,UD79N
HG5MD,HG5MD
U096C,U096C
OIDU7,OIDU7
XC6EQ,XC6EQ
PTGRI,PTGRI
OJ8EE,OJ8EE
TYIH8,TYIH8
YJZPU,YJZPU
PIX36,PIX36
T6S7X,T6S7X
SJ2DW,SJ2DW
C9CA8,C9CA8
5STLK,5STLK
SZ9A3,SZ9A3
A1WID,A1WID
9YYI0,9YYI0
N9Y7T,N9Y7T
Z5THH,Z5THH
7NKBZ,7NKBZ
KD496,KD496
OG3MR,OG3MR
1AEUU,1AEUU
P6ZBY,P6ZBY
NHCRM,NHCRM
WGVHE,WGVHE
J9HVA,J9HVA
7ZIUG,7ZIUG
19SZO,19SZO
THZPY,THZPY
HAL7P,HAL7P
0VYCM,0VYCM
MD0E4,MD0E4
GUQMR,GUQMR
DLZZT,DLZZT
5DNNV,5DNNV
6YKIB,6YKIB
TOZQ0,TOZQ0
EEN7L,EEN7L
I8OQ8,I8OQ8
59D6C,59D6C
WD4OO,WD4OO
JSIKA,JSIKA
HPMQE,HPMQE
KQ92P,KQ92P
4B3BK,4B3BK
EOPB4,EOPB4
I765V,I765V
YSEAI,YSEAI
V4P6R,V4P6R
X8HI5,X8HI5
WP70G,WP70G
B6Y81,B6Y81
YHWDY,YHWDY
4HPOM,4HPOM
BE8Z8,BE8Z8
FSHWR,FSHWR
EOKUL,EOKUL
5FIBH,5FIBH
ATRU0,ATRU0
RVSBI,RVSBI
14LZL,14LZL
U6VAG,U6VAG
QRLYQ,QRLYQ
JLTRP,JLTRP
5T2T4,5T2T4
FPFTQ,FPFTQ
HZWN4,HZWN4
4URFI,4URFI
4V1OO,4V1OO
RS8RN,RS8RN
K0CHT,K0CHT
O475O,O475O
ZVVUD,ZVVUD
XLTOG,XLTOG
VE24O,VE24O
BRKPS,BRKPS
U884G,U884G
H4CL9,H4CL9
H6WN2,H6WN2
OGTQN,OGTQN
2OWQW,2OWQW
GZID5,GZID5
D8MNH,D8MNH
F294K,F294K
O9OCX,O9OCX
3BZ1Z,3BZ1Z
1UMD9,1UMD9
POAWU,POAWU
5QQJZ,5QQJZ
T3NCQ,T3NCQ
95OU4,95OU4
7V31N,7V31N
ET2Z8,ET2Z8
45IT1,45IT1
8CVB7,8CVB7
DZS91,DZS91
4KLOL,4KLOL
HX7Y1,HX7Y1
SL5ZJ,SL5ZJ
U4Z1N,U4Z1N
UFOEQ,UFOEQ
H3DMC,H3DMC
30S77,30S77
1KZCU,1KZCU
DQ02X,DQ02X
BQOO0,BQOO0
XKWMV,XKWMV
03SH6,03SH6
92VKZ,92VKZ
8KK05,8KK05
Q6P49,Q6P49
EDIGK,EDIGK
14FX9,14FX9
JDGX4,JDGX4
6MF15,6MF15
C2TQN,C2TQN
SHCK5,SHCK5
FVQ5S,FVQ5S
6SNUZ,6SNUZ
0LZKX,0LZKX
I6KOV,I6KOV
KHN88,KHN88
DRIUG,DRIUG
5J7UO,5J7UO
MDGTG,MDGTG
R1IIG,R1IIG
9GQC3,9GQC3
ODLJI,ODLJI
MIDJV,MIDJV
4AFC8,4AFC8
WEF3H,WEF3H
PLE2G,PLE2G
SUZSJ,SUZSJ
H49OB,H49OB
XEJ6K,XEJ6K
YJZXT,YJZXT
2KPD0,2KPD0
SFLVE,SFLVE
S6XF4,S6XF4
M8PSG,M8PSG
08ZQS,08ZQS
D3KFU,D3KFU
XA2UO,XA2UO
U0QL9,U0QL9
HU8I7,HU8I7
ZBOVB,ZBOVB
1E45T,1E45T
HO25M,HO25M
LR6H0,LR6H0
FIUQJ,FIUQJ
PTS2J,PTS2J
IMVD4,IMVD4
O5FAB,O5FAB
HI886,HI886
LUQRE,LUQRE
3Y3IC,3Y3IC
X1EHT,X1EHT
TOEK8,TOEK8
RQW2G,RQW2G
KQAZO,KQAZO
5MA5V,5MA5V
OL37C,OL37C
Z4LUZ,Z4LUZ
V98OK,V98OK
ST9NP,ST9NP
0YF9J,0YF9J
IUX20,IUX20
LRB5T,LRB5T
61LA6,61LA6
5QQ3Q,5QQ3Q
F99VA,F99VA
4CWO9,4CWO9
VPNNG,VPNNG
LOGKQ,LOGKQ
7LCLV,7LCLV
SRNH8,SRNH8
P6858,P6858
VUN2O,VUN2O
DSID4,DSID4
DT9H3,DT9H3
1M6IC,1M6IC
CWVEG,CWVEG
1NRGW,1NRGW
F2TOX,F2TOX
K83XN,K83XN
RTG7G,RTG7G
OTYBO,OTYBO
THO5X,THO5X
EI8KK,EI8KK
V210G,V210G
SZ1QK,SZ1QK
SBFYR,SBFYR
IWWJ5,IWWJ5
O3OT6,O3OT6
KVOJ3,KVOJ3
LY2J1,LY2J1
4Z2YT,4Z2YT
0SUU7,0SUU7
XAY7B,XAY7B
4U46S,4U46S
XTAZI,XTAZI
9V9HJ,9V9HJ
QYDFK,QYDFK
VEQJ0,VEQJ0
XOYFJ,XOYFJ
SPQEX,SPQEX
UG31U,UG31U
OIYW4,OIYW4
F34H6,F34H6
WACGC,WACGC
4K9ZK,4K9ZK
Q2LTA,Q2LTA
3WC6D,3WC6D
OQ6AK,OQ6AK
0BM8O,0BM8O
RNJVY,RNJVY
PQG39,PQG39
576TX,576TX
7H560,7H560
8TIUN,8TIUN
5SPVK,5SPVK
KLUMO,KLUMO
BTSD2,BTSD2
4VL8N,4VL8N
7YDFN,7YDFN
FQ2OL,FQ2OL
AF4FV,AF4FV
GXJNN,GXJNN
ZEE9F,ZEE9F
YLUZR,YLUZR
MU0NL,MU0NL
1OJ3I,1OJ3I
4XYA0,4XYA0
2KJCT,2KJCT
C0ZPY,C0ZPY
A3W7U,A3W7U
N2YGW,N2YGW
E1KNJ,E1KNJ
8L481,8L481
EVGCE,EVGCE
J7MHN,J7MHN
87VAA,87VAA
TIITR,TIITR
A281X,A281X
IY361,IY361
H45QA,H45QA
IAT79,IAT79
R96OH,R96OH
B3IZ6,B3IZ6
UTUDT,UTUDT
19SO7,19SO7
ZCQ2B,ZCQ2B
T7QN0,T7QN0
LT60S,LT60S
MUKG4,MUKG4
69YVD,69YVD
UQ5P3,UQ5P3
UUT3N,UUT3N
KSAUQ,KSAUQ
V7T13,V7T13
B5QEN,B5QEN
1CTT0,1CTT0
0OAOJ,0OAOJ
FVSVH,FVSVH
V8XDD,V8XDD
PQZYJ,PQZYJ
RJ4DP,RJ4DP
M2UQL,M2UQL
JXUHG,JXUHG
4C7ZP,4C7ZP
5YQW5,5YQW5
GWJ1R,GWJ1R
R8T8U,R8T8U
L9INU,L9INU
IV1KO,IV1KO
2LH8F,2LH8F
GOVG7,GOVG7
XXP2F,XXP2F
VHDY9,VHDY9
U5DBQ,U5DBQ
MO9NH,MO9NH
YBT3D,YBT3D
9Z1BY,9Z1BY
H3HWP,H3HWP
DLAQR,DLAQR
57VZQ,57VZQ
3L1F1,3L1F1
NYJ5M,NYJ5M
8RM4W,8RM4W
79SM6,79SM6
ZWJ0C,ZWJ0C
ZUSTW,ZUSTW
8OWT4,8OWT4
XJM2E,XJM2E
WNVL8,WNVL8
5VZ9R,5VZ9R
03MPP,03MPP
JCTCR,JCTCR
OJWVS,OJWVS
6V7WJ,6V7WJ
KR4XB,KR4XB
G97FY,G97FY
NA354,NA354
SIM29,SIM29
MU9RK,MU9RK
JACVY,JACVY
VR29Q,VR29Q
T26QW,T26QW
X40SC,X40SC
LOJZW,LOJZW
IPU4Z,IPU4Z
C8HAQ,C8HAQ
N1YGI,N1YGI
BWAKJ,BWAKJ
ORIFO,ORIFO
4CJGH,4CJGH
CM3GC,CM3GC
PPCPQ,PPCPQ
DPK1Q,DPK1Q
9DHWF,9DHWF
D0252,D0252
7S5QO,7S5QO
K45XU,K45XU
J4Q43,J4Q43
T7BM9,T7BM9
4Z7BR,4Z7BR
79P84,79P84
3XK7K,3XK7K
LQ09W,LQ09W
RBNHI,RBNHI
4J29I,4J29I
P9K04,P9K04
VBKPS,VBKPS
A146X,A146X
645XB,645XB
8CW6S,8CW6S
J9P3A,J9P3A
UFDXX,UFDXX
SSUM0,SSUM0
1VP8Z,1VP8Z
GYYX0,GYYX0
IFNFG,IFNFG
USZXN,USZXN
SPOJZ,SPOJZ
XYNF9,XYNF9
VPZK5,VPZK5
GU7J0,GU7J0
5PXG9,5PXG9
28OZW,28OZW
OFEG7,OFEG7
FXXLK,FXXLK
6AA0J,6AA0J
YZA69,YZA69
9VKNN,9VKNN
EAABE,EAABE
4RQQR,4RQQR
9PAWT,9PAWT
PL94S,PL94S
TLVCJ,TLVCJ
W5LJT,W5LJT
A389L,A389L
P1L16,P1L16
N8VBU,N8VBU
VDD6Q,VDD6Q
8MEXV,8MEXV
TVIGR,TVIGR
TMFBP,TMFBP
QKQBG,QKQBG
V1JWF,V1JWF
KRT99,KRT99
B5RWH,B5RWH
6EVD6,6EVD6
FB8Y4,FB8Y4
F64QD,F64QD
EJ9GE,EJ9GE
R1ORC,R1ORC
7DWCZ,7DWCZ
EADZD,EADZD
V8P0V,V8P0V
ETTL2,ETTL2
J9SKW,J9SKW
I8XUF,I8XUF
8HQGN,8HQGN
MYEPJ,MYEPJ
SKTFG,SKTFG
WKQUH,WKQUH
UR1JJ,UR1JJ
4ATT9,4ATT9
CQ60Q,CQ60Q
7XBKI,7XBKI
LF5SQ,LF5SQ
YEKI5,YEKI5
V7SC8,V7SC8
6WZI7,6WZI7
VBSAB,VBSAB
XSH04,XSH04
NQGKN,NQGKN
ZRH7D,ZRH7D
W3NFJ,W3NFJ
BO4RT,BO4RT
67O4Z,67O4Z
GTDKO,GTDKO
BWRGQ,BWRGQ
TJ9N0,TJ9N0
9NBL2,9NBL2
7MFWD,7MFWD
D7A6S,D7A6S
YBXOD,YBXOD
JS3P6,JS3P6
VCL26,VCL26
IJD9Z,IJD9Z
WMVSJ,WMVSJ
PQU16,PQU16
6LMR2,6LMR2
9S4KC,9S4KC
YKFZG,YKFZG
ZR5TI,ZR5TI
N453V,N453V
U1DSG,U1DSG
ZMZZ1,ZMZZ1
UYBKP,UYBKP
JM6AZ,JM6AZ
UTV9L,UTV9L
0UM5Z,0UM5Z
2S1UM,2S1UM
5Y1DD,5Y1DD
228VU,228VU
106FX,106FX
ELMKL,ELMKL
TKQK6,TKQK6
R3LC4,R3LC4
PL17K,PL17K
PXFXK,PXFXK
N3FK5,N3FK5
TVIYV,TVIYV
JQSVX,JQSVX
UTZLQ,UTZLQ
8MINM,8MINM
9FHGY,9FHGY
2KU9N,2KU9N
5XFPN,5XFPN
GOC9C,GOC9C
XTJW6,XTJW6
DD5JN,DD5JN
AOL85,AOL85
QX672,QX672
SKEYJ,SKEYJ
4XOV4,4XOV4
JIXSB,JIXSB
Q6EUD,Q6EUD
4SVSH,4SVSH
IGXRB,IGXRB
4A0HI,4A0HI
BHIG8,BHIG8
T4GEL,T4GEL
JRML4,JRML4
7OZAY,7OZAY
YP26G,YP26G
49GRK,49GRK
1C0FB,1C0FB
983IU,983IU
IR80U,IR80U
H00CK,H00CK
AU68Z,AU68Z
D1RZN,D1RZN
ZW5HO,ZW5HO
1XHGL,1XHGL
D55W2,D55W2
80IFT,80IFT
2CLBI,2CLBI
Q24FD,Q24FD
9N6UR,9N6UR
MQW97,MQW97
ETDY3,ETDY3
RKWWX,RKWWX
R7OGD,R7OGD
SWQEK,SWQEK
NB7M4,NB7M4
D3F00,D3F00
A3GNL,A3GNL
YUKAQ,YUKAQ
GREAZ,GREAZ
UQWSW,UQWSW
QJ0RR,QJ0RR
X6Z2H,X6Z2H
EROX7,EROX7
8SDU0,8SDU0
N0BY1,N0BY1
AOSCZ,AOSCZ
JMZHQ,JMZHQ
W46N8,W46N8
950QW,950QW
ID81L,ID81L
K3RJY,K3RJY
Z4KQZ,Z4KQZ
MO7NL,MO7NL
HRDHY,HRDHY
RBVXG,RBVXG
5VON6,5VON6
ZWFGX,ZWFGX
1BLK7,1BLK7
S3Q6M,S3Q6M
HEC7J,HEC7J
X3DB8,X3DB8
P6W1I,P6W1I
0W877,0W877
WCS54,WCS54
TME75,TME75
DWA8X,DWA8X
5HHLZ,5HHLZ
UVBUY,UVBUY
XL9BC,XL9BC
23V1I,23V1I
X6FDF,X6FDF
HKL06,HKL06
KRFZP,KRFZP
1N1ZC,1N1ZC
22D6Y,22D6Y
EXGBM,EXGBM
HAHIT,HAHIT
RVAAV,RVAAV
OY951,OY951
QEQ2O,QEQ2O
7T88P,7T88P
65MWO,65MWO
D02DR,D02DR
BVTOM,BVTOM
ABJFB,ABJFB
XMHCO,XMHCO
92VAX,92VAX
4SHWV,4SHWV
SS87C,SS87C
AY6XO,AY6XO
1GWC5,1GWC5
GH6I8,GH6I8
TQD8N,TQD8N
CGRCM,CGRCM
76XHL,76XHL
M7QRX,M7QRX
EG9SW,EG9SW
OZ0C7,OZ0C7
SWXH5,SWXH5
0NG6D,0NG6D
6H6OQ,6H6OQ
E29RP,E29RP
NPPCK,NPPCK
GXSEI,GXSEI
ATZSY,ATZSY
G47FZ,G47FZ
RDZXZ,RDZXZ
JM7A6,JM7A6
EJ9MG,EJ9MG
DAFEB,DAFEB
1TQ1G,1TQ1G
P2I9M,P2I9M
55ED8,55ED8
N7XG3,N7XG3
XAEBG,XAEBG
3YRYG,3YRYG
OB8HG,OB8HG
W1EF2,W1EF2
ME10E,ME10E
7FFAS,7FFAS
F6TFY,F6TFY
5DSV3,5DSV3
E9UJ4,E9UJ4
H2EBJ,H2EBJ
HJ53X,HJ53X
I2OQF,I2OQF
FPRBJ,FPRBJ
4L9EI,4L9EI
3TX6X,3TX6X
VWICW,VWICW
BVIV1,BVIV1
T2QAV,T2QAV
8L1Q7,8L1Q7
MZP3M,MZP3M
HPOZW,HPOZW
DODXR,DODXR
WAIY3,WAIY3
M112D,M112D
9PPHJ,9PPHJ
UOHBX,UOHBX
LO425,LO425
SU6WR,SU6WR
BM2HD,BM2HD
9YL7P,9YL7P
LG3GJ,LG3GJ
A0V2P,A0V2P
KH3A8,KH3A8
EWIYX,EWIYX
XMNIY,XMNIY
VOPB4,VOPB4
9GB8Z,9GB8Z
DOO59,DOO59
NYAXX,NYAXX
AX40O,AX40O
IEPDI,IEPDI
KH3PS,KH3PS
J6C6H,J6C6H
6Y77Q,6Y77Q
DL1I6,DL1I6
HP67E,HP67E
GKAFQ,GKAFQ
ZM2S6,ZM2S6
G9J99,G9J99
EDDDA,EDDDA
84Q3K,84Q3K
FKR7H,FKR7H
E1FZW,E1FZW
KB6PD,KB6PD
U1INY,U1INY
ZA0JT,ZA0JT
SLFI5,SLFI5
VZF40,VZF40
5J1JA,5J1JA
XP1EC,XP1EC
XQSSK,XQSSK
A62TE,A62TE
7G7ON,7G7ON
ZAV0B,ZAV0B
C6F6A,C6F6A
YCSTD,YCSTD
RHOIW,RHOIW
DTGND,DTGND
T48I5,T48I5
F19I6,F19I6
U24GC,U24GC
L3JTR,L3JTR
N9EJ5,N9EJ5
725ET,725ET
M4O8U,M4O8U
6LEGX,6LEGX
5ROZ3,5ROZ3
TKDVY,TKDVY
SO309,SO309
T3OWL,T3OWL
Y5EH9,Y5EH9
UDDQ8,UDDQ8
4R7BU,4R7BU
LCVYX,LCVYX
16NHG,16NHG
T9PFI,T9PFI
77YYP,77YYP
0DQIJ,0DQIJ
NPL06,NPL06
IBHEZ,IBHEZ
0KRBG,0KRBG
0ZSFM,0ZSFM
B4R7H,B4R7H
SXDAG,SXDAG
FLOK4,FLOK4
KNVE3,KNVE3
9AG4W,9AG4W
4LN25,4LN25
KYS5D,KYS5D
2PGH5,2PGH5
JZ1NJ,JZ1NJ
5CXKH,5CXKH
32XZ9,32XZ9
I5COB,I5COB
ZSAY1,ZSAY1
2QQZB,2QQZB
A4QMH,A4QMH
TN2V9,TN2V9
JXWRI,JXWRI
QF1X4,QF1X4
4G17G,4G17G
XZUHC,XZUHC
YRFFM,YRFFM
I8FGF,I8FGF
THJJ7,THJJ7
YKCJM,YKCJM
MRJHE,MRJHE
5QEAY,5QEAY
DL5DR,DL5DR
E3IOL,E3IOL
FXZGU,FXZGU
87O5O,87O5O
JQSFX,JQSFX
Y8U9L,Y8U9L
V4DR6,V4DR6
GP4QB,GP4QB
S6INC,S6INC
NGIFD,NGIFD
5RIHQ,5RIHQ
8IMDP,8IMDP
ZNYHX,ZNYHX
A6RSL,A6RSL
DEC6X,DEC6X
TA9W0,TA9W0
PT1XP,PT1XP
4F1EK,4F1EK
BRZPE,BRZPE
GAEOA,GAEOA
X1MBW,X1MBW
6YLK2,6YLK2
WHALG,WHALG
1EBPO,1EBPO
GYIKO,GYIKO
NPTD1,NPTD1
I1WQ6,I1WQ6
UQJXY,UQJXY
A7VY4,A7VY4
0WU1I,0WU1I
X2NE1,X2NE1
0UG0N,0UG0N
QQSO0,QQSO0
784N2,784N2
G2DJV,G2DJV
BCI58,BCI58
YA2X2,YA2X2
T6V2Q,T6V2Q
2O0UA,2O0UA
37CPP,37CPP
FWU2X,FWU2X
XPOLY,XPOLY
94JKH,94JKH
XF48O,XF48O
9S8ZM,9S8ZM
654KS,654KS
ZPG1C,ZPG1C
KCXV7,KCXV7
PUVWJ,PUVWJ
670H9,670H9
WMVPV,WMVPV
7TNT3,7TNT3
H37H9,H37H9
ABKJ1,ABKJ1
QP7OX,QP7OX
ETV0M,ETV0M
LWSKS,LWSKS
01B5L,01B5L
RGD3R,RGD3R
QEHJZ,QEHJZ
OLKZF,OLKZF
377W5,377W5
WWJ2L,WWJ2L
4QV05,4QV05
WRJH0,WRJH0
MHICE,MHICE
RQ4SO,RQ4SO
7POP5,7POP5
TRUL8,TRUL8
DTDT7,DTDT7
QG14E,QG14E
U6NZL,U6NZL
8JZ5Z,8JZ5Z
YK5YC,YK5YC
RB2VQ,RB2VQ
M7EP1,M7EP1
YMJY9,YMJY9
CVXGG,CVXGG
XAYOB,XAYOB
ID825,ID825
9USCG,9USCG
4GK31,4GK31
0RCRA,0RCRA
N2VMD,N2VMD
JV0XO,JV0XO
DORGV,DORGV
M3B0C,M3B0C
79688,79688
NLBDV,NLBDV
HKBRK,HKBRK
B4NXG,B4NXG
4F3F0,4F3F0
0NUVR,0NUVR
GPRVE,GPRVE
00RXW,00RXW
IJED3,IJED3
QLQWS,QLQWS
CE546,CE546
97L0B,97L0B
ZZF77,ZZF77
R6ZIR,R6ZIR
QW324,QW324
QI2BL,QI2BL
5M13O,5M13O
5XQCI,5XQCI
79J3Z,79J3Z
EN4CJ,EN4CJ
63OPW,63OPW
PFO9N,PFO9N
PA8UJ,PA8UJ
SR6G2,SR6G2
0UTWM,0UTWM
HEHCX,HEHCX
XCAGK,XCAGK
ZTBEF,ZTBEF
J2T0U,J2T0U
N75PL,N75PL
7ZQXM,7ZQXM
BU98F,BU98F
FI287,FI287
JE0SO,JE0SO
YZER2,YZER2
EG2EE,EG2EE
E1J5W,E1J5W
685PH,685PH
KA3WP,KA3WP
V1IYD,V1IYD
K7TE1,K7TE1
RY0VG,RY0VG
SOTAH,SOTAH
KAT09,KAT09
KX1AV,KX1AV
33TVB,33TVB
D5BJ5,D5BJ5
9PWOG,9PWOG
PCKQP,PCKQP
EBKQX,EBKQX
Z3J73,Z3J73
P3WUV,P3WUV
OBCMY,OBCMY
FEQSX,FEQSX
UVVPX,UVVPX
SPKW4,SPKW4
92JTA,92JTA
WN37O,WN37O
IB8X1,IB8X1
GHIBS,GHIBS
0XT0W,0XT0W
KGAHP,KGAHP
CJY4V,CJY4V
8T3TV,8T3TV
K8A70,K8A70
RA0QV,RA0QV
9N76D,9N76D
R682I,R682I
E55J9,E55J9
I2IAG,I2IAG
2BLVU,2BLVU
5IA1M,5IA1M
EZR81,EZR81
Y7PDW,Y7PDW
PDA52,PDA52
GZE30,GZE30
1ACO8,1ACO8
4Y7RD,4Y7RD
5P2EK,5P2EK
VPM6D,VPM6D
X2FOU,X2FOU
K2CRO,K2CRO
OPAAQ,OPAAQ
SHWCB,SHWCB
RUH0N,RUH0N
L40G9,L40G9
SVKTW,SVKTW
4QRU6,4QRU6
94CSP,94CSP
01OIQ,01OIQ
XLKL1,XLKL1
C1KVF,C1KVF
IO8JC,IO8JC
2WZMG,2WZMG
QX2LB,QX2LB
9OPSY,9OPSY
AQUQ5,AQUQ5
MXBEJ,MXBEJ
WUEVU,WUEVU
XCZTX,XCZTX
67NLN,67NLN
5MWR7,5MWR7
QTCSG,QTCSG
9P4WL,9P4WL
FLG73,FLG73
ECYAH,ECYAH
BKYC6,BKYC6
6CQOV,6CQOV
9EF66,9EF66
2R8FX,2R8FX
3J5JL,3J5JL
SE3ZF,SE3ZF
NJ5G5,NJ5G5
OOLDF,OOLDF
BICF7,BICF7
DQ9NX,DQ9NX
2RX64,2RX64
CC98Q,CC98Q
8JVDA,8JVDA
P7GKP,P7GKP
ZX0E0,ZX0E0
SITRF,SITRF
YMB6E,YMB6E
XCQL0,XCQL0
ETQI2,ETQI2
JSUMU,JSUMU
BL8EM,BL8EM
GRANN,GRANN
28TDN,28TDN
L82S0,L82S0
SPS5X,SPS5X
3DWHE,3DWHE
7I71N,7I71N
LF6JE,LF6JE
Z2EXU,Z2EXU
18B98,18B98
K7VN4,K7VN4
PQ3IY,PQ3IY
R1P6I,R1P6I
6IIDV,6IIDV
XQZT8,XQZT8
4KX7O,4KX7O
II1SD,II1SD
8PVZM,8PVZM
8FVS1,8FVS1
OOETZ,OOETZ
NXAYY,NXAYY
BKYZ1,BKYZ1
VGX2M,VGX2M
W03HT,W03HT
0GZO0,0GZO0
KMFRL,KMFRL
030WN,030WN
CJMBT,CJMBT
HE2HJ,HE2HJ
JJMUZ,JJMUZ
OJCBD,OJCBD
PDP97,PDP97
PVDYQ,PVDYQ
D7KBS,D7KBS
LNC5N,LNC5N
9D2Y2,9D2Y2
UUF9P,UUF9P
OHAJM,OHAJM
4XCKP,4XCKP
ED8IR,ED8IR
678HC,678HC
C4MPD,C4MPD
TSI0U,TSI0U
IRXCS,IRXCS
3FQHE,3FQHE
US0OG,US0OG
ZFXOF,ZFXOF
7PF55,7PF55
WINJP,WINJP
IREUR,IREUR
YWCYO,YWCYO
O3L3E,O3L3E
FL715,FL715
W0MFO,W0MFO
3WTV9,3WTV9
EAWJ4,EAWJ4
1BVVE,1BVVE
6JJCC,6JJCC
HJIDP,HJIDP
WO8XH,WO8XH
SS94J,SS94J
3YE89,3YE89
PNUIW,PNUIW
EGNRI,EGNRI
VZEWZ,VZEWZ
0JXK4,0JXK4
PKRMD,PKRMD
G1YD3,G1YD3
1KMD5,1KMD5
2OEU5,2OEU5
2B3X1,2B3X1
H1VW0,H1VW0
01KVI,01KVI
RM1X2,RM1X2
PSUUD,PSUUD
MD6AR,MD6AR
S7FZZ,S7FZZ
PUWP0,PUWP0
O099N,O099N
DV5YX,DV5YX
I3BGT,I3BGT
DSGQ2,DSGQ2
X85HB,X85HB
TCV3Q,TCV3Q
P36OO,P36OO
7UGXD,7UGXD
YCZJ4,YCZJ4
E0QT5,E0QT5
69O80,69O80
ZGEXB,ZGEXB
5S6SJ,5S6SJ
JZOJ6,JZOJ6
U5VOV,U5VOV
PNENL,PNENL
LJJLV,LJJLV
MKLL6,MKLL6
M8DJI,M8DJI
0KIAK,0KIAK
OGE4V,OGE4V
V52YT,V52YT
QD9PV,QD9PV
IY99N,IY99N
9XR2N,9XR2N
FHMV3,FHMV3
T7N8S,T7N8S
64LTR,64LTR
H84UU,H84UU
16WMR,16WMR
O2CO8,O2CO8
4IC9S,4IC9S
T0S7S,T0S7S
A1JKF,A1JKF
5492O,5492O
I9Y70,I9Y70
VIPGF,VIPGF
X6QII,X6QII
PNXHY,PNXHY
E6DFC,E6DFC
K72VM,K72VM
ABP3I,ABP3I
YEQBR,YEQBR
V9ZXP,V9ZXP
ZBD9B,ZBD9B
EZ938,EZ938
1USY8,1USY8
E4XMS,E4XMS
QU0BO,QU0BO
KRXY5,KRXY5
8TI9M,8TI9M
O2CCG,O2CCG
Y0V4O,Y0V4O
JWWYA,JWWYA
NJG5G,NJG5G
ZE28P,ZE28P
5WBWR,5WBWR
HA4RI,HA4RI
PNFJ3,PNFJ3
WQT1R,WQT1R
DKLRT,DKLRT
Q2FJ2,Q2FJ2
B1WM2,B1WM2
4Q8GU,4Q8GU
0DLIS,0DLIS
87DK9,87DK9
6OOJJ,6OOJJ
W4A1L,W4A1L
X6E12,X6E12
OS5FI,OS5FI
PSX8N,PSX8N
2XBID,2XBID
QAH9K,QAH9K
TZV51,TZV51
8JY2E,8JY2E
1NJRV,1NJRV
G916X,G916X
T5KP1,T5KP1
HS1WA,HS1WA
TMARD,TMARD
P5T54,P5T54
M7XTR,M7XTR
0GLZ4,0GLZ4
ISGO9,ISGO9
HG8W9,HG8W9
862NC,862NC
RZ11A,RZ11A
5JHE1,5JHE1
BAOVT,BAOVT
98A2S,98A2S
MQX73,MQX73
5L543,5L543
754UG,754UG
EHLG3,EHLG3
14FX7,14FX7
DYYBQ,DYYBQ
SQ8F8,SQ8F8
4PUTT,4PUTT
3IFMU,3IFMU
2UJRF,2UJRF
7GR4C,7GR4C
3RH40,3RH40
A9ATL,A9ATL
6N57O,6N57O
L770S,L770S
Q9CL5,Q9CL5
RDZXL,RDZXL
SH2X8,SH2X8
6439J,6439J
6ZI1E,6ZI1E
EP34P,EP34P
Y9TL0,Y9TL0
SG6ZJ,SG6ZJ
OYNN6,OYNN6
AZ1CJ,AZ1CJ
8C7HF,8C7HF
QDJ4Q,QDJ4Q
7LIFZ,7LIFZ
O9RQM,O9RQM
X92AB,X92AB
CDLMK,CDLMK
39VWP,39VWP
IWVD9,IWVD9
SXVFR,SXVFR
QFFN5,QFFN5
3SALN,3SALN
FSWWK,FSWWK
C7K0E,C7K0E
CT4U5,CT4U5
LJOWG,LJOWG
9MHF6,9MHF6
KQNKX,KQNKX
RQW6W,RQW6W
9X6CE,9X6CE
1CFR3,1CFR3
TBOA7,TBOA7
PYM96,PYM96
GE4NU,GE4NU
XQC8D,XQC8D
5Z4K4,5Z4K4
125ZY,125ZY
3I34X,3I34X
ARC4E,ARC4E
PL2TE,PL2TE
3FSN9,3FSN9
M6S8H,M6S8H
T29MP,T29MP
0K89I,0K89I
QLOVT,QLOVT
A0Z22,A0Z22
E92Q4,E92Q4
0J7V1,0J7V1
DF9PZ,DF9PZ
FKT3E,FKT3E
MNMEO,MNMEO
KLE0P,KLE0P
SZ7PF,SZ7PF
J0U5E,J0U5E
RC9J9,RC9J9
4J1D5,4J1D5
IO5NB,IO5NB
E9A15,E9A15
Z63JM,Z63JM
PWT2S,PWT2S
20P8W,20P8W
W0BKO,W0BKO
O1LPY,O1LPY
OSDB6,OSDB6
IOOA7,IOOA7
CSVT4,CSVT4
3OB1H,3OB1H
67W1D,67W1D
JJ7Z6,JJ7Z6
OFFV2,OFFV2
89CRY,89CRY
H9O3M,H9O3M
C42RB,C42RB
3NMF5,3NMF5
G34OS,G34OS
JW63P,JW63P
I0A8U,I0A8U
AHCT7,AHCT7
7DINR,7DINR
XIBPS,XIBPS
D6KCZ,D6KCZ
O224X,O224X
9QTQG,9QTQG
LSC9K,LSC9K
7LRUL,7LRUL
RQUGO,RQUGO
1VCPP,1VCPP
8PUE4,8PUE4
M2P1L,M2P1L
6MJHN,6MJHN
EKE9G,EKE9G
ZIML1,ZIML1
1S0XT,1S0XT
M00HQ,M00HQ
N9BHD,N9BHD
Y11UU,Y11UU
721JK,721JK
2DK2H,2DK2H
CQ0YT,CQ0YT
3G7JY,3G7JY
S07XZ,S07XZ
XSLKW,XSLKW
XGQG1,XGQG1
BJITM,BJITM
GDJ1M,GDJ1M
Y1NA8,Y1NA8
CLPB6,CLPB6
AGJMM,AGJMM
7BAND,7BAND
68DNE,68DNE
143H7,143H7
OH7KO,OH7KO
K2SFO,K2SFO
56EEE,56EEE
IDWA2,IDWA2
NOGTE,NOGTE
LC3QC,LC3QC
B3MKN,B3MKN
CY6II,CY6II
4ITLQ,4ITLQ
54SM4,54SM4
UTRJW,UTRJW
1DEIT,1DEIT
4R7UV,4R7UV
Q1ZKR,Q1ZKR
MPWUN,MPWUN
A3GLV,A3GLV
4EC4X,4EC4X
RDU0P,RDU0P
NPEUN,NPEUN
ALVSN,ALVSN
0I72G,0I72G
O4HS6,O4HS6
3HBWP,3HBWP
23F9C,23F9C
B15CY,B15CY
VT1O9,VT1O9
8K37G,8K37G
876M9,876M9
AA30Y,AA30Y
UI1PY,UI1PY
3I2WE,3I2WE
EUO33,EUO33
F9QY2,F9QY2
R0A5K,R0A5K
IQ8CM,IQ8CM
1F7ZB,1F7ZB
Q0QRN,Q0QRN
0M590,0M590
7Y95J,7Y95J
V9306,V9306
JQZE4,JQZE4
Z7I59,Z7I59
D7KPU,D7KPU
7DJBN,7DJBN
0PZ8W,0PZ8W
MH7Y2,MH7Y2
XXK83,XXK83
HSHKN,HSHKN
OL66F,OL66F
1OD4K,1OD4K
JZGVE,JZGVE
PGJNJ,PGJNJ
70ROL,70ROL
KNZKW,KNZKW
BZOQM,BZOQM
D1T64,D1T64
B6A6D,B6A6D
PWFNN,PWFNN
MKC6B,MKC6B
MEWVP,MEWVP
KSJ4S,KSJ4S
32MMH,32MMH
LD19S,LD19S
GXK7A,GXK7A
O3V4Y,O3V4Y
TKILQ,TKILQ
BLYEX,BLYEX
CP70Y,CP70Y
KAHAT,KAHAT
12SS8,12SS8
FUQ6N,FUQ6N
3JKQH,3JKQH
11W5L,11W5L
294QQ,294QQ
RBTVO,RBTVO
1YYWA,1YYWA
VV7HA,VV7HA
ILCKY,ILCKY
I84Q3,I84Q3
BVIK6,BVIK6
51W0R,51W0R
37JS3,37JS3
QS31C,QS31C
B5UO2,B5UO2
NFJ8Y,NFJ8Y
JFVD0,JFVD0
LVUMK,LVUMK
W6LM5,W6LM5
4M83Z,4M83Z
BZMTO,BZMTO
2770L,2770L
VJVAS,VJVAS
G9HNA,G9HNA
5QY50,5QY50
5D3CQ,5D3CQ
8OIPF,8OIPF
PV99U,PV99U
M1XGX,M1XGX
BPML2,BPML2
A620J,A620J
VL307,VL307
BSV91,BSV91
DPRYM,DPRYM
YDJU4,YDJU4
EI2UF,EI2UF
QVWT0,QVWT0
P7CD0,P7CD0
DWSSX,DWSSX
N9H5B,N9H5B
DNM8E,DNM8E
G76OA,G76OA
D60LE,D60LE
EOTBG,EOTBG
KBZY4,KBZY4
3OJPI,3OJPI
JWT25,JWT25
YKGBL,YKGBL
VAZ9T,VAZ9T
RU9AX,RU9AX
C8MXN,C8MXN
FXKZZ,FXKZZ
SSS4W,SSS4W
KA5WU,KA5WU
CNPRD,CNPRD
H5V16,H5V16
JUKR2,JUKR2
9XX0F,9XX0F
65S2A,65S2A
ZO4F6,ZO4F6
MPBLA,MPBLA
5P7OY,5P7OY
AK03P,AK03P
GCBLN,GCBLN
N1RSU,N1RSU
TBDGX,TBDGX
BI4E5,BI4E5
WZE3B,WZE3B
W7817,W7817
9NW8O,9NW8O
56102,56102
A7UYY,A7UYY
1NTO8,1NTO8
GNIG9,GNIG9
5N8FA,5N8FA
LE9JK,LE9JK
IIRAR,IIRAR
DVDXP,DVDXP
TJYNL,TJYNL
3LMLN,3LMLN
BFQ02,BFQ02
7FRJL,7FRJL
WMWIS,WMWIS
Q9QSC,Q9QSC
ZYYD2,ZYYD2
M4749,M4749
D2LP7,D2LP7
C4LSE,C4LSE
18FKD,18FKD
CNTKX,CNTKX
WB0EE,WB0EE
08XOC,08XOC
UPBLV,UPBLV
9CEIG,9CEIG
TKO3X,TKO3X
TBQOC,TBQOC
668I2,668I2
VYK4K,VYK4K
UVOH4,UVOH4
BF7XA,BF7XA
6WHEB,6WHEB
9HJ6Z,9HJ6Z
H99VB,H99VB
V69SR,V69SR
KBX6G,KBX6G
A7Y64,A7Y64
XFJL1,XFJL1
K7T9T,K7T9T
CQQZR,CQQZR
D569O,D569O
D55A7,D55A7
WZQSG,WZQSG
RHPC7,RHPC7
WTYYL,WTYYL
GFL42,GFL42
Q3IQQ,Q3IQQ
DM731,DM731
AQDYQ,AQDYQ
ZYI3D,ZYI3D
QM55O,QM55O
6UPM0,6UPM0
69LU6,69LU6
7YFP3,7YFP3
1X28I,1X28I
YLH7C,YLH7C
SJ6P9,SJ6P9
BUBLM,BUBLM
SXI12,SXI12
P2BYZ,P2BYZ
XJXXK,XJXXK
XKOXS,XKOXS
FD0M1,FD0M1
JT3AR,JT3AR
U9ZT1,U9ZT1
2WR7Y,2WR7Y
ZQ09W,ZQ09W
793RH,793RH
C75SV,C75SV
00X91,00X91
VSVGI,VSVGI
45U1B,45U1B
GACM2,GACM2
1XO59,1XO59
RI9JC,RI9JC
EP7CI,EP7CI
YZZZQ,YZZZQ
ZZK00,ZZK00
KNHNF,KNHNF
KCO3F,KCO3F
LPDXX,LPDXX
TP5Z0,TP5Z0
4YCJB,4YCJB
YU19U,YU19U
8W63M,8W63M
TLLM2,TLLM2
S4HS7,S4HS7
TMA0B,TMA0B
CO0A8,CO0A8
WMLHL,WMLHL
X4WTM,X4WTM
51MMQ,51MMQ
IE7YV,IE7YV
8KSHO,8KSHO
WS753,WS753
PDIR9,PDIR9
OO6FF,OO6FF
2PM2H,2PM2H
BE678,BE678
VGFXV,VGFXV
L2UHY,L2UHY
GBLIE,GBLIE
GMBLZ,GMBLZ
Z3205,Z3205
E6W40,E6W40
93VXI,93VXI
YXWAP,YXWAP
BHY9L,BHY9L
PN87I,PN87I
ZJB27,ZJB27
8G404,8G404
PXATY,PXATY
3TN82,3TN82
XE7PZ,XE7PZ
B9H93,B9H93
YOKOG,YOKOG
RUHGI,RUHGI
YWQR8,YWQR8
7PKLP,7PKLP
8FXFO,8FXFO
RHLOK,RHLOK
I0OVV,I0OVV
BCECQ,BCECQ
9IWBF,9IWBF
CT42V,CT42V
COFIA,COFIA
DXGLA,DXGLA
IXGXY,IXGXY
BDSS1,BDSS1
MLCJP,MLCJP
S9X8Y,S9X8Y
R87VB,R87VB
4JCUT,4JCUT
J2VPB,J2VPB
PDNNE,PDNNE
V7T55,V7T55
3PDVD,3PDVD
Y5RUC,Y5RUC
P7EZ7,P7EZ7
3G321,3G321
S6PGM,S6PGM
WO9ML,WO9ML
P6Q3L,P6Q3L
5QY9T,5QY9T
TOY5Z,TOY5Z
0FO9N,0FO9N
7YLRC,7YLRC
OQ4I0,OQ4I0
NG5TY,NG5TY
4ZS6L,4ZS6L
518M9,518M9
AK99W,AK99W
FAH1A,FAH1A
CUWV6,CUWV6
JQWWL,JQWWL
U403Q,U403Q
9WYUO,9WYUO
CAPAP,CAPAP
J2WDY,J2WDY
3ABRV,3ABRV
M2K4T,M2K4T
B9STY,B9STY
U5M0T,U5M0T
3WWPN,3WWPN
K0S2X,K0S2X
30QDJ,30QDJ
2DRLG,2DRLG
CRAD3,CRAD3
GGQIG,GGQIG
D97G9,D97G9
WH089,WH089
1NPPK,1NPPK
NOI6H,NOI6H
GK0Q2,GK0Q2
2Q1UR,2Q1UR
BH1EU,BH1EU
T23SI,T23SI
2WWEV,2WWEV
5KM1B,5KM1B
1900E,1900E
WBEB6,WBEB6
ZU071,ZU071
F3XOO,F3XOO
27QFZ,27QFZ
3UQZC,3UQZC
NNL4Q,NNL4Q
V2YZO,V2YZO
1XVBG,1XVBG
YZ672,YZ672
8BLYA,8BLYA
MMQ37,MMQ37
N9CQS,N9CQS
PEGBF,PEGBF
1W3IE,1W3IE
1LJE6,1LJE6
QPUUR,QPUUR
XRUOA,XRUOA
VCY1Y,VCY1Y
MYL8E,MYL8E
TFC8G,TFC8G
YO0F0,YO0F0
43FDB,43FDB
Y0CFL,Y0CFL
IWOA7,IWOA7
YUNCA,YUNCA
BWWU9,BWWU9
3MH5L,3MH5L
A9ZQ1,A9ZQ1
J6XR8,J6XR8
ITF2B,ITF2B
T5CKS,T5CKS
37T3B,37T3B
9YWOI,9YWOI
1YT04,1YT04
RXBUX,RXBUX
WHVHV,WHVHV
2SED6,2SED6
0FPW4,0FPW4
I3X3O,I3X3O
HZCY3,HZCY3
MV7CG,MV7CG
U0MFR,U0MFR
4MW3N,4MW3N
Y03OR,Y03OR
B84AL,B84AL
82WL0,82WL0
N5YLY,N5YLY
60YF6,60YF6
99E7C,99E7C
0X2QE,0X2QE
BP7R5,BP7R5
BM6OG,BM6OG
F6JOT,F6JOT
2E46Q,2E46Q
VPTER,VPTER
MPMWX,MPMWX
2OWQH,2OWQH
L8JMU,L8JMU
ZBHZV,ZBHZV
VBBMA,VBBMA
WJ5IM,WJ5IM
NNG5Y,NNG5Y
2JAS4,2JAS4
6H7TE,6H7TE
SX7RI,SX7RI
M0Q5N,M0Q5N
6F5CM,6F5CM
PJ26P,PJ26P
GEAAO,GEAAO
OO4A9,OO4A9
3JE5X,3JE5X
OBPB5,OBPB5
14QUM,14QUM
A66AV,A66AV
8LJ6D,8LJ6D
LI9Z0,LI9Z0
3X9IM,3X9IM
SQSVQ,SQSVQ
RG4OG,RG4OG
VPG3O,VPG3O
OLMOZ,OLMOZ
LKAYX,LKAYX
P4FU5,P4FU5
4XQLK,4XQLK
NS26H,NS26H
T9ESP,T9ESP
6GR7G,6GR7G
YLY45,YLY45
N0IWI,N0IWI
7ED6Y,7ED6Y
O3BOC,O3BOC
RVD74,RVD74
QNVR2,QNVR2
ABC8A,ABC8A
77JA2,77JA2
X9XVF,X9XVF
QUYDV,QUYDV
MS0EQ,MS0EQ
WXGIY,WXGIY
YE6NV,YE6NV
RZR6N,RZR6N
7O914,7O914
LWY1E,LWY1E
T4EXD,T4EXD
U62QG,U62QG
D5SS1,D5SS1
BDKW4,BDKW4
MAZ2L,MAZ2L
6IWJU,6IWJU
6HSJ5,6HSJ5
6II9J,6II9J
0KSI5,0KSI5
DE1JZ,DE1JZ
ZUSKU,ZUSKU
GAZJ3,GAZJ3
D71L8,D71L8
WZW6K,WZW6K
8XQL3,8XQL3
36VH1,36VH1
PFG64,PFG64
63IYO,63IYO
ODJL8,ODJL8
JNBCW,JNBCW
4UAK5,4UAK5
497WS,497WS
KY6AK,KY6AK
1R2ND,1R2ND
EQQRH,EQQRH
AS58A,AS58A
5BR2N,5BR2N
7KSCK,7KSCK
D4S3N,D4S3N
O0K0M,O0K0M
VYMCV,VYMCV
A093C,A093C
14LNI,14LNI
IKSAM,IKSAM
2X41V,2X41V
0QP91,0QP91
UYEMH,UYEMH
M3NIE,M3NIE
3VWZS,3VWZS
98HMC,98HMC
QKYC4,QKYC4
YR0EP,YR0EP
4E634,4E634
4JKFS,4JKFS
XFLZF,XFLZF
V856Y,V856Y
FYWB1,FYWB1
6L3WW,6L3WW
9IS84,9IS84
M13V7,M13V7
TUWBL,TUWBL
TA9JA,TA9JA
OR8J6,OR8J6
99D75,99D75
DWB8N,DWB8N
N46C6,N46C6
IR4YN,IR4YN
BPOBH,BPOBH
OFS7C,OFS7C
VSBUE,VSBUE
B4VN4,B4VN4
ZAKN3,ZAKN3
GTTSI,GTTSI
NE4GR,NE4GR
0C8X0,0C8X0
LEYSF,LEYSF
P2JHH,P2JHH
190B7,190B7
5NA4D,5NA4D
AJPI4,AJPI4
JB14K,JB14K
XPB7L,XPB7L
3B4TP,3B4TP
UCYD6,UCYD6
7Z15W,7Z15W
U7WFJ,U7WFJ
BQ1BL,BQ1BL
GEXDL,GEXDL
PT7ZS,PT7ZS
JB7ET,JB7ET
R4T70,R4T70
XW78Q,XW78Q
JEYQD,JEYQD
LK26P,LK26P
80NFU,80NFU
YTWUQ,YTWUQ
MONDT,MONDT
ZJX42,ZJX42
QXHX3,QXHX3
X92TT,X92TT
SZS85,SZS85
KBR5J,KBR5J
HSOIC,HSOIC
CL86Q,CL86Q
VYNIK,VYNIK
OV4M4,OV4M4
YIHY5,YIHY5
S145U,S145U
CB1HA,CB1HA
X4R2M,X4R2M
IWYGU,IWYGU
S8DOI,S8DOI
2FBTS,2FBTS
YRJCX,YRJCX
36D7R,36D7R
K1336,K1336
D8TAJ,D8TAJ
C2R1G,C2R1G
WFC35,WFC35
JZQNB,JZQNB
0012G,0012G
3XUKI,3XUKI
9T7NO,9T7NO
O63DJ,O63DJ
GMMY7,GMMY7
MPS2E,MPS2E
KF94E,KF94E
U9RZ4,U9RZ4
I2QRD,I2QRD
SARLB,SARLB
NXJW7,NXJW7
V9UTD,V9UTD
NIHOC,NIHOC
VPW3G,VPW3G
0H4Q2,0H4Q2
2F9BO,2F9BO
PO170,PO170
P7FKH,P7FKH
L24RM,L24RM
C2FWH,C2FWH
46IO0,46IO0
0K2AB,0K2AB
HLMI7,HLMI7
IYCNX,IYCNX
U2BKW,U2BKW
DLU1V,DLU1V
NNZ6Y,NNZ6Y
IEC75,IEC75
T13FQ,T13FQ
RG9A6,RG9A6
VRZ45,VRZ45
HSVBY,HSVBY
TGHBN,TGHBN
3BI62,3BI62
S6A38,S6A38
6K27K,6K27K
8NBNS,8NBNS
6XL8B,6XL8B
HRAPR,HRAPR
31L9M,31L9M
8J67F,8J67F
E64XL,E64XL
K4QP6,K4QP6
KOSTO,KOSTO
0P8KJ,0P8KJ
V669V,V669V
7XG9L,7XG9L
VXLWF,VXLWF
PQGQZ,PQGQZ
JAEX1,JAEX1
H7FK2,H7FK2
XNV9O,XNV9O
A6REI,A6REI
1RVYI,1RVYI
NE7SE,NE7SE
CTDL8,CTDL8
ZF1XA,ZF1XA
2NB33,2NB33
5921H,5921H
DG4VQ,DG4VQ
26YCT,26YCT
RZBQR,RZBQR
YANNU,YANNU
RBKA8,RBKA8
BN3O8,BN3O8
1X51I,1X51I
BGIBT,BGIBT
7A379,7A379
RDN2S,RDN2S
LIUXB,LIUXB
V85T2,V85T2
EM73D,EM73D
SUA4Q,SUA4Q
FRM78,FRM78
ECK7R,ECK7R
9D81S,9D81S
1N4P2,1N4P2
1BKG4,1BKG4
IEPPX,IEPPX
H9LBP,H9LBP
VPEXL,VPEXL
13VV1,13VV1
58F31,58F31
W5QZI,W5QZI
TTQ2M,TTQ2M
8JNXO,8JNXO
IMAKD,IMAKD
C5ZCY,C5ZCY
ZJSVG,ZJSVG
U4L7C,U4L7C
QFKR3,QFKR3
0FRK6,0FRK6
2RAZO,2RAZO
SDA83,SDA83
UFCOC,UFCOC
OOVML,OOVML
OOYNF,OOYNF
CZCKT,CZCKT
KIP4S,KIP4S
CXPRV,CXPRV
KVCOI,KVCOI
6EU7W,6EU7W
P5ZKE,P5ZKE
ILF7M,ILF7M
ECRIT,ECRIT
O1B8K,O1B8K
RKJ7K,RKJ7K
INWXE,INWXE
95IZ9,95IZ9
YD48R,YD48R
D6CVG,D6CVG
WBXYN,WBXYN
OO41A,OO41A
O2E8B,O2E8B
DBOP8,DBOP8
OESVQ,OESVQ
BQBT6,BQBT6
T83DW,T83DW
BB9O2,BB9O2
E6XN3,E6XN3
HGYAY,HGYAY
V5H0B,V5H0B
WDBRU,WDBRU
W60CS,W60CS
C9AAQ,C9AAQ
KSKIN,KSKIN
BR99W,BR99W
4527I,4527I
K2MZF,K2MZF
S7JZ9,S7JZ9
PDX7E,PDX7E
3C1SX,3C1SX
1SQW8,1SQW8
Y4DHZ,Y4DHZ
KSELK,KSELK
Q1YUQ,Q1YUQ
F6VGP,F6VGP
VEFFP,VEFFP
88G3D,88G3D
6E2I9,6E2I9
2VLWW,2VLWW
E15ON,E15ON
DVBSK,DVBSK
13NFR,13NFR
2H5NK,2H5NK
RUS1Q,RUS1Q
X1LQ3,X1LQ3
4DKNR,4DKNR
7EX5T,7EX5T
78D76,78D76
G8DOA,G8DOA
52PNN,52PNN
23XNV,23XNV
O5INO,O5INO
ZP29N,ZP29N
MIPC1,MIPC1
ME89S,ME89S
OHKT3,OHKT3
2GJ6K,2GJ6K
JTXPO,JTXPO
6R2YD,6R2YD
VRIME,VRIME
GCTQV,GCTQV
MZPTJ,MZPTJ
PSOI5,PSOI5
YAH9K,YAH9K
87M8W,87M8W
OIN0Y,OIN0Y
CZNMJ,CZNMJ
L0TQL,L0TQL
4CPBT,4CPBT
TZUCU,TZUCU
34WTW,34WTW
893FT,893FT
WTRKJ,WTRKJ
I7JCU,I7JCU
PJJ9S,PJJ9S
1M8FG,1M8FG
USEKY,USEKY
ZR2OJ,ZR2OJ
TVXHL,TVXHL
LTBO0,LTBO0
KSNTW,KSNTW
6PXLE,6PXLE
4EI81,4EI81
IANKE,IANKE
QE99S,QE99S
840JL,840JL
9JIE4,9JIE4
LWYX5,LWYX5
EVWHG,EVWHG
WTVEG,WTVEG
TL7QM,TL7QM
7V47K,7V47K
VSN9J,VSN9J
PSIJV,PSIJV
72DD1,72DD1
0XESW,0XESW
RUTP3,RUTP3
V1GH3,V1GH3
POYBU,POYBU
Z0DDS,Z0DDS
VFRA8,VFRA8
LXUL6,LXUL6
H7HI3,H7HI3
7YGML,7YGML
Q0OS3,Q0OS3
F52I1,F52I1
15HCZ,15HCZ
RDLED,RDLED
Z5GXK,Z5GXK
V45BH,V45BH
B15ZK,B15ZK
36COC,36COC
FX74C,FX74C
TSZDC,TSZDC
MQYMZ,MQYMZ
7Q942,7Q942
P7E7P,P7E7P
6VP04,6VP04
OIX4F,OIX4F
XUHQU,XUHQU
CLT19,CLT19
NIFJ8,NIFJ8
OTFV0,OTFV0
ZY2NU,ZY2NU
879I7,879I7
FPJXC,FPJXC
3JOXJ,3JOXJ
0XCG2,0XCG2
X4KET,X4KET
9DY0M,9DY0M
A55GE,A55GE
BFZUK,BFZUK
D5BY0,D5BY0
II4R5,II4R5
RO550,RO550
5KTNG,5KTNG
P86ZD,P86ZD
7H055,7H055
ZU14F,ZU14F
2R10V,2R10V
ER86S,ER86S
KXJRI,KXJRI
SBF9Z,SBF9Z
92I6P,92I6P
KPT9Z,KPT9Z
X6LNO,X6LNO
7RDF4,7RDF4
QDICO,QDICO
HNLEG,HNLEG
9I8GK,9I8GK
7BBN1,7BBN1
7YP99,7YP99
D6I0O,D6I0O
4QQDL,4QQDL
BNKWG,BNKWG
9ISCF,9ISCF
3EG47,3EG47
J1FMR,J1FMR
F24WP,F24WP
RA6LV,RA6LV
RZJEU,RZJEU
IPDU8,IPDU8
3KDSS,3KDSS
7BZ3C,7BZ3C
QXPNB,QXPNB
GZNEV,GZNEV
5TAA8,5TAA8
89OUU,89OUU
UVPLC,UVPLC
URLU1,URLU1
A5KL3,A5KL3
EWL6A,EWL6A
IQGG3,IQGG3
6SC91,6SC91
N4M28,N4M28
TCHX7,TCHX7
AZAI3,AZAI3
OHJTR,OHJTR
F7047,F7047
69VJS,69VJS
SVNQL,SVNQL
4TE7Q,4TE7Q
23UV9,23UV9
OB2SJ,OB2SJ
73LCL,73LCL
33W59,33W59
TJ2XD,TJ2XD
UKPUQ,UKPUQ
9DS4K,9DS4K
YYWCW,YYWCW
DYS62,DYS62
1FUR8,1FUR8
S52TL,S52TL
VW65U,VW65U
M04R3,M04R3
6S56P,6S56P
JCUDS,JCUDS
0LK8L,0LK8L
NMM9J,NMM9J
NNU0M,NNU0M
B9NPU,B9NPU
84UY3,84UY3
W7VDL,W7VDL
WDKWY,WDKWY
LJF2G,LJF2G
9LBO4,9LBO4
WB3V6,WB3V6
FXVTZ,FXVTZ
LYZ6Q,LYZ6Q
0VTYE,0VTYE
43W8S,43W8S
JPJSX,JPJSX
PYJ43,PYJ43
6VBVM,6VBVM
8KUFF,8KUFF
C4JUJ,C4JUJ
NUK3T,NUK3T
B5KLB,B5KLB
OZJMU,OZJMU
L7NRB,L7NRB
F2Y9A,F2Y9A
Z81XF,Z81XF
BLK2J,BLK2J
QOGKB,QOGKB
LQFUW,LQFUW
7F395,7F395
ILEJT,ILEJT
V3LG7,V3LG7
K07U6,K07U6
0S5LU,0S5LU
MFFHK,MFFHK
GQ1V1,GQ1V1
ER0UZ,ER0UZ
Q0FBM,Q0FBM
FUJ3G,FUJ3G
6KLNB,6KLNB
VOBZS,VOBZS
IYK6F,IYK6F
MXYSB,MXYSB
4KODK,4KODK
5B6XD,5B6XD
NTQ3X,NTQ3X
J9SDX,J9SDX
DWH0C,DWH0C
DU3YQ,DU3YQ
EWHZ0,EWHZ0
AEHZX,AEHZX
66JE0,66JE0
0F8Q8,0F8Q8
WACZY,WACZY
L2D12,L2D12
T8WEZ,T8WEZ
CYOKR,CYOKR
VDBAV,VDBAV
5V4TA,5V4TA
PKDK0,PKDK0
2LZ44,2LZ44
E5RGM,E5RGM
LSN4W,LSN4W
UKNW4,UKNW4
FNPSG,FNPSG
8IYB9,8IYB9
EJOUC,EJOUC
4YWRN,4YWRN
Y8770,Y8770
7GJE0,7GJE0
V4342,V4342
772W5,772W5
0FL6Y,0FL6Y
QRH4P,QRH4P
FBGXP,FBGXP
MD83D,MD83D
TKHIL,TKHIL
9NCQS,9NCQS
EYW2Q,EYW2Q
9D65E,9D65E
FZABS,FZABS
5SYU7,5SYU7
2F6JI,2F6JI
TDXNM,TDXNM
82494,82494
FY0NM,FY0NM
HV9J4,HV9J4
SB5KR,SB5KR
GAMSW,GAMSW
N99IK,N99IK
X8KYY,X8KYY
6D4HB,6D4HB
LFTCR,LFTCR
DMNCT,DMNCT
B77ZI,B77ZI
D0YNC,D0YNC
SJGIM,SJGIM
M2GI5,M2GI5
34KAL,34KAL
HEL8C,HEL8C
Q8ZPB,Q8ZPB
V529W,V529W
YKU7S,YKU7S
2EAR5,2EAR5
DZ01M,DZ01M
ZFEA4,ZFEA4
PWGM2,PWGM2
BFC7Q,BFC7Q
B8G44,B8G44
RCCLL,RCCLL
XCD2T,XCD2T
Y39FR,Y39FR
Z9NH4,Z9NH4
GCFTI,GCFTI
TUEUT,TUEUT
I7EVT,I7EVT
VNZQS,VNZQS
EL676,EL676
0GO7C,0GO7C
OBSU7,OBSU7
5V4F8,5V4F8
KJB9Q,KJB9Q
6I0FS,6I0FS
UKOEE,UKOEE
1W18G,1W18G
GR2HT,GR2HT
JYCM7,JYCM7
P4OR4,P4OR4
JSSNV,JSSNV
RC0PY,RC0PY
5PPII,5PPII
788RF,788RF
H0AIQ,H0AIQ
XIMV5,XIMV5
0XWZS,0XWZS
54PZT,54PZT
347QK,347QK
2JH5F,2JH5F
S1HAC,S1HAC
EXHDF,EXHDF
39D4E,39D4E
MPQCT,MPQCT
MMWC5,MMWC5
TJQL8,TJQL8
0YLRL,0YLRL
2V8Q6,2V8Q6
SR1R0,SR1R0
DVME6,DVME6
WDJ9O,WDJ9O
RFFMI,RFFMI
Q9EK6,Q9EK6
CV50K,CV50K
S8B23,S8B23
WQ9QO,WQ9QO
UJFD0,UJFD0
7NHR2,7NHR2
XW6D4,XW6D4
6CNCD,6CNCD
Z5ACC,Z5ACC
RGWTV,RGWTV
3SBK3,3SBK3
J4K8Q,J4K8Q
34RGH,34RGH
TH33P,TH33P
UQQY0,UQQY0
XM3O8,XM3O8
R9BHF,R9BHF
XYBGT,XYBGT
74ZKI,74ZKI
ULICL,ULICL
VQHNX,VQHNX
WQXO6,WQXO6
ZB0B3,ZB0B3
FBUSY,FBUSY
ECP5B,ECP5B
KZPHO,KZPHO
80YQN,80YQN
6LF1V,6LF1V
Q80MV,Q80MV
8YXM9,8YXM9
CHT5W,CHT5W
S3PJT,S3PJT
VHI2X,VHI2X
EUK49,EUK49
U9MPZ,U9MPZ
IRA56,IRA56
08C3X,08C3X
DR4KZ,DR4KZ
GN21X,GN21X
M7Y2G,M7Y2G
NS76N,NS76N
4ORJG,4ORJG
Z11N1,Z11N1
TJ91K,TJ91K
4L87K,4L87K
DRX9P,DRX9P
KVSJU,KVSJU
P54KK,P54KK
EP1C4,EP1C4
BPQR3,BPQR3
QMZNS,QMZNS
SYZ26,SYZ26
DTJUN,DTJUN
UIQS1,UIQS1
S7RLU,S7RLU
7BYFQ,7BYFQ
2J0T9,2J0T9
NO44O,NO44O
QPT9W,QPT9W
SZZP9,SZZP9
W5USS,W5USS
6SAG2,6SAG2
Y7I50,Y7I50
EMJQM,EMJQM
DZPQN,DZPQN
QYSKF,QYSKF
G3NBC,G3NBC
QMYV0,QMYV0
UN0TJ,UN0TJ
OP3GR,OP3GR
XGL9C,XGL9C
K918N,K918N
CLLOW,CLLOW
056UR,056UR
WOYYQ,WOYYQ
WQ9K4,WQ9K4
XZZ7Q,XZZ7Q
QOCT7,QOCT7
C5W00,C5W00
QJ887,QJ887
YQKWE,YQKWE
E4CBB,E4CBB
7N1AC,7N1AC
IABGX,IABGX
EY154,EY154
XDP2K,XDP2K
WD56V,WD56V
TDNN6,TDNN6
XN8EL,XN8EL
D94LK,D94LK
AEEZX,AEEZX
YMRGK,YMRGK
KNR5B,KNR5B
2E3ZU,2E3ZU
Z67U4,Z67U4
JN5LA,JN5LA
3PXOH,3PXOH
BMFIK,BMFIK
V84CL,V84CL
C1M1K,C1M1K
VM6OB,VM6OB
15A3O,15A3O
OOX9C,OOX9C
S7LWK,S7LWK
NIHZG,NIHZG
7490S,7490S
75AGP,75AGP
UNFYY,UNFYY
ZQWWP,ZQWWP
61JQV,61JQV
PZ0LH,PZ0LH
0IQS2,0IQS2
7PWAK,7PWAK
765TH,765TH
YRTRV,YRTRV
S7KEB,S7KEB
5NINQ,5NINQ
W3I88,W3I88
G43K1,G43K1
LVVEM,LVVEM
HY5EH,HY5EH
3QZKQ,3QZKQ
3JD0H,3JD0H
DNVKT,DNVKT
6BW3V,6BW3V
QQLTI,QQLTI
6WMWN,6WMWN
C8RYA,C8RYA
5EV19,5EV19
F035R,F035R
LCHHE,LCHHE
1VR7G,1VR7G
06JK5,06JK5
9HAQF,9HAQF
00R8V,00R8V
KVLLS,KVLLS
VO43C,VO43C
BZGNG,BZGNG
I2ACP,I2ACP
DPXOX,DPXOX
F9QS2,F9QS2
N16BR,N16BR
LT8IC,LT8IC
B248R,B248R
M028H,M028H
YOEGO,YOEGO
WIBNL,WIBNL
49CGR,49CGR
VZDOT,VZDOT
NPH3P,NPH3P
K3FQD,K3FQD
AX0EB,AX0EB
OZNO8,OZNO8
6OGKO,6OGKO
0Z8DH,0Z8DH
DCVAP,DCVAP
40MD0,40MD0
J22W8,J22W8
HET78,HET78
LZ5LV,LZ5LV
F3X2A,F3X2A
V47NW,V47NW
Y5Z5B,Y5Z5B
YUGCD,YUGCD
Z6V58,Z6V58
CZJLB,CZJLB
PQ68H,PQ68H
6JFYM,6JFYM
BHIJE,BHIJE
IDQGN,IDQGN
3PBFD,3PBFD
9P1MV,9P1MV
JW3VT,JW3VT
6A296,6A296
569IB,569IB
H4YAJ,H4YAJ
AKJIE,AKJIE
4Z3BR,4Z3BR
3Q8KN,3Q8KN
3OFO7,3OFO7
HWXP1,HWXP1
OQJF7,OQJF7
2HL29,2HL29
VDWN5,VDWN5
Z6UFL,Z6UFL
IZEUZ,IZEUZ
NJ6LS,NJ6LS
KGZK6,KGZK6
I2WEF,I2WEF
H3Z3C,H3Z3C
Z8P8K,Z8P8K
R2TVE,R2TVE
RB6ES,RB6ES
RGM5G,RGM5G
M8U18,M8U18
EKL41,EKL41
GOQEW,GOQEW
1KTLI,1KTLI
8H0XH,8H0XH
6VGWM,6VGWM
GSBP3,GSBP3
MJK03,MJK03
V2QKX,V2QKX
R65CQ,R65CQ
80Y40,80Y40
M5PSN,M5PSN
BDU2S,BDU2S
BF8NO,BF8NO
27IZX,27IZX
2XO03,2XO03
F26IL,F26IL
EYE1D,EYE1D
XQBKF,XQBKF
2L3BD,2L3BD
43DRZ,43DRZ
76EAX,76EAX
UOXJS,UOXJS
EVRGC,EVRGC
DT85U,DT85U
7GVIM,7GVIM
T4KYK,T4KYK
MDPSM,MDPSM
L5WIB,L5WIB
XSY5F,XSY5F
U6R5X,U6R5X
LPROR,LPROR
GSDAH,GSDAH
9ZK3P,9ZK3P
O4N5H,O4N5H
SYUA2,SYUA2
50E10,50E10
X3N1I,X3N1I
J3QSS,J3QSS
82I5W,82I5W
BGSRT,BGSRT
UXMMN,UXMMN
HA5Z2,HA5Z2
P0C14,P0C14
G1NK5,G1NK5
FPWIQ,FPWIQ
WOD8A,WOD8A
UKDJG,UKDJG
4CVGO,4CVGO
AVVER,AVVER
Z0XBN,Z0XBN
G18PX,G18PX
LYLB6,LYLB6
334DB,334DB
5F7ZO,5F7ZO
OY4K9,OY4K9
5Z83P,5Z83P
P8XJK,P8XJK
TVKOJ,TVKOJ
60JGF,60JGF
IY21W,IY21W
WML8G,WML8G
WQZFQ,WQZFQ
SH3JN,SH3JN
77J4G,77J4G
VEBHB,VEBHB
BZCGW,BZCGW
TINT5,TINT5
VR382,VR382
QHUPP,QHUPP
MHD6C,MHD6C
X2FM9,X2FM9
CSB86,CSB86
RH7DN,RH7DN
Y29RB,Y29RB
CXZSK,CXZSK
81BLF,81BLF
YKFDQ,YKFDQ
FZRGQ,FZRGQ
OQN97,OQN97
9R3S5,9R3S5
URII6,URII6
Q07WL,Q07WL
40E86,40E86
AXXC9,AXXC9
CNSFH,CNSFH
CKWZS,CKWZS
87DRG,87DRG
AJ2JA,AJ2JA
QJ4BG,QJ4BG
ER0WI,ER0WI
VWYLE,VWYLE
458KB,458KB
9C688,9C688
C65IW,C65IW
7AP8F,7AP8F
4X560,4X560
B82HB,B82HB
C4TML,C4TML
Q1ZXP,Q1ZXP
7KC3O,7KC3O
QVQ8I,QVQ8I
S5Y90,S5Y90
1M781,1M781
H0WA8,H0WA8
Y6M7G,Y6M7G
FV3TV,FV3TV
7A1XT,7A1XT
U4HW4,U4HW4
JO61R,JO61R
C6Y2B,C6Y2B
NWCOJ,NWCOJ
ME2LE,ME2LE
0P7SQ,0P7SQ
DKKIY,DKKIY
TJQD3,TJQD3
GMQUD,GMQUD
7ZHPS,7ZHPS
QBWFU,QBWFU
SMNW7,SMNW7
9FVLU,9FVLU
86DED,86DED
PT57J,PT57J
DSIMT,DSIMT
ZNZ7E,ZNZ7E
LJIZ4,LJIZ4
TX1Z7,TX1Z7
VMORJ,VMORJ
J2YZ1,J2YZ1
U5A1T,U5A1T
LDRF7,LDRF7
17KZ9,17KZ9
65VBN,65VBN
PDDWJ,PDDWJ
6Q981,6Q981
DIBGQ,DIBGQ
0YWES,0YWES
GWIY6,GWIY6
6KOVA,6KOVA
Z06Y8,Z06Y8
3VJPA,3VJPA
9M8J2,9M8J2
6DIEI,6DIEI
1DQOL,1DQOL
LYVGH,LYVGH
KMQWW,KMQWW
PFNR4,PFNR4
C6V70,C6V70
TYJU9,TYJU9
I670W,I670W
954VY,954VY
T6RO5,T6RO5
VAQ08,VAQ08
KKF40,KKF40
R2RTG,R2RTG
J6UZN,J6UZN
IFIV6,IFIV6
R7BNR,R7BNR
96GIV,96GIV
604N2,604N2
INGB4,INGB4
ZU2K8,ZU2K8
V59NZ,V59NZ
9C982,9C982
P4H72,P4H72
AU581,AU581
RP53H,RP53H
WGNCW,WGNCW
836SC,836SC
FZWXE,FZWXE
E4UFW,E4UFW
7HC1S,7HC1S
ERISL,ERISL
N6VXF,N6VXF
TH259,TH259
BTUGC,BTUGC
IS8M9,IS8M9
AZK3W,AZK3W
NDRCI,NDRCI
GQY8M,GQY8M
YZQ1O,YZQ1O
XK24L,XK24L
3OJXP,3OJXP
4HOVI,4HOVI
QZRHP,QZRHP
BKKKC,BKKKC
9CGZJ,9CGZJ
8H2C9,8H2C9
3NAFQ,3NAFQ
253I8,253I8
YAUS2,YAUS2
E2U4K,E2U4K
JKMUE,JKMUE
CHRN7,CHRN7
RVL9K,RVL9K
65F42,65F42
1RQU2,1RQU2
NMVS0,NMVS0
G05KI,G05KI
XYX5S,XYX5S
N5QJ0,N5QJ0
ZH6RU,ZH6RU
LDKD2,LDKD2
VJ3X8,VJ3X8
QP35T,QP35T
2UXX7,2UXX7
ZMQ2N,ZMQ2N
OP1QR,OP1QR
48C5U,48C5U
Q96FD,Q96FD
HDX3H,HDX3H
5PKA4,5PKA4
LL7F8,LL7F8
OYN62,OYN62
I3NMT,I3NMT
MVSNX,MVSNX
BWFLG,BWFLG
KASDP,KASDP
NIEIA,NIEIA
5DLPK,5DLPK
7G0WT,7G0WT
PVOC5,PVOC5
93TB8,93TB8
371UQ,371UQ
O4LWT,O4LWT
C6JMP,C6JMP
CBOJJ,CBOJJ
QS2XR,QS2XR
ZPRY5,ZPRY5
LX88A,LX88A
C008A,C008A
BEUQD,BEUQD
DK6XW,DK6XW
8L4EO,8L4EO
SOKDM,SOKDM
WR90W,WR90W
7Q5AZ,7Q5AZ
UUUFC,UUUFC
OKZ9Y,OKZ9Y
R1KMD,R1KMD
OKX45,OKX45
C8ZFE,C8ZFE
RW5Z6,RW5Z6
ES81N,ES81N
G001B,G001B
HC46I,HC46I
MTRSB,MTRSB
653OW,653OW
KDB6J,KDB6J
9NJDJ,9NJDJ
LGXR9,LGXR9
AHYQ0,AHYQ0
EB7N5,EB7N5
BB3TI,BB3TI
RIZUR,RIZUR
9W6CM,9W6CM
B4OL7,B4OL7
RCIK6,RCIK6
S8CDJ,S8CDJ
THI29,THI29
4X6F3,4X6F3
FIT9H,FIT9H
Q6ZUW,Q6ZUW
7SBVF,7SBVF
JT4DJ,JT4DJ
TETSS,TETSS
BBCNN,BBCNN
CBAKH,CBAKH
756PL,756PL
M82AB,M82AB
4RA7Y,4RA7Y
H1JOW,H1JOW
NQJDK,NQJDK
T3G4E,T3G4E
TK3GJ,TK3GJ
YP0RN,YP0RN
KSIQD,KSIQD
6N5GZ,6N5GZ
IDXUE,IDXUE
MMXFL,MMXFL
VL6PC,VL6PC
BBJBR,BBJBR
N6HAS,N6HAS
5F9PM,5F9PM
ZRAO1,ZRAO1
KGK0T,KGK0T
VIRVP,VIRVP
76OMP,76OMP
PD4M6,PD4M6
471V6,471V6
7R2GF,7R2GF
UHFEL,UHFEL
6T985,6T985
TRFKX,TRFKX
4NRPF,4NRPF
T0ML2,T0ML2
HOL44,HOL44
CZO37,CZO37
F7Q2A,F7Q2A
50OWI,50OWI
5PEG0,5PEG0
D1CL1,D1CL1
SVRUG,SVRUG
940D1,940D1
4LBHY,4LBHY
GXXL6,GXXL6
912YC,912YC
H0X26,H0X26
BL8X7,BL8X7
OPICT,OPICT
NRCZR,NRCZR
WEL0I,WEL0I
LDWJ5,LDWJ5
8FQPN,8FQPN
TFLWC,TFLWC
4FMRD,4FMRD
DCUD7,DCUD7
KJRC8,KJRC8
LE006,LE006
LOVSG,LOVSG
SCP7P,SCP7P
FZ3S8,FZ3S8
Q5K9Y,Q5K9Y
YFT7U,YFT7U
5NLQ1,5NLQ1
RP5JS,RP5JS
D5IS6,D5IS6
DFPNE,DFPNE
QA9I7,QA9I7
31G3W,31G3W
PU9NJ,PU9NJ
VG01B,VG01B
B4DZ9,B4DZ9
OG3WF,OG3WF
9HVRD,9HVRD
LRFYN,LRFYN
B5141,B5141
ZF03J,ZF03J
X91AZ,X91AZ
4N2QW,4N2QW
NOX9Z,NOX9Z
EY7G8,EY7G8
6FWYE,6FWYE
Z5GQ5,Z5GQ5
2WOEB,2WOEB
KZJYK,KZJYK
P5O2Q,P5O2Q
W5UJG,W5UJG
M77V1,M77V1
7NW9N,7NW9N
EWBPT,EWBPT
R7CHT,R7CHT
FOZGR,FOZGR
S9M4K,S9M4K
JLZJD,JLZJD
A8L3G,A8L3G
DXU6I,DXU6I
705AD,705AD
PSB4I,PSB4I
ZOWOP,ZOWOP
TNZI4,TNZI4
8V7FK,8V7FK
AXN8W,AXN8W
SM5VL,SM5VL
8WRHR,8WRHR
E0YVF,E0YVF
HQXLZ,HQXLZ
JRU2M,JRU2M
4PLCI,4PLCI
R05IQ,R05IQ
9FPLQ,9FPLQ
UQD7D,UQD7D
CRMP3,CRMP3
DXLCQ,DXLCQ
16QB5,16QB5
GNZTS,GNZTS
V4TBK,V4TBK
AFAKB,AFAKB
9332C,9332C
CARDL,CARDL
8IZ3R,8IZ3R
RYFTB,RYFTB
UJFBX,UJFBX
WVLID,WVLID
1UA2W,1UA2W
3S0V2,3S0V2
VWSWB,VWSWB
YA090,YA090
GPW28,GPW28
H8CLN,H8CLN
6WJ83,6WJ83
XGC8G,XGC8G
BU8P5,BU8P5
D4Y85,D4Y85
O0KWJ,O0KWJ
SSQ88,SSQ88
Q8XVG,Q8XVG
59Y7K,59Y7K
1MR7A,1MR7A
SDF5K,SDF5K
M0ROI,M0ROI
5SGMV,5SGMV
JNDKO,JNDKO
A0HW1,A0HW1
UDWI1,UDWI1
0IP07,0IP07
3FCC9,3FCC9
ONAA6,ONAA6
DSW9Q,DSW9Q
M9BD2,M9BD2
BEB0Q,BEB0Q
ZH71E,ZH71E
KH1NE,KH1NE
HSUQD,HSUQD
WN8UD,WN8UD
ATF1C,ATF1C
GH92Z,GH92Z
SC77O,SC77O
4ODEC,4ODEC
AL199,AL199
1JS0F,1JS0F
UXFLK,UXFLK
Z5KQ9,Z5KQ9
BWQRL,BWQRL
UD5DX,UD5DX
AKI11,AKI11
RJMUV,RJMUV
YU83P,YU83P
6TQA3,6TQA3
G02FB,G02FB
D6KHQ,D6KHQ
OU4NG,OU4NG
9ZZAD,9ZZAD
ENLSA,ENLSA
R81C3,R81C3
68R9M,68R9M
FRN9O,FRN9O
CFE5F,CFE5F
FKJQ7,FKJQ7
JYL8H,JYL8H
KSCL9,KSCL9
1HEP5,1HEP5
TCW35,TCW35
YHM8U,YHM8U
RACBK,RACBK
T21Y3,T21Y3
EHI7X,EHI7X
9VAW4,9VAW4
9VT5G,9VT5G
8013J,8013J
4YVAG,4YVAG
P8GPT,P8GPT
YL2GW,YL2GW
WS0A4,WS0A4
FKXEB,FKXEB
PO9A9,PO9A9
00NZS,00NZS
T7U1P,T7U1P
K33D6,K33D6
0UAAY,0UAAY
JO23K,JO23K
KUHFP,KUHFP
VY4E6,VY4E6
TS78F,TS78F
V9OCY,V9OCY
69RDD,69RDD
H01U3,H01U3
Y1WEQ,Y1WEQ
2KQAD,2KQAD
CYMXB,CYMXB
1AMVZ,1AMVZ
AO04U,AO04U
YB999,YB999
750FC,750FC
M0DUT,M0DUT
7QZ3I,7QZ3I
H84SG,H84SG
5FZRE,5FZRE
JEG1L,JEG1L
NK8P1,NK8P1
6KYF9,6KYF9
YSXVR,YSXVR
38ZNN,38ZNN
AWDH4,AWDH4
P1BXX,P1BXX
NW3CW,NW3CW
FIDGV,FIDGV
ZSGD2,ZSGD2
YOBW7,YOBW7
M2ORB,M2ORB
JFXS0,JFXS0
3JX9O,3JX9O
R5L4Z,R5L4Z
TCWB5,TCWB5
K8CP8,K8CP8
7AJFH,7AJFH
FF3AA,FF3AA
GLI82,GLI82
3NNCB,3NNCB
LEILH,LEILH
4N2HW,4N2HW
YK8LX,YK8LX
5CLAE,5CLAE
GCKMU,GCKMU
P8PWR,P8PWR
NAR6S,NAR6S
2SOQC,2SOQC
6UND9,6UND9
R3X46,R3X46
V600D,V600D
1SKNQ,1SKNQ
LHR62,LHR62
LL9XG,LL9XG
GGO18,GGO18
FZNBD,FZNBD
VBASF,VBASF
SJBJK,SJBJK
JX5AM,JX5AM
04UXC,04UXC
TH52W,TH52W
ICDED,ICDED
G8CJX,G8CJX
8PCV6,8PCV6
PC5HF,PC5HF
7I1TT,7I1TT
8OYT7,8OYT7
BZJZ6,BZJZ6
H0SLF,H0SLF
SHN3H,SHN3H
IVU8H,IVU8H
9DX9P,9DX9P
A721Y,A721Y
E2EBR,E2EBR
50JM1,50JM1
BMO5M,BMO5M
BWSNX,BWSNX
UWP0Q,UWP0Q
QUKPQ,QUKPQ
8F7JS,8F7JS
FW3SR,FW3SR
IJS2O,IJS2O
JZBUF,JZBUF
KPLMS,KPLMS
XLF5H,XLF5H
KFD29,KFD29
XKMLO,XKMLO
T00OL,T00OL
Q915V,Q915V
IBYIQ,IBYIQ
8VFPX,8VFPX
U30DN,U30DN
FDPFF,FDPFF
93NSL,93NSL
PHFHI,PHFHI
LX6LW,LX6LW
DEVCP,DEVCP
XSPD9,XSPD9
R4RQD,R4RQD
R9O47,R9O47
DVSCO,DVSCO
NO239,NO239
18P2O,18P2O
PWSQ5,PWSQ5
IIUUL,IIUUL
XW0O9,XW0O9
KGG2P,KGG2P
K8V7F,K8V7F
PU0WK,PU0WK
2E4O0,2E4O0
N13RU,N13RU
VS9ZN,VS9ZN
X5KZO,X5KZO
VCQOB,VCQOB
YKM7K,YKM7K
P3EEO,P3EEO
5SDAL,5SDAL
225JM,225JM
7MLF6,7MLF6
YKQJD,YKQJD
8G5U0,8G5U0
VTMBE,VTMBE
RCYP7,RCYP7
TAPH0,TAPH0
YDBNO,YDBNO
AQLXS,AQLXS
8STZ9,8STZ9
JD2ZZ,JD2ZZ
GC3DD,GC3DD
L1U4H,L1U4H
L20XK,L20XK
L39BZ,L39BZ
34FDN,34FDN
WX6F8,WX6F8
NLRTG,NLRTG
AE6BP,AE6BP
6JDLG,6JDLG
LONR6,LONR6
4O6U1,4O6U1
104Y6,104Y6
0NXOJ,0NXOJ
K3RW4,K3RW4
A6G1U,A6G1U
I1G7K,I1G7K
VNTOJ,VNTOJ
0WJVH,0WJVH
8JLDJ,8JLDJ
5RT5G,5RT5G
FW4YN,FW4YN
ZD8JX,ZD8JX
D4BHQ,D4BHQ
N6CSD,N6CSD
MFMV0,MFMV0
H66PS,H66PS
9TMGM,9TMGM
PELGX,PELGX
FQM1X,FQM1X
XUX78,XUX78
WYFW3,WYFW3
U0SHP,U0SHP
44AFT,44AFT
HKYAZ,HKYAZ
8YHFL,8YHFL
OSXAB,OSXAB
GI34I,GI34I
T9XES,T9XES
MH5TV,MH5TV
3DSWP,3DSWP
18ZYU,18ZYU
A2PGC,A2PGC
RB5TD,RB5TD
JZCR8,JZCR8
KJDCH,KJDCH
1UVCX,1UVCX
7L6SP,7L6SP
0PL3G,0PL3G
LR91R,LR91R
6HZMX,6HZMX
V1TL2,V1TL2
4E702,4E702
YF0MZ,YF0MZ
99B4E,99B4E
V02UK,V02UK
ZF27J,ZF27J
U62F3,U62F3
SWCJK,SWCJK
TPALQ,TPALQ
3G5C3,3G5C3
E454J,E454J
86L92,86L92
CXCQK,CXCQK
ZW2RF,ZW2RF
55TO7,55TO7
STETQ,STETQ
MPMES,MPMES
W3Z2S,W3Z2S
H4TP6,H4TP6
FGDUJ,FGDUJ
7Q151,7Q151
UVLPU,UVLPU
1MQMS,1MQMS
L7Y24,L7Y24
VKZ9V,VKZ9V
ZIG2U,ZIG2U
GQOFP,GQOFP
HRFGK,HRFGK
MY860,MY860
PL5I9,PL5I9
RFX85,RFX85
USJR5,USJR5
EFWGX,EFWGX
RS0HB,RS0HB
BZC7T,BZC7T
XEQPJ,XEQPJ
1DJL3,1DJL3
SO9U0,SO9U0
17MU7,17MU7
Y3GUP,Y3GUP
C89VK,C89VK
RD3A6,RD3A6
4BPCF,4BPCF
KDJ42,KDJ42
JY1I9,JY1I9
DBFCL,DBFCL
6HUV8,6HUV8
0OQGR,0OQGR
LU40X,LU40X
QHF41,QHF41
ZV21W,ZV21W
ZWFKN,ZWFKN
R09DI,R09DI
UCZQQ,UCZQQ
HEFQ0,HEFQ0
EZHDR,EZHDR
SYYGX,SYYGX
AJMEX,AJMEX
YF5KM,YF5KM
TQDU2,TQDU2
GO1C5,GO1C5
GWZ1D,GWZ1D
JKZHC,JKZHC
BZINL,BZINL
G9XDY,G9XDY
ASEB6,ASEB6
AYLG2,AYLG2
SSGHX,SSGHX
YO7LF,YO7LF
8XW1J,8XW1J
IZ889,IZ889
VY5E6,VY5E6
DPNKX,DPNKX
4IMD1,4IMD1
5A0SN,5A0SN
3RFPZ,3RFPZ
K85J5,K85J5
16PED,16PED
V7LEQ,V7LEQ
XTIIO,XTIIO
0QTTK,0QTTK
CO9EC,CO9EC
TTHVS,TTHVS
0QMRA,0QMRA
IRSZP,IRSZP
A2M25,A2M25
3WDRY,3WDRY
VRQ08,VRQ08
5A5TH,5A5TH
LSD9U,LSD9U
LCF0S,LCF0S
B83SY,B83SY
6C7LF,6C7LF
2CFP0,2CFP0
ZH39I,ZH39I
E0SZD,E0SZD
JG1LI,JG1LI
SUIFW,SUIFW
T2HW6,T2HW6
5LJ4X,5LJ4X
81AZ6,81AZ6
HWLHD,HWLHD
AVJVV,AVJVV
C47KK,C47KK
6LLUD,6LLUD
AL852,AL852
KJTP2,KJTP2
93K4E,93K4E
IEY1X,IEY1X
XYMKA,XYMKA
AV09H,AV09H
GE5UL,GE5UL
WZ4FU,WZ4FU
WZFQ8,WZFQ8
X4V3P,X4V3P
LPL5O,LPL5O
SMGQQ,SMGQQ
VXDZH,VXDZH
GG4E5,GG4E5
LRSC9,LRSC9
5AY9U,5AY9U
KJK8G,KJK8G
OCMQC,OCMQC
PYP2D,PYP2D
2SCAI,2SCAI
IF28E,IF28E
R5CCE,R5CCE
GSMZS,GSMZS
UHPTP,UHPTP
VD2M0,VD2M0
BZYLZ,BZYLZ
F0HGA,F0HGA
L822X,L822X
9CXKD,9CXKD
H2LE8,H2LE8
5MVIO,5MVIO
YE7JQ,YE7JQ
FFH7X,FFH7X
BFW80,BFW80
BGIUE,BGIUE
P9WQL,P9WQL
E1SV7,E1SV7
FXQHO,FXQHO
A51IK,A51IK
M1CDK,M1CDK
B6UMS,B6UMS
BMVWG,BMVWG
WO12Z,WO12Z
B3Y9Y,B3Y9Y
AEAWF,AEAWF
WY57Z,WY57Z
KFMV5,KFMV5
1HI49,1HI49
QEJJI,QEJJI
JEENW,JEENW
8VUCN,8VUCN
I76FZ,I76FZ
JP9KJ,JP9KJ
H8656,H8656
KOASQ,KOASQ
9XKM2,9XKM2
O2WC2,O2WC2
MFHKT,MFHKT
GQV01,GQV01
83H1K,83H1K
YBL67,YBL67
7GLR0,7GLR0
XF2LG,XF2LG
BSAN9,BSAN9
Q4M4J,Q4M4J
VYE46,VYE46
Y5QXC,Y5QXC
NF6WP,NF6WP
G1HIR,G1HIR
MZPC0,MZPC0
E4ZDL,E4ZDL
TXGAA,TXGAA
LQJU9,LQJU9
BBJ2Q,BBJ2Q
0P62O,0P62O
SL6TL,SL6TL
0I9LY,0I9LY
6RZVC,6RZVC
55SD0,55SD0
6ZQ3H,6ZQ3H
CEC6W,CEC6W
GZO81,GZO81
W8QA5,W8QA5
W5OME,W5OME
CUKA0,CUKA0
1H58C,1H58C
O1NJV,O1NJV
0CT4X,0CT4X
TWSM7,TWSM7
KY1G1,KY1G1
2R8S6,2R8S6
LJHLN,LJHLN
A6I3L,A6I3L
CQB4K,CQB4K
7HYS1,7HYS1
QTDH2,QTDH2
YVZHD,YVZHD
UZSJ4,UZSJ4
HCG0K,HCG0K
8667P,8667P
VLPIS,VLPIS
IT9Y0,IT9Y0
WONW7,WONW7
CFSAQ,CFSAQ
HHBVM,HHBVM
A0EK1,A0EK1
LHVEP,LHVEP
O95T2,O95T2
OFFDB,OFFDB
KKQPA,KKQPA
LDE6D,LDE6D
2AGCO,2AGCO
JJ218,JJ218
LC4BL,LC4BL
P4O0P,P4O0P
L0V2I,L0V2I
5OP2F,5OP2F
WAMAI,WAMAI
M5FCM,M5FCM
E7O3X,E7O3X
SWCCG,SWCCG
U5KBN,U5KBN
NT9ZM,NT9ZM
41A95,41A95
SA2VJ,SA2VJ
MEIG8,MEIG8
YV4DA,YV4DA
IV01C,IV01C
LHR9O,LHR9O
ZCLT4,ZCLT4
IA4CJ,IA4CJ
DYJ8X,DYJ8X
GI3WK,GI3WK
6ZY0A,6ZY0A
9OHJ3,9OHJ3
VZYPV,VZYPV
TCTYX,TCTYX
LSCHR,LSCHR
DS03U,DS03U
TE6W6,TE6W6
SONUH,SONUH
22R9A,22R9A
CAISR,CAISR
57PCY,57PCY
O8JZ2,O8JZ2
DC8WJ,DC8WJ
5I478,5I478
YIVG4,YIVG4
PSRBZ,PSRBZ
K40P9,K40P9
LWD3Z,LWD3Z
VYNCE,VYNCE
98VK1,98VK1
SRVBH,SRVBH
2RP33,2RP33
VGSK8,VGSK8
LB24T,LB24T
LOEM1,LOEM1
GEVUN,GEVUN
WMPF7,WMPF7
OC8PX,OC8PX
42Z4T,42Z4T
IDXAR,IDXAR
VQ4VY,VQ4VY
0HS6K,0HS6K
LKYTT,LKYTT
TG5BA,TG5BA
5OWX2,5OWX2
IPVO3,IPVO3
M0FMO,M0FMO
Z432T,Z432T
9SGEG,9SGEG
FFNDB,FFNDB
EKNO3,EKNO3
Y6BED,Y6BED
ZLI5C,ZLI5C
LJ4I7,LJ4I7
4LJB8,4LJB8
J2VNH,J2VNH
4WPBL,4WPBL
AUI6W,AUI6W
LIHI7,LIHI7
9EMKL,9EMKL
GP64L,GP64L
NZIG3,NZIG3
2AR38,2AR38
SZ7CT,SZ7CT
OMTQS,OMTQS
T0AWH,T0AWH
9045B,9045B
JOKV1,JOKV1
JBBYV,JBBYV
D2CAF,D2CAF
STNG2,STNG2
BZ54S,BZ54S
9K618,9K618
5RIYD,5RIYD
HMPF8,HMPF8
CR8XE,CR8XE
0LZB7,0LZB7
OI7ET,OI7ET
5D2GJ,5D2GJ
TYH1X,TYH1X
4JZLH,4JZLH
WQQ72,WQQ72
UJYO6,UJYO6
CJ83N,CJ83N
OVZEI,OVZEI
396PD,396PD
OLSLE,OLSLE
FV55B,FV55B
JO4M8,JO4M8
1FOOC,1FOOC
F0BZ9,F0BZ9
V6ZUW,V6ZUW
S3LYO,S3LYO
NWPPT,NWPPT
8VK65,8VK65
9VH7L,9VH7L
YR1LX,YR1LX
DJIXD,DJIXD
XXWE1,XXWE1
U1R2C,U1R2C
P8S57,P8S57
HBU1R,HBU1R
MT40X,MT40X
OHM1I,OHM1I
FAUO9,FAUO9
GB2K5,GB2K5
D3HCK,D3HCK
DSR1T,DSR1T
ZXQVC,ZXQVC
4ZYN3,4ZYN3
VJCLE,VJCLE
3ILJW,3ILJW
UU04M,UU04M
4RF19,4RF19
D6NZH,D6NZH
83HG9,83HG9
NQAYA,NQAYA
VKFDT,VKFDT
SBQ2W,SBQ2W
6B4OM,6B4OM
X0DK0,X0DK0
QZE3Q,QZE3Q
ZTOXT,ZTOXT
EDTF1,EDTF1
BMACP,BMACP
K0RSW,K0RSW
MCFRR,MCFRR
C4KKP,C4KKP
LRT9W,LRT9W
SJAGO,SJAGO
0JJCZ,0JJCZ
YKCV0,YKCV0
3XBTG,3XBTG
QEKK8,QEKK8
NQM44,NQM44
T9I3X,T9I3X
NSAWX,NSAWX
1Y2P2,1Y2P2
N601H,N601H
EBILY,EBILY
PO4YZ,PO4YZ
05DE5,05DE5
KUSJ9,KUSJ9
WEMDW,WEMDW
0EUPL,0EUPL
N8CLS,N8CLS
O58S5,O58S5
9DUKG,9DUKG
2CU1D,2CU1D
K0LTY,K0LTY
A6QCL,A6QCL
NK6I6,NK6I6
KORJS,KORJS
PJ12W,PJ12W
MA1WR,MA1WR
2OS0B,2OS0B
YTQH5,YTQH5
OSDON,OSDON
ZZORT,ZZORT
KQ75H,KQ75H
V0QNH,V0QNH
EV2YU,EV2YU
T13BL,T13BL
NWKEF,NWKEF
S8880,S8880
CNYB7,CNYB7
BYZY8,BYZY8
2PYR4,2PYR4
B1FMP,B1FMP
94421,94421
X8DOR,X8DOR
68IPM,68IPM
E3DSD,E3DSD
NU4R1,NU4R1
YBOHA,YBOHA
HACH9,HACH9
XXW0K,XXW0K
UQQD7,UQQD7
YWGVF,YWGVF
RC73L,RC73L
1G0GL,1G0GL
00LQM,00LQM
V25AH,V25AH
L1M98,L1M98
QS3ZG,QS3ZG
XHVSF,XHVSF
5FTJ9,5FTJ9
00CBA,00CBA
A7TG1,A7TG1
6BOOT,6BOOT
7QY5D,7QY5D
VW60P,VW60P
AZZMA,AZZMA
J7QBH,J7QBH
F5GBX,F5GBX
ZYBMO,ZYBMO
J66JD,J66JD
J1J1P,J1J1P
LE4BM,LE4BM
PPBF3,PPBF3
POAI3,POAI3
2AJWO,2AJWO
XXTRX,XXTRX
K7YO4,K7YO4
EBRNH,EBRNH
QWL28,QWL28
TSH1E,TSH1E
VLYJB,VLYJB
VVLKR,VVLKR
HDH00,HDH00
B2FSI,B2FSI
R8NB7,R8NB7
JQDNX,JQDNX
MZV02,MZV02
2IYEI,2IYEI
7B7AR,7B7AR
SO5NQ,SO5NQ
A3HAQ,A3HAQ
0EZT2,0EZT2
A1NS9,A1NS9
8SWSQ,8SWSQ
LEV0W,LEV0W
YQUE0,YQUE0
TM2CX,TM2CX
E6ZP3,E6ZP3
GJJYO,GJJYO
O3XQG,O3XQG
F6PBB,F6PBB
AAKK3,AAKK3
SNWC3,SNWC3
7UKH8,7UKH8
ZKJT4,ZKJT4
NP2JG,NP2JG
Y933P,Y933P
W2Q2P,W2Q2P
66M1V,66M1V
MO0RC,MO0RC
3Z4RK,3Z4RK
0DVBH,0DVBH
6XJOH,6XJOH
VBSX1,VBSX1
EIAR1,EIAR1
QQOAC,QQOAC
C70JV,C70JV
QG15L,QG15L
12XL6,12XL6
OLT8Z,OLT8Z
QP3WY,QP3WY
CLRAC,CLRAC
GO12E,GO12E
8A2G7,8A2G7
3IBNJ,3IBNJ
AWAWX,AWAWX
01K47,01K47
DA0M6,DA0M6
S64Y1,S64Y1
F7QRK,F7QRK
MU29N,MU29N
URISH,URISH
1EQUH,1EQUH
LBVJ4,LBVJ4
NEXV9,NEXV9
SJEEA,SJEEA
MB6DI,MB6DI
S96WO,S96WO
2BQAA,2BQAA
IC1GL,IC1GL
GK6VB,GK6VB
DQUTD,DQUTD
Q0WRF,Q0WRF
CR0JY,CR0JY
SNH0T,SNH0T
6KS68,6KS68
NLZW3,NLZW3
06AG8,06AG8
6HDEA,6HDEA
QD8J4,QD8J4
XBUSM,XBUSM
AIJMD,AIJMD
56MJJ,56MJJ
DUJ66,DUJ66
KYZAX,KYZAX
A59JP,A59JP
4IQ0H,4IQ0H
3L7B9,3L7B9
KS0PX,KS0PX
XUDML,XUDML
8MASJ,8MASJ
L8W4L,L8W4L
0L05B,0L05B
6V6V1,6V6V1
N3524,N3524
CD3KE,CD3KE
84L1Q,84L1Q
TP52D,TP52D
RXT2V,RXT2V
SXENO,SXENO
BOIGT,BOIGT
KKPVW,KKPVW
W1INW,W1INW
74PKW,74PKW
ZBS4D,ZBS4D
5ZGR0,5ZGR0
Q7NRV,Q7NRV
Y9JVY,Y9JVY
5RTS0,5RTS0
WL7LO,WL7LO
SPGTP,SPGTP
VLJ43,VLJ43
J6LOH,J6LOH
5WWFZ,5WWFZ
XJHSY,XJHSY
4HDJZ,4HDJZ
T4H5S,T4H5S
7WNB1,7WNB1
T0T0N,T0T0N
ONNWO,ONNWO
1YXLU,1YXLU
SOFK1,SOFK1
GRUOD,GRUOD
QUXU6,QUXU6
CKB59,CKB59
BZZH1,BZZH1
9A0LV,9A0LV
VAPCG,VAPCG
6DFV0,6DFV0
Z263R,Z263R
X7BEC,X7BEC
MUQXZ,MUQXZ
SKJAD,SKJAD
1RXIE,1RXIE
0UNNC,0UNNC
8XTFC,8XTFC
KMXJP,KMXJP
38IIQ,38IIQ
6H6HY,6H6HY
HZVVN,HZVVN
811BS,811BS
PVW3O,PVW3O
GDV3X,GDV3X
HBBTE,HBBTE
ZWRA9,ZWRA9
1DWMR,1DWMR
Y31LA,Y31LA
D0VY4,D0VY4
FU699,FU699
AAPBG,AAPBG
6I7VB,6I7VB
TKYIJ,TKYIJ
7GBEV,7GBEV
WTCMD,WTCMD
Y23WF,Y23WF
BJRAA,BJRAA
3PNHL,3PNHL
01CAG,01CAG
Y7ZN5,Y7ZN5
IA9B6,IA9B6
8L0VV,8L0VV
ECHTL,ECHTL
GL06D,GL06D
ODYAA,ODYAA
OSRNX,OSRNX
DU50C,DU50C
2I3NR,2I3NR
7YJSB,7YJSB
7845T,7845T
TL6PT,TL6PT
1N2MQ,1N2MQ
UDF7U,UDF7U
MJ65H,MJ65H
UMYX1,UMYX1
I1BL1,I1BL1
XUDE7,XUDE7
BBERY,BBERY
CGQM5,CGQM5
93TBI,93TBI
AQE4U,AQE4U
O8CPW,O8CPW
N51CV,N51CV
JDGO1,JDGO1
VXRXK,VXRXK
EQ4BD,EQ4BD
EA0AP,EA0AP
N9T16,N9T16
QG0IA,QG0IA
07SNY,07SNY
LX47M,LX47M
5MAFC,5MAFC
3QOD2,3QOD2
4M99U,4M99U
6ZN5U,6ZN5U
6G87R,6G87R
ZEC8D,ZEC8D
I4ECJ,I4ECJ
LIM8I,LIM8I
KXJYF,KXJYF
GOPQT,GOPQT
9D8NG,9D8NG
K0SO8,K0SO8
HKFKI,HKFKI
WJQEB,WJQEB
WEIMW,WEIMW
LYE90,LYE90
4GAV0,4GAV0
FRCOG,FRCOG
6OYUZ,6OYUZ
2DNW9,2DNW9
K4XYK,K4XYK
SG97U,SG97U
DPYOO,DPYOO
3QPB6,3QPB6
O3HNF,O3HNF
A4QUD,A4QUD
SE763,SE763
MRUY5,MRUY5
W6JSA,W6JSA
2V0UT,2V0UT
DHY0C,DHY0C
L85PL,L85PL
D96ZG,D96ZG
RHLHW,RHLHW
9KUQ3,9KUQ3
0OU4F,0OU4F
LGJSQ,LGJSQ
6QYQH,6QYQH
BI33S,BI33S
ZXG3D,ZXG3D
74D41,74D41
CS8M3,CS8M3
8HY07,8HY07
Z5IOT,Z5IOT
WOZ5N,WOZ5N
ZRQ89,ZRQ89
YIE0H,YIE0H
H3OSO,H3OSO
LN45P,LN45P
U05E8,U05E8
QDKP6,QDKP6
QH42Z,QH42Z
07P8Q,07P8Q
BYX1X,BYX1X
O7B9Z,O7B9Z
O5AX8,O5AX8
1NJEQ,1NJEQ
FXSOH,FXSOH
FLA7H,FLA7H
G4N1B,G4N1B
CNQMD,CNQMD
5WL4M,5WL4M
ODTGH,ODTGH
7RR2D,7RR2D
HWL11,HWL11
G16FD,G16FD
HE1D9,HE1D9
VPWB0,VPWB0
G03RJ,G03RJ
SL89Z,SL89Z
VIA8A,VIA8A
DF65U,DF65U
2GE97,2GE97
EENHD,EENHD
L1X45,L1X45
LF4W4,LF4W4
R61XN,R61XN
FW0R3,FW0R3
JPBL0,JPBL0
6QJUH,6QJUH
BKK92,BKK92
J51QV,J51QV
AZ35R,AZ35R
JKL6M,JKL6M
KB0LN,KB0LN
ZFPK4,ZFPK4
2XM1H,2XM1H
2AFME,2AFME
BC7MQ,BC7MQ
BNUKX,BNUKX
M2RQA,M2RQA
CH5EG,CH5EG
RZDIU,RZDIU
GCJ5G,GCJ5G
L4FR4,L4FR4
XM4MF,XM4MF
F3P1T,F3P1T
0QP3I,0QP3I
OJFVX,OJFVX
QFEL5,QFEL5
9N878,9N878
SM1UH,SM1UH
RFOGZ,RFOGZ
QLLFW,QLLFW
AC9QF,AC9QF
DW1UY,DW1UY
1WIJJ,1WIJJ
H61GT,H61GT
9T87A,9T87A
OE75K,OE75K
65KQL,65KQL
0PMRO,0PMRO
WQH8O,WQH8O
BT0EC,BT0EC
VTHND,VTHND
A23FZ,A23FZ
0J8T3,0J8T3
XT6GB,XT6GB
MGKPU,MGKPU
QYIXJ,QYIXJ
YD7P8,YD7P8
MYNGV,MYNGV
CSUZ8,CSUZ8
ER9OM,ER9OM
KN65P,KN65P
1QV17,1QV17
WFOZT,WFOZT
JG1QZ,JG1QZ
ABWIH,ABWIH
WDQB7,WDQB7
FRDCA,FRDCA
3HFOO,3HFOO
KV44I,KV44I
C2V1S,C2V1S
ATLUX,ATLUX
6S4FQ,6S4FQ
RH3PW,RH3PW
O9PER,O9PER
CCX3I,CCX3I
693JD,693JD
E9M8S,E9M8S
GBHWK,GBHWK
9G9F8,9G9F8
JKJP7,JKJP7
77QT5,77QT5
LZEE4,LZEE4
0EMIP,0EMIP
GQOEQ,GQOEQ
64NJY,64NJY
7VCSF,7VCSF
5LYA0,5LYA0
L3NVW,L3NVW
U9BM6,U9BM6
6B0H2,6B0H2
AO8AQ,AO8AQ
VRY19,VRY19
QIU5O,QIU5O
BQDA0,BQDA0
46UBC,46UBC
JXVKY,JXVKY
PP14R,PP14R
E6B9L,E6B9L
KCDEQ,KCDEQ
NRUVW,NRUVW
AM2MK,AM2MK
ECZTA,ECZTA
TNCYL,TNCYL
VCJ5G,VCJ5G
CZJOR,CZJOR
58FET,58FET
ICMGM,ICMGM
5K3B1,5K3B1
6KIF9,6KIF9
1L3XR,1L3XR
3VQ5K,3VQ5K
2HNRG,2HNRG
0ZQHY,0ZQHY
CREIH,CREIH
9X77S,9X77S
DFSGW,DFSGW
TTJLQ,TTJLQ
7CK1X,7CK1X
4AUAA,4AUAA
A0GT3,A0GT3
HPEIO,HPEIO
U1SU6,U1SU6
QF8S0,QF8S0
LUJRY,LUJRY
6OFY4,6OFY4
9DITW,9DITW
B01O3,B01O3
O2D0Z,O2D0Z
MG80G,MG80G
W7UF8,W7UF8
HOCJ9,HOCJ9
D7YFD,D7YFD
5R9U8,5R9U8
D114M,D114M
OO1D4,OO1D4
1XHWZ,1XHWZ
QGO24,QGO24
WIPNC,WIPNC
0JZ1E,0JZ1E
BGF4X,BGF4X
VERDD,VERDD
EF4QQ,EF4QQ
S6QZ5,S6QZ5
OUS65,OUS65
4QQTT,4QQTT
J2YI7,J2YI7
9QFCE,9QFCE
4O4LO,4O4LO
PL9TM,PL9TM
T5XE4,T5XE4
22R1Y,22R1Y
3N0GU,3N0GU
AWNNH,AWNNH
LWPR9,LWPR9
KPCZ3,KPCZ3
TAJZ5,TAJZ5
8WWWF,8WWWF
D746T,D746T
I9JWJ,I9JWJ
HNTEZ,HNTEZ
MXUIQ,MXUIQ
1M942,1M942
LPQ0I,LPQ0I
KO1QJ,KO1QJ
Z10ZO,Z10ZO
1XNF1,1XNF1
6ZRJF,6ZRJF
0L5D4,0L5D4
QBJMB,QBJMB
XA617,XA617
PL6SV,PL6SV
6IWQU,6IWQU
PJ2EO,PJ2EO
4PVES,4PVES
MKD78,MKD78
13RME,13RME
MN4MV,MN4MV
8RGLA,8RGLA
CIEII,CIEII
698OK,698OK
NJ1H7,NJ1H7
L5JLI,L5JLI
VFEOX,VFEOX
6KIJ0,6KIJ0
XN3WF,XN3WF
HBN3A,HBN3A
1RUO4,1RUO4
2GB1X,2GB1X
WO91X,WO91X
9MHHD,9MHHD
WUW8G,WUW8G
I0OU0,I0OU0
U8PF4,U8PF4
CFY6E,CFY6E
VLA4T,VLA4T
K3W9F,K3W9F
JL2CP,JL2CP
5OZ78,5OZ78
Q6PHD,Q6PHD
85F0W,85F0W
EJTBI,EJTBI
1OEBE,1OEBE
7MQUR,7MQUR
BD2ZB,BD2ZB
DUAWX,DUAWX
C9HY2,C9HY2
16213,16213
OK201,OK201
5EMH9,5EMH9
ETBUL,ETBUL
M6Y6P,M6Y6P
7C7MV,7C7MV
KI8A1,KI8A1
VWLCR,VWLCR
SNPEU,SNPEU
VZ011,VZ011
D6344,D6344
1CNX1,1CNX1
B3M5D,B3M5D
98S04,98S04
ZICSL,ZICSL
6XQC8,6XQC8
9GYHM,9GYHM
2Q62J,2Q62J
GOOGO,GOOGO
EMLQN,EMLQN
MH5W4,MH5W4
G4I17,G4I17
YYPV9,YYPV9
REOEN,REOEN
GP5TN,GP5TN
7WMTC,7WMTC
HKOQ3,HKOQ3
IZL61,IZL61
Y4D2J,Y4D2J
0HCRX,0HCRX
SSPQY,SSPQY
0X7I0,0X7I0
HQHYV,HQHYV
ZLW0Q,ZLW0Q
8QTFH,8QTFH
3R8G1,3R8G1
73OAG,73OAG
26Q0P,26Q0P
OC3B7,OC3B7
ROUH1,ROUH1
M0OL2,M0OL2
LCTZ3,LCTZ3
O3AMH,O3AMH
WG5PE,WG5PE
1U6BW,1U6BW
DR3EL,DR3EL
FGLT8,FGLT8
WF0IS,WF0IS
9PVN0,9PVN0
NCA9N,NCA9N
GFIJJ,GFIJJ
2BZQU,2BZQU
HOWUW,HOWUW
O1RAH,O1RAH
7AUHS,7AUHS
8FZI9,8FZI9
4UZQ4,4UZQ4
BIY6V,BIY6V
VXAI0,VXAI0
YTB8K,YTB8K
7MVHA,7MVHA
U9MEP,U9MEP
N37UU,N37UU
M52ZB,M52ZB
P3HC9,P3HC9
HFEXF,HFEXF
V5SXP,V5SXP
4XHEA,4XHEA
CJ3I5,CJ3I5
0Z3X0,0Z3X0
6UGVC,6UGVC
ZRAZZ,ZRAZZ
39NBY,39NBY
ZQ1RV,ZQ1RV
K58RX,K58RX
LCWNT,LCWNT
TT6PG,TT6PG
XXXRP,XXXRP
INL3D,INL3D
WSUMN,WSUMN
12DLD,12DLD
PXEJ2,PXEJ2
56DC8,56DC8
VNEHN,VNEHN
SHR5D,SHR5D
SE6QL,SE6QL
MZ8FP,MZ8FP
29H6N,29H6N
DF9SI,DF9SI
AOYGV,AOYGV
A8LTS,A8LTS
W5L6F,W5L6F
J0QD5,J0QD5
XNA46,XNA46
3MA6W,3MA6W
7A28D,7A28D
LVFS8,LVFS8
ST58B,ST58B
M248J,M248J
TWZRO,TWZRO
XQMG4,XQMG4
TPXTT,TPXTT
Z62XU,Z62XU
0YEQ0,0YEQ0
RJNJY,RJNJY
L28BO,L28BO
UTTNO,UTTNO
XXZFO,XXZFO
FXST6,FXST6
4YUO1,4YUO1
L3C60,L3C60
ALB3R,ALB3R
LMPMN,LMPMN
NZ9XB,NZ9XB
N93X1,N93X1
MTBE6,MTBE6
SD8C5,SD8C5
9GVK0,9GVK0
YGOGX,YGOGX
JJNCH,JJNCH
N8M9Y,N8M9Y
ZJQGL,ZJQGL
I5LUD,I5LUD
805DX,805DX
F4MWC,F4MWC
34IDR,34IDR
I39RE,I39RE
UZ09Q,UZ09Q
MXPJG,MXPJG
LVYDV,LVYDV
SRI15,SRI15
X0GOO,X0GOO
UOM26,UOM26
COFYE,COFYE
4M050,4M050
BKUK7,BKUK7
TCG34,TCG34
BKQ86,BKQ86
EHL7I,EHL7I
WHLG9,WHLG9
LCKT4,LCKT4
J3R9R,J3R9R
1QC3I,1QC3I
OSEXU,OSEXU
SJ8CE,SJ8CE
5TMRP,5TMRP
83FNA,83FNA
5DJKD,5DJKD
UGWN2,UGWN2
2YI42,2YI42
1J6OY,1J6OY
8OSC0,8OSC0
M68UX,M68UX
UIZ61,UIZ61
YLEEE,YLEEE
WJ63S,WJ63S
PUR3S,PUR3S
TXR79,TXR79
YSFSX,YSFSX
AMFVN,AMFVN
9NVEQ,9NVEQ
Y7XIZ,Y7XIZ
SA7ZN,SA7ZN
HFWQO,HFWQO
RJ694,RJ694
TZ7OR,TZ7OR
R2D1M,R2D1M
FMTWY,FMTWY
F4CE5,F4CE5
ET9L0,ET9L0
1GFN7,1GFN7
OFJ21,OFJ21
G3UZ6,G3UZ6
WQFLX,WQFLX
BGTBB,BGTBB
1TB38,1TB38
26E5U,26E5U
U44T2,U44T2
IFBDM,IFBDM
VMWXY,VMWXY
X4L6L,X4L6L
TSWUB,TSWUB
XG175,XG175
X21U9,X21U9
ZUHQU,ZUHQU
1AZTN,1AZTN
H02N3,H02N3
W8146,W8146
QRL03,QRL03
AMWRK,AMWRK
S41M2,S41M2
APIJH,APIJH
V87U7,V87U7
JPIKO,JPIKO
H8W61,H8W61
TUUF0,TUUF0
L1H1C,L1H1C
OPPAK,OPPAK
ZJAGN,ZJAGN
JBZBH,JBZBH
IFGGR,IFGGR
H5WY9,H5WY9
9GDI8,9GDI8
AZ0EE,AZ0EE
1SA7Z,1SA7Z
GLW45,GLW45
2XHX5,2XHX5
QZ7WV,QZ7WV
6RGOJ,6RGOJ
UFDFO,UFDFO
W90W1,W90W1
E3SJ7,E3SJ7
YCOXA,YCOXA
RMWZL,RMWZL
GI62R,GI62R
2GDWL,2GDWL
BJYZH,BJYZH
6WSEC,6WSEC
RDGDN,RDGDN
K2YYK,K2YYK
4T57G,4T57G
9NRXJ,9NRXJ
ZCVY9,ZCVY9
WEV59,WEV59
3S3VK,3S3VK
7EVL2,7EVL2
CPPQR,CPPQR
SWFK5,SWFK5
HHHQY,HHHQY
M8M5W,M8M5W
LAM1Y,LAM1Y
3D36Z,3D36Z
UX4A0,UX4A0
C6TKN,C6TKN
PZ928,PZ928
3TEAL,3TEAL
E234S,E234S
KJECK,KJECK
FVEIV,FVEIV
JXJ5I,JXJ5I
NDJ9B,NDJ9B
Y8WXS,Y8WXS
XPVZY,XPVZY
DSFS6,DSFS6
UJDDJ,UJDDJ
MH3LC,MH3LC
01D7H,01D7H
N3AA8,N3AA8
I07IK,I07IK
WDIJQ,WDIJQ
7FMCA,7FMCA
XNM8R,XNM8R
JRZD1,JRZD1
JT2S1,JT2S1
FK3WW,FK3WW
VOX1G,VOX1G
8VUAX,8VUAX
O4CPP,O4CPP
TML47,TML47
MDOBC,MDOBC
QTVJ3,QTVJ3
KDE3R,KDE3R
4NJMO,4NJMO
Y0JRA,Y0JRA
PMRZK,PMRZK
7B5MC,7B5MC
WQ0CD,WQ0CD
KVCAK,KVCAK
554YP,554YP
3PVBC,3PVBC
41Z6B,41Z6B
AX4R2,AX4R2
3VT3B,3VT3B
SX9FZ,SX9FZ
8XS4R,8XS4R
049P2,049P2
E1L4Q,E1L4Q
YMXQF,YMXQF
DKU83,DKU83
MUH8M,MUH8M
HCO2T,HCO2T
GBE1V,GBE1V
JVD5L,JVD5L
18K2A,18K2A
W0C6I,W0C6I
SAGTU,SAGTU
KXNEP,KXNEP
5K5GR,5K5GR
GIW5B,GIW5B
VK1SI,VK1SI
BGK4J,BGK4J
CEM1N,CEM1N
HO2AK,HO2AK
UBW3G,UBW3G
262RZ,262RZ
0WDMK,0WDMK
WMI49,WMI49
YU29W,YU29W
YGKGA,YGKGA
ZZEY3,ZZEY3
73Z8L,73Z8L
E66OW,E66OW
PYNBO,PYNBO
FN8HW,FN8HW
JN5WQ,JN5WQ
W1YGZ,W1YGZ
SKJ3C,SKJ3C
JCVAG,JCVAG
GTSJ5,GTSJ5
60UVM,60UVM
WVLBC,WVLBC
9ZNY3,9ZNY3
KQFAC,KQFAC
HLKNB,HLKNB
3ZQSO,3ZQSO
1C3U1,1C3U1
MUPQK,MUPQK
FK20W,FK20W
NNITY,NNITY
ARQG2,ARQG2
EAH0H,EAH0H
ZZRSJ,ZZRSJ
Y4UCV,Y4UCV
XTVGB,XTVGB
VU6O3,VU6O3
7O0CK,7O0CK
C0P9R,C0P9R
TA3VQ,TA3VQ
6FH6H,6FH6H
VI6J1,VI6J1
SWFBM,SWFBM
AZS0D,AZS0D
B5Y2F,B5Y2F
QFET1,QFET1
8VTCJ,8VTCJ
U3P0R,U3P0R
DH7ZO,DH7ZO
NTGN9,NTGN9
IVCLQ,IVCLQ
0KN2X,0KN2X
0694U,0694U
K0I3F,K0I3F
8DJSR,8DJSR
KE9MW,KE9MW
O02HJ,O02HJ
5Y4ZB,5Y4ZB
5JT7W,5JT7W
BUSZV,BUSZV
B26ZU,B26ZU
6EB3P,6EB3P
KDNDL,KDNDL
OWMV5,OWMV5
MQ0YH,MQ0YH
V09NT,V09NT
1CYM6,1CYM6
QZ32F,QZ32F
45QX5,45QX5
5015D,5015D
5JQKC,5JQKC
UZRAC,UZRAC
VVHC1,VVHC1
29KMU,29KMU
88XFD,88XFD
2CNAL,2CNAL
DYG5W,DYG5W
T9TIV,T9TIV
L4IK3,L4IK3
ZYEPI,ZYEPI
A80E3,A80E3
FA1PB,FA1PB
20Z7G,20Z7G
37AHV,37AHV
B644G,B644G
CYOT9,CYOT9
OCQZK,OCQZK
EKJ62,EKJ62
3OIHO,3OIHO
2Y6NI,2Y6NI
0Z6XC,0Z6XC
S6FAG,S6FAG
FW7BN,FW7BN
WAUK0,WAUK0
LTLYC,LTLYC
ZOW93,ZOW93
XVVHB,XVVHB
U49WP,U49WP
2Q6Y6,2Q6Y6
PHYSU,PHYSU
3P6W8,3P6W8
Y1MPG,Y1MPG
Y5EG8,Y5EG8
0T00W,0T00W
MEXHH,MEXHH
02WIK,02WIK
5350Q,5350Q
O1PCD,O1PCD
2VN2G,2VN2G
5DR92,5DR92
DXM89,DXM89
ZS5A7,ZS5A7
03XXO,03XXO
XFVKY,XFVKY
FY1SO,FY1SO
TL2QM,TL2QM
5LGCW,5LGCW
RKDLP,RKDLP
H1AFB,H1AFB
HO102,HO102
6DUE9,6DUE9
9O3D5,9O3D5
G7W1I,G7W1I
GO3XH,GO3XH
0ZFWW,0ZFWW
Q9CCW,Q9CCW
99QMR,99QMR
A8JO3,A8JO3
M9G9K,M9G9K
IQJ1W,IQJ1W
NH2MN,NH2MN
0DERC,0DERC
I0AB0,I0AB0
Z3N0M,Z3N0M
3UQQM,3UQQM
WG9GB,WG9GB
W5GW9,W5GW9
LTWU9,LTWU9
X0SVH,X0SVH
1OQLA,1OQLA
OZPWS,OZPWS
7M9X3,7M9X3
HHQK2,HHQK2
EEY4K,EEY4K
05KUS,05KUS
9ZFRY,9ZFRY
3KLCC,3KLCC
1VR9J,1VR9J
EIREN,EIREN
C1R0P,C1R0P
YZD9M,YZD9M
A5QRO,A5QRO
0Z9SN,0Z9SN
EDL0M,EDL0M
R1S2I,R1S2I
HM9BW,HM9BW
K68X7,K68X7
RAME4,RAME4
ZMXMW,ZMXMW
SDTX4,SDTX4
ERDBS,ERDBS
ZK1HO,ZK1HO
HMVLA,HMVLA
THC7V,THC7V
GDTQJ,GDTQJ
XPT6M,XPT6M
6MC0B,6MC0B
KHM2F,KHM2F
2ZDOD,2ZDOD
YLOPO,YLOPO
B3ZLI,B3ZLI
2P4UA,2P4UA
3VTRO,3VTRO
VBFEJ,VBFEJ
31M4D,31M4D
RL3XC,RL3XC
ZT2ZI,ZT2ZI
268ZN,268ZN
NJ370,NJ370
6RE0M,6RE0M
2RPGX,2RPGX
93H4Y,93H4Y
7AWMX,7AWMX
63E1U,63E1U
V5W7B,V5W7B
JD8K2,JD8K2
5QR2Y,5QR2Y
7JVMJ,7JVMJ
X539O,X539O
SIR9J,SIR9J
Q2GXM,Q2GXM
HSBPR,HSBPR
ZI69H,ZI69H
NMNTJ,NMNTJ
3PCUI,3PCUI
EOTDZ,EOTDZ
I6DYV,I6DYV
72CIQ,72CIQ
58U73,58U73
1PUSB,1PUSB
0QX5V,0QX5V
I9PWF,I9PWF
SOU91,SOU91
FOXJB,FOXJB
G4XBK,G4XBK
XA5GO,XA5GO
ML9QC,ML9QC
BWL43,BWL43
LZ8LK,LZ8LK
U6DUT,U6DUT
6H85I,6H85I
WQPA7,WQPA7
Z7G4B,Z7G4B
RY145,RY145
P4MGK,P4MGK
J8ZVI,J8ZVI
N6T24,N6T24
PZ0VY,PZ0VY
X5K2V,X5K2V
O2WQV,O2WQV
YW3L3,YW3L3
QGNBP,QGNBP
XBDSZ,XBDSZ
57ICT,57ICT
ZR3LR,ZR3LR
7CMFN,7CMFN
CAKPV,CAKPV
Y3BJ4,Y3BJ4
JLE7G,JLE7G
V6YMQ,V6YMQ
296NV,296NV
VRFHG,VRFHG
UA56L,UA56L
CETZQ,CETZQ
4B90X,4B90X
V48LG,V48LG
1TUDP,1TUDP
W7Y8M,W7Y8M
ZPJRA,ZPJRA
LXI4H,LXI4H
WYCDE,WYCDE
ZK9UW,ZK9UW
KOV94,KOV94
XHETS,XHETS
X5OMA,X5OMA
JBUSB,JBUSB
W0OZM,W0OZM
K24BC,K24BC
2NFDE,2NFDE
GW8SR,GW8SR
OREO0,OREO0
PUMUO,PUMUO
B4NC2,B4NC2
Z4S3E,Z4S3E
3UMMR,3UMMR
RYYEC,RYYEC
B8L50,B8L50
XWHG7,XWHG7
T4VBT,T4VBT
V097I,V097I
1X0D2,1X0D2
3N96H,3N96H
LJKOO,LJKOO
4HNAS,4HNAS
AR59O,AR59O
F7ND2,F7ND2
AJJ8E,AJJ8E
G89GW,G89GW
NR4M6,NR4M6
GYBWI,GYBWI
BXMB9,BXMB9
GMNUI,GMNUI
HFVFY,HFVFY
6DS3Q,6DS3Q
WOY3U,WOY3U
8QAE1,8QAE1
8ZDZE,8ZDZE
4FNKP,4FNKP
U284L,U284L
W59IG,W59IG
95SUW,95SUW
9IGKD,9IGKD
RZ683,RZ683
5KQVV,5KQVV
YX8BT,YX8BT
3PEG1,3PEG1
XXPDH,XXPDH
CXZ91,CXZ91
Y77AV,Y77AV
FO11M,FO11M
JBT74,JBT74
T8TWS,T8TWS
UN639,UN639
4BVEF,4BVEF
XXEMJ,XXEMJ
8GSWG,8GSWG
TNWUY,TNWUY
2P9Y7,2P9Y7
47OX7,47OX7
SYXMQ,SYXMQ
XBCGS,XBCGS
GMGYO,GMGYO
NBH2I,NBH2I
YTDZQ,YTDZQ
RQOMR,RQOMR
F5U5B,F5U5B
991GU,991GU
CK8P4,CK8P4
A53HV,A53HV
NG8ZZ,NG8ZZ
95JJM,95JJM
J5P9E,J5P9E
5PG0A,5PG0A
IL5JF,IL5JF
5F4ZD,5F4ZD
IK6GZ,IK6GZ
XVEKW,XVEKW
82BUM,82BUM
S4SCT,S4SCT
N9B20,N9B20
4MFE6,4MFE6
6TBY7,6TBY7
S6F7S,S6F7S
8V9DS,8V9DS
9LW6Z,9LW6Z
IR9XB,IR9XB
VL6GZ,VL6GZ
ZG1N9,ZG1N9
OKLX0,OKLX0
EKJM9,EKJM9
4UGS4,4UGS4
6FVXD,6FVXD
45FVW,45FVW
VG3HL,VG3HL
QVY7T,QVY7T
NYF02,NYF02
5YA5Y,5YA5Y
2Z1P4,2Z1P4
1VSYJ,1VSYJ
FA0PN,FA0PN
XC7OV,XC7OV
SWB08,SWB08
135S2,135S2
6TTHF,6TTHF
26TQU,26TQU
CYQKF,CYQKF
SGNUI,SGNUI
BPLFY,BPLFY
PYVY6,PYVY6
U8RDD,U8RDD
VZCBV,VZCBV
NJGYJ,NJGYJ
ZBT2O,ZBT2O
RY73N,RY73N
DGXHJ,DGXHJ
89JQT,89JQT
2DSXY,2DSXY
NZZLQ,NZZLQ
YSXHQ,YSXHQ
1PI1O,1PI1O
BR7DS,BR7DS
OQBC9,OQBC9
Z6ZXX,Z6ZXX
TVF64,TVF64
HOOKT,HOOKT
65SOI,65SOI
LAKOL,LAKOL
IE1KM,IE1KM
H64YJ,H64YJ
N8LQE,N8LQE
OLKCB,OLKCB
MIUBQ,MIUBQ
UK46J,UK46J
0HOQ5,0HOQ5
GUOHD,GUOHD
XHMJR,XHMJR
SZOX6,SZOX6
D1GYC,D1GYC
09N06,09N06
8CWLB,8CWLB
E8693,E8693
0EVTW,0EVTW
8O7TL,8O7TL
0QP9O,0QP9O
LZCXQ,LZCXQ
DICK8,DICK8
3F4LP,3F4LP
73D95,73D95
43B7R,43B7R
YQHA5,YQHA5
RRRBI,RRRBI
03P15,03P15
LY7BZ,LY7BZ
H0IIB,H0IIB
LD810,LD810
RZZ5I,RZZ5I
KE27P,KE27P
7GTME,7GTME
3L426,3L426
O1ZOX,O1ZOX
8NDLT,8NDLT
HWEWI,HWEWI
REAPL,REAPL
7OOV1,7OOV1
CDR5W,CDR5W
750W3,750W3
WRXOE,WRXOE
C77Y1,C77Y1
B9CV0,B9CV0
KX5H5,KX5H5
TX6L5,TX6L5
3JARL,3JARL
YJKQ1,YJKQ1
D4SPU,D4SPU
QI1WM,QI1WM
XGGDE,XGGDE
S7S3J,S7S3J
O3N24,O3N24
SDYZT,SDYZT
88MFI,88MFI
PUU4Z,PUU4Z
60ZQD,60ZQD
NYETU,NYETU
6X1FZ,6X1FZ
W4PK3,W4PK3
3QNPR,3QNPR
3RHRE,3RHRE
WL0CN,WL0CN
V71YE,V71YE
HTSSG,HTSSG
WZYHK,WZYHK
V95CW,V95CW
DKXKE,DKXKE
66S0H,66S0H
QQKEZ,QQKEZ
XPJ6K,XPJ6K
4FEPC,4FEPC
H6U4Y,H6U4Y
GMXKC,GMXKC
1JCL3,1JCL3
RL412,RL412
PZ025,PZ025
0BO5U,0BO5U
9SSQ6,9SSQ6
JEJ7M,JEJ7M
6XKLU,6XKLU
20D4X,20D4X
J3UWA,J3UWA
ES3A6,ES3A6
XX0CZ,XX0CZ
7C7SK,7C7SK
1L8L3,1L8L3
7C8WA,7C8WA
221CL,221CL
35MAJ,35MAJ
XL912,XL912
8ONI5,8ONI5
9OV1W,9OV1W
173K2,173K2
SV1PR,SV1PR
UWSTZ,UWSTZ
B0NZ6,B0NZ6
40U7O,40U7O
URGLK,URGLK
YIZHK,YIZHK
GFKDT,GFKDT
NG6NP,NG6NP
H5Q6X,H5Q6X
H5UNY,H5UNY
O1V7B,O1V7B
REC0R,REC0R
Y9V6Y,Y9V6Y
R1II3,R1II3
O14XZ,O14XZ
ZQGT1,ZQGT1
TH29B,TH29B
ZFO6H,ZFO6H
1DJSO,1DJSO
MRK1O,MRK1O
4QJ7P,4QJ7P
PIL7S,PIL7S
A3QD6,A3QD6
YI9YM,YI9YM
2WHX1,2WHX1
NSBFQ,NSBFQ
IU80W,IU80W
O0QW7,O0QW7
3B4KZ,3B4KZ
GLK09,GLK09
P1L4M,P1L4M
DCX7V,DCX7V
2SNMV,2SNMV
P8IN1,P8IN1
YTS77,YTS77
P1CE5,P1CE5
5BLB4,5BLB4
WI7ZD,WI7ZD
EPDOC,EPDOC
HLAYW,HLAYW
Z3BTW,Z3BTW
QC07U,QC07U
WCOAD,WCOAD
P7FC1,P7FC1
AV37T,AV37T
7LTRQ,7LTRQ
7TIDZ,7TIDZ
10J1F,10J1F
8I81T,8I81T
X1NKV,X1NKV
8YNFQ,8YNFQ
MI4AO,MI4AO
EVQQE,EVQQE
9TF9D,9TF9D
LLLE1,LLLE1
0MX83,0MX83
578T9,578T9
IEET8,IEET8
I7QCL,I7QCL
39FEM,39FEM
KYKEC,KYKEC
MCJMY,MCJMY
UPYIG,UPYIG
6OEMP,6OEMP
PJNWS,PJNWS
G7C4G,G7C4G
HDUU6,HDUU6
SQES4,SQES4
RXYAL,RXYAL
LCLEE,LCLEE
OENFR,OENFR
ZZX8F,ZZX8F
WEG8P,WEG8P
CZWJ3,CZWJ3
M5ID1,M5ID1
S6JOX,S6JOX
5CF6P,5CF6P
PRK06,PRK06
7ZZIU,7ZZIU
E527B,E527B
PHBIA,PHBIA
GW1XN,GW1XN
4KV26,4KV26
BZ07E,BZ07E
3ZXY9,3ZXY9
BUSCV,BUSCV
BOLQY,BOLQY
V00SP,V00SP
46SC9,46SC9
PKM03,PKM03
MIBFG,MIBFG
3U5CF,3U5CF
M5HDK,M5HDK
CSBX8,CSBX8
1RZRR,1RZRR
10OZ3,10OZ3
E8LRR,E8LRR
ROZCK,ROZCK
F6A31,F6A31
ZLTM0,ZLTM0
LUTN0,LUTN0
FO29G,FO29G
UB1VL,UB1VL
QMZTE,QMZTE
A4VMM,A4VMM
CNAVP,CNAVP
N1XXE,N1XXE
AWJ18,AWJ18
L7L8N,L7L8N
9T80H,9T80H
TWKZ3,TWKZ3
SF3O9,SF3O9
CP0IU,CP0IU
VYAM2,VYAM2
TAJCL,TAJCL
JF17P,JF17P
6W755,6W755
M0X90,M0X90
1PDKK,1PDKK
YYE84,YYE84
J0XKJ,J0XKJ
GILY7,GILY7
N2E12,N2E12
7US98,7US98
83WJF,83WJF
HKNRJ,HKNRJ
AO3MY,AO3MY
AH3UU,AH3UU
RBKH3,RBKH3
T275D,T275D
HH51V,HH51V
QGF2Q,QGF2Q
1XC6G,1XC6G
I3JBT,I3JBT
U5LZ1,U5LZ1
4JZZ6,4JZZ6
GAMJP,GAMJP
1IGB9,1IGB9
4WY0N,4WY0N
FK0KF,FK0KF
HZF0E,HZF0E
9I2XY,9I2XY
EZC0W,EZC0W
G2IHR,G2IHR
H7L9M,H7L9M
MZRB7,MZRB7
L3CZ4,L3CZ4
XLUYS,XLUYS
0PNFR,0PNFR
Y6AUP,Y6AUP
IO320,IO320
M7GDY,M7GDY
FN1YZ,FN1YZ
8LVW5,8LVW5
CU4OZ,CU4OZ
5JR9C,5JR9C
8AQ2Y,8AQ2Y
4FE4H,4FE4H
GQABN,GQABN
4I2I1,4I2I1
ZSKFW,ZSKFW
TORRT,TORRT
97R6N,97R6N
WBM3W,WBM3W
GXZT9,GXZT9
438NA,438NA
QL7YR,QL7YR
TUCU4,TUCU4
V72CL,V72CL
QG3AS,QG3AS
9J393,9J393
NUKZC,NUKZC
N7GLZ,N7GLZ
O4D0E,O4D0E
NH45J,NH45J
GB7US,GB7US
IQHOJ,IQHOJ
SHNLN,SHNLN
3EOZ2,3EOZ2
YF1IK,YF1IK
EUFUC,EUFUC
4OPHE,4OPHE
KAWAU,KAWAU
2GYA2,2GYA2
Q5NDA,Q5NDA
6THXN,6THXN
7BBWG,7BBWG
94JNB,94JNB
PUW6W,PUW6W
NFNKA,NFNKA
G18WZ,G18WZ
FW92D,FW92D
Q6BGJ,Q6BGJ
MS5P7,MS5P7
TAUXR,TAUXR
8WDKX,8WDKX
16XK1,16XK1
42GKH,42GKH
JPUF9,JPUF9
HOHWK,HOHWK
9HV22,9HV22
2KTHP,2KTHP
IPIUB,IPIUB
22IBH,22IBH
2TN9E,2TN9E
QQWOK,QQWOK
W47CW,W47CW
W7N90,W7N90
BUO8X,BUO8X
X19TW,X19TW
J8KSH,J8KSH
BO5CF,BO5CF
B1SZ1,B1SZ1
WYLD0,WYLD0
L4CKH,L4CKH
US3IU,US3IU
P3RM4,P3RM4
F7F3C,F7F3C
VGCGQ,VGCGQ
JLNMP,JLNMP
5017T,5017T
QGAQC,QGAQC
DFYPZ,DFYPZ
GMNLD,GMNLD
O5KSR,O5KSR
AKZ1B,AKZ1B
RCXLK,RCXLK
BYA5Q,BYA5Q
QSNP3,QSNP3
JEMHS,JEMHS
78E42,78E42
48TK1,48TK1
CEK8W,CEK8W
A3X58,A3X58
4477F,4477F
JUZDL,JUZDL
3ODJW,3ODJW
EJSS9,EJSS9
CDY8Y,CDY8Y
NW4NJ,NW4NJ
D0DLW,D0DLW
QZMWK,QZMWK
ZPOX5,ZPOX5
EOALE,EOALE
954EQ,954EQ
5MB0V,5MB0V
5UVKZ,5UVKZ
6OSER,6OSER
HMJZ5,HMJZ5
WS5BN,WS5BN
W29Y7,W29Y7
6MNL1,6MNL1
X8M7H,X8M7H
1GLJT,1GLJT
3XH2U,3XH2U
WSPN4,WSPN4
4UWAJ,4UWAJ
LKW7B,LKW7B
0Z4V0,0Z4V0
O5PHP,O5PHP
6FBWH,6FBWH
YMAE5,YMAE5
2VG2V,2VG2V
9111V,9111V
9U9AY,9U9AY
MD32C,MD32C
F8F55,F8F55
1773B,1773B
MXHKJ,MXHKJ
2MV02,2MV02
OC0N6,OC0N6
PULUM,PULUM
0KEXC,0KEXC
JTC5V,JTC5V
CZU6M,CZU6M
OV6RJ,OV6RJ
AE1NT,AE1NT
K4DQ5,K4DQ5
88AQ3,88AQ3
07YW1,07YW1
K5WIX,K5WIX
DKPX2,DKPX2
KJB42,KJB42
XJRCM,XJRCM
1UEZ1,1UEZ1
N6573,N6573
5ZQMO,5ZQMO
RUG6P,RUG6P
AZ201,AZ201
XG1FZ,XG1FZ
A0EOI,A0EOI
55AUZ,55AUZ
IX7P1,IX7P1
MW1XQ,MW1XQ
YB621,YB621
UJW5W,UJW5W
0JIG2,0JIG2
A8QY4,A8QY4
7Y6W8,7Y6W8
SZS3C,SZS3C
MDWPI,MDWPI
MDJFU,MDJFU
WMDVM,WMDVM
09O9C,09O9C
0M1A7,0M1A7
7H59I,7H59I
R580V,R580V
6AWEB,6AWEB
HSSEE,HSSEE
DZHB4,DZHB4
D67RD,D67RD
GAX2N,GAX2N
FE2QD,FE2QD
7TZ92,7TZ92
MT22C,MT22C
R0Q6S,R0Q6S
WG8VR,WG8VR
HM0FZ,HM0FZ
OBVO5,OBVO5
4SX72,4SX72
NH0DM,NH0DM
C7ZER,C7ZER
R02X1,R02X1
JUV5O,JUV5O
EE10K,EE10K
3ACKT,3ACKT
E5S9H,E5S9H
PNGPE,PNGPE
QML5J,QML5J
RVXLM,RVXLM
HXU1G,HXU1G
BTPTV,BTPTV
Z9TWI,Z9TWI
EL8C9,EL8C9
G9AXD,G9AXD
3UJPW,3UJPW
74S5L,74S5L
G00PV,G00PV
PL9ZU,PL9ZU
YG13O,YG13O
KT1X3,KT1X3
KDNA8,KDNA8
9V4N6,9V4N6
7951I,7951I
R5OA1,R5OA1
FXT1D,FXT1D
P8ARC,P8ARC
OS57S,OS57S
NV45X,NV45X
2JKFO,2JKFO
NCFR7,NCFR7
O2A2P,O2A2P
T7NH3,T7NH3
FY0IS,FY0IS
JQ8TH,JQ8TH
CLAF8,CLAF8
A9DPD,A9DPD
1TZ7T,1TZ7T
VKQL7,VKQL7
1EPVJ,1EPVJ
KQB82,KQB82
XYAHL,XYAHL
KM721,KM721
MNR8A,MNR8A
37ZPT,37ZPT
IXYAX,IXYAX
040BA,040BA
5I110,5I110
SUMUA,SUMUA
QCF6R,QCF6R
DZURY,DZURY
Y3L5X,Y3L5X
NCENT,NCENT
WLD8X,WLD8X
EKE61,EKE61
TKD6Y,TKD6Y
09YWS,09YWS
PITKF,PITKF
MN9N3,MN9N3
EEIG8,EEIG8
MLS2Z,MLS2Z
UPV59,UPV59
PGZQQ,PGZQQ
QR8V6,QR8V6
MTXZE,MTXZE
PMJWT,PMJWT
S4YJ5,S4YJ5
5BFZC,5BFZC
3CDMJ,3CDMJ
TF6TN,TF6TN
7IWG1,7IWG1
HK9U5,HK9U5
1LYRV,1LYRV
R7OJ0,R7OJ0
N8VUW,N8VUW
A86YP,A86YP
AJDOC,AJDOC
FXZAF,FXZAF
SG28X,SG28X
GZYLR,GZYLR
B40YU,B40YU
8GP5B,8GP5B
ZFYQZ,ZFYQZ
79HNG,79HNG
D20LB,D20LB
SQY7Y,SQY7Y
4VMFT,4VMFT
QB8UK,QB8UK
KXG85,KXG85
PK148,PK148
6SKWY,6SKWY
WIONS,WIONS
4G7AU,4G7AU
CI14I,CI14I
QLDKF,QLDKF
YLD66,YLD66
K0GJ9,K0GJ9
28X8T,28X8T
HCXBB,HCXBB
TY5QQ,TY5QQ
RC8YL,RC8YL
4P6ZJ,4P6ZJ
PFQU2,PFQU2
IRHXO,IRHXO
3G0QZ,3G0QZ
1HREO,1HREO
MX24Q,MX24Q
MGLTO,MGLTO
LZULA,LZULA
NHVCF,NHVCF
V7PEE,V7PEE
VBVEG,VBVEG
XRCUO,XRCUO
L67KY,L67KY
M5H8B,M5H8B
MN5V0,MN5V0
CLPC2,CLPC2
EYCWT,EYCWT
HNLWE,HNLWE
EBHK8,EBHK8
MTGH2,MTGH2
R5ZEV,R5ZEV
AIXO0,AIXO0
B05TU,B05TU
SPP8Y,SPP8Y
7TKRA,7TKRA
SHNC6,SHNC6
KHGD6,KHGD6
XFY9F,XFY9F
DL7AA,DL7AA
EKCMB,EKCMB
6LFMQ,6LFMQ
UKLS4,UKLS4
3N8VL,3N8VL
HHXKX,HHXKX
LBZLH,LBZLH
ED652,ED652
KPDXQ,KPDXQ
CJ1V5,CJ1V5
9XC5I,9XC5I
VPXAN,VPXAN
EOECE,EOECE
C1JM3,C1JM3
Y0S05,Y0S05
8KFBD,8KFBD
GGMTR,GGMTR
1RV5T,1RV5T
IZFFA,IZFFA
QPU8G,QPU8G
YG6MN,YG6MN
BG53Z,BG53Z
ZFQVT,ZFQVT
CU51P,CU51P
DK9X3,DK9X3
FNZSG,FNZSG
PBFNS,PBFNS
1AJAM,1AJAM
Y2FEN,Y2FEN
WEVZI,WEVZI
TBREX,TBREX
R57L3,R57L3
JKMMP,JKMMP
N6TC0,N6TC0
2N3Z1,2N3Z1
YPV7V,YPV7V
CQT74,CQT74
3RBST,3RBST
FZT81,FZT81
SWALC,SWALC
6XDK9,6XDK9
H25VS,H25VS
UNPTY,UNPTY
9LZT2,9LZT2
NAMH2,NAMH2
WEBXH,WEBXH
PST0P,PST0P
FVEZJ,FVEZJ
56UV8,56UV8
C5G96,C5G96
1FJQ0,1FJQ0
U5PU9,U5PU9
1T030,1T030
TE3SV,TE3SV
M18RQ,M18RQ
LWMMM,LWMMM
0V3BP,0V3BP
4U2GW,4U2GW
89VZO,89VZO
284H8,284H8
9JHQU,9JHQU
DOMJ5,DOMJ5
RTXDE,RTXDE
J6KKV,J6KKV
I9GX7,I9GX7
D85PH,D85PH
MI07P,MI07P
NFORK,NFORK
CT9AC,CT9AC
NSXPR,NSXPR
JB7TV,JB7TV
L58NZ,L58NZ
L3A3L,L3A3L
DXTS4,DXTS4
RHWDJ,RHWDJ
JDKDN,JDKDN
78G2L,78G2L
ZDXLK,ZDXLK
ILZ3A,ILZ3A
EYIP8,EYIP8
TGM7I,TGM7I
XNM6H,XNM6H
FGPBT,FGPBT
TC6M7,TC6M7
AH8A3,AH8A3
WS4TD,WS4TD
EPXLX,EPXLX
MUML4,MUML4
DXG3I,DXG3I
ASIPX,ASIPX
XO282,XO282
UP9RE,UP9RE
CZOX2,CZOX2
BIPS0,BIPS0
B9CWB,B9CWB
0GQWT,0GQWT
HCP4R,HCP4R
IUVWV,IUVWV
ZBWUB,ZBWUB
GQQ7T,GQQ7T
AQXDB,AQXDB
YA4X1,YA4X1
CAVTV,CAVTV
B1JQN,B1JQN
D6A7C,D6A7C
2ARXF,2ARXF
X7G05,X7G05
Z4P61,Z4P61
L7DCI,L7DCI
200GC,200GC
0AN4C,0AN4C
SJTQF,SJTQF
UEKCP,UEKCP
N4VR6,N4VR6
414MJ,414MJ
ZS8VT,ZS8VT
K1B2C,K1B2C
9KUIN,9KUIN
I6KB9,I6KB9
0V5AH,0V5AH
0SHH7,0SHH7
TA967,TA967
VGCQ0,VGCQ0
UIO5T,UIO5T
PJ33D,PJ33D
5V3L3,5V3L3
2YVQH,2YVQH
SKC2E,SKC2E
KRPIV,KRPIV
FLBRQ,FLBRQ
WRI5O,WRI5O
V7UQK,V7UQK
MC1VL,MC1VL
6H2EB,6H2EB
TQYJ9,TQYJ9
5AFD5,5AFD5
86EH0,86EH0
49LJD,49LJD
5G8TF,5G8TF
XBKQT,XBKQT
4UHNR,4UHNR
3KCNN,3KCNN
BDWL8,BDWL8
YN228,YN228
2KYUQ,2KYUQ
R22B9,R22B9
1DSFL,1DSFL
6V128,6V128
FKKEP,FKKEP
IOJEJ,IOJEJ
8OALU,8OALU
F2RYJ,F2RYJ
JL9UL,JL9UL
CWUGP,CWUGP
RXL69,RXL69
DY4WO,DY4WO
YMJ6F,YMJ6F
X3TI8,X3TI8
U3KCZ,U3KCZ
C74AV,C74AV
0YRI7,0YRI7
YO5VB,YO5VB
WFE8J,WFE8J
4FINV,4FINV
YWX0B,YWX0B
970AT,970AT
O75TL,O75TL
C5LEO,C5LEO
UBFD2,UBFD2
PVJIF,PVJIF
S88FL,S88FL
OSGGI,OSGGI
PP5KX,PP5KX
31M6B,31M6B
X52HQ,X52HQ
OSKB0,OSKB0
4VTVQ,4VTVQ
1HXS3,1HXS3
L1OIC,L1OIC
18A2V,18A2V
LTX7N,LTX7N
54CRP,54CRP
DQ02G,DQ02G
C2N83,C2N83
1VPON,1VPON
HYGOX,HYGOX
46AYU,46AYU
K5FGH,K5FGH
UG4SX,UG4SX
D01DH,D01DH
TAQTB,TAQTB
HV0M8,HV0M8
QY5IB,QY5IB
I6VBZ,I6VBZ
SKKBI,SKKBI
FPQYA,FPQYA
M4W3L,M4W3L
HC3GS,HC3GS
BM2WO,BM2WO
22X8K,22X8K
F3BCL,F3BCL
0DF7U,0DF7U
HSE2W,HSE2W
FK0E5,FK0E5
CW8Y4,CW8Y4
QXP2T,QXP2T
BYBPV,BYBPV
OOATG,OOATG
OTNXL,OTNXL
FYJYQ,FYJYQ
7P5DU,7P5DU
SRFP3,SRFP3
PO7TM,PO7TM
FROJF,FROJF
ADIRB,ADIRB
8XKU5,8XKU5
RMLX4,RMLX4
JTFWM,JTFWM
7LQP3,7LQP3
PVN27,PVN27
DVR1W,DVR1W
96AWR,96AWR
VAK56,VAK56
PGVDS,PGVDS
STCZ5,STCZ5
K4L85,K4L85
82R38,82R38
0ZPC2,0ZPC2
RAJWP,RAJWP
YZN41,YZN41
669IN,669IN
RCUZ0,RCUZ0
86OMG,86OMG
IMEA9,IMEA9
1S5G8,1S5G8
8CLFQ,8CLFQ
KBJZT,KBJZT
VU1KT,VU1KT
8HIAT,8HIAT
86WL2,86WL2
YB01K,YB01K
WE3CK,WE3CK
7OLY1,7OLY1
Q6I1J,Q6I1J
BPTF2,BPTF2
LX9J7,LX9J7
ZJ9IC,ZJ9IC
6JBLS,6JBLS
HXN18,HXN18
XCF3E,XCF3E
E3CWB,E3CWB
I67I9,I67I9
QVB0F,QVB0F
FQFNP,FQFNP
MJQIY,MJQIY
Q245M,Q245M
3Q3JH,3Q3JH
Z0E6K,Z0E6K
BOFF9,BOFF9
4RO0U,4RO0U
1R5LI,1R5LI
PTJY8,PTJY8
7HJBZ,7HJBZ
TMEPI,TMEPI
MHR46,MHR46
0OUSL,0OUSL
7BSZK,7BSZK
7EYST,7EYST
C2XIO,C2XIO
U0VUO,U0VUO
VP803,VP803
LN9KW,LN9KW
8C7JG,8C7JG
N4BUW,N4BUW
62SLT,62SLT
LAQ7B,LAQ7B
89YYC,89YYC
HJ7QD,HJ7QD
DY7OP,DY7OP
F954R,F954R
HKFAT,HKFAT
JONTM,JONTM
FTFSL,FTFSL
NEVLS,NEVLS
23C36,23C36
HT78Z,HT78Z
GK34U,GK34U
LGVA0,LGVA0
3W1G6,3W1G6
IJP46,IJP46
GCL1K,GCL1K
ZQLRQ,ZQLRQ
Y6VKF,Y6VKF
1DA80,1DA80
7ER2N,7ER2N
DDB1N,DDB1N
7FTZ2,7FTZ2
BHK7J,BHK7J
J5KNF,J5KNF
YT9RM,YT9RM
DA0B3,DA0B3
PNZYB,PNZYB
T9I1K,T9I1K
KBT0E,KBT0E
H1OL6,H1OL6
YRM6U,YRM6U
NC58Z,NC58Z
EQAFK,EQAFK
YHAZU,YHAZU
FZEWJ,FZEWJ
3YDYR,3YDYR
APLZL,APLZL
JSWWR,JSWWR
7CW87,7CW87
ZF83K,ZF83K
AO2VU,AO2VU
QEUXF,QEUXF
JGLP6,JGLP6
WDG1Z,WDG1Z
FMKBB,FMKBB
8PFUK,8PFUK
W0ZB6,W0ZB6
5YX4Y,5YX4Y
3MC24,3MC24
1UNEY,1UNEY
FRWA1,FRWA1
354GR,354GR
O473Z,O473Z
MUMXN,MUMXN
1KYV1,1KYV1
MV4RU,MV4RU
HI28H,HI28H
ODHJT,ODHJT
6W11I,6W11I
PL12D,PL12D
3SK35,3SK35
KYH7A,KYH7A
J7ZI7,J7ZI7
ISQDU,ISQDU
5KRUO,5KRUO
LW7G2,LW7G2
GRTDB,GRTDB
UJMXJ,UJMXJ
29CBN,29CBN
K9864,K9864
JBR4M,JBR4M
2EKT7,2EKT7
8ORFV,8ORFV
B7SV3,B7SV3
TZMXR,TZMXR
EGMVR,EGMVR
YYR6S,YYR6S
D7DYX,D7DYX
43B2H,43B2H
LFE4Z,LFE4Z
H9QN6,H9QN6
2NIZA,2NIZA
FOT9J,FOT9J
LY2MV,LY2MV
Q2EJI,Q2EJI
BHB35,BHB35
8RI83,8RI83
PDKTD,PDKTD
7K6Z9,7K6Z9
2RFZ7,2RFZ7
5MYT8,5MYT8
LB0S5,LB0S5
3RPLH,3RPLH
K22YS,K22YS
MLZWL,MLZWL
8SQJE,8SQJE
02CZH,02CZH
AKV3A,AKV3A
5UJXF,5UJXF
Y13ZL,Y13ZL
B0F6G,B0F6G
H58WI,H58WI
3QPM6,3QPM6
L8XLF,L8XLF
ZNTL1,ZNTL1
T8QEJ,T8QEJ
Z3ZQJ,Z3ZQJ
PFR0S,PFR0S
6O15J,6O15J
1ZQO1,1ZQO1
F17M2,F17M2
ADNJ3,ADNJ3
3T12X,3T12X
70Q19,70Q19
MIF3B,MIF3B
ZXU1N,ZXU1N
ET8BM,ET8BM
JWDY3,JWDY3
8SK6O,8SK6O
T019Z,T019Z
7SINH,7SINH
OF5ZX,OF5ZX
R2YY2,R2YY2
N1BTN,N1BTN
R5WP7,R5WP7
T98TD,T98TD
Z9017,Z9017
K3W9B,K3W9B
MRLDY,MRLDY
EIX8B,EIX8B
YUEP2,YUEP2
Z0YT3,Z0YT3
MCZJI,MCZJI
5BX7Y,5BX7Y
REYYB,REYYB
1RM5J,1RM5J
ORIZJ,ORIZJ
FCDXD,FCDXD
I1T51,I1T51
PH8SM,PH8SM
MFAAW,MFAAW
IR139,IR139
KEQT0,KEQT0
GIQEO,GIQEO
K37IX,K37IX
818E6,818E6
7X6YD,7X6YD
1S81N,1S81N
J9G9K,J9G9K
PHMQJ,PHMQJ
XRKD0,XRKD0
JQCUW,JQCUW
G9H5Z,G9H5Z
XP0I3,XP0I3
Z8GQC,Z8GQC
WV9UZ,WV9UZ
FM7UE,FM7UE
AY1V5,AY1V5
C8KIN,C8KIN
JD3AO,JD3AO
LL37K,LL37K
M3QO7,M3QO7
3YKCM,3YKCM
BLDEP,BLDEP
80V9B,80V9B
2W5C9,2W5C9
XQOPE,XQOPE
NSRIP,NSRIP
CTIWL,CTIWL
Z2WU8,Z2WU8
EB6SR,EB6SR
JQ8SH,JQ8SH
U86ER,U86ER
V7V2Z,V7V2Z
GQNEH,GQNEH
QSM63,QSM63
J2QAO,J2QAO
BO4JY,BO4JY
50XA9,50XA9
3XMGJ,3XMGJ
WFMC6,WFMC6
E64E9,E64E9
R94RD,R94RD
RXD86,RXD86
X0T3P,X0T3P
D745S,D745S
NY863,NY863
DKO9F,DKO9F
11NP0,11NP0
X305C,X305C
VYHRK,VYHRK
B9R6D,B9R6D
DV2E8,DV2E8
HY5FT,HY5FT
VIO7P,VIO7P
NVUYI,NVUYI
9KOQO,9KOQO
1KKFT,1KKFT
DF3O1,DF3O1
5O8HG,5O8HG
O5P5E,O5P5E
KADH7,KADH7
6OW3H,6OW3H
DLC00,DLC00
REAFI,REAFI
6INSL,6INSL
RKDM9,RKDM9
BUJ0D,BUJ0D
387PT,387PT
BPYT5,BPYT5
84ZHL,84ZHL
XW2VR,XW2VR
HH5PY,HH5PY
IOZAS,IOZAS
RLK38,RLK38
5NK4Z,5NK4Z
C1BM9,C1BM9
7TPMG,7TPMG
TS5JT,TS5JT
6ULQW,6ULQW
HQYBQ,HQYBQ
PKPVF,PKPVF
72EZR,72EZR
SBKIH,SBKIH
NI5PG,NI5PG
TDEDJ,TDEDJ
I5B4A,I5B4A
Q6518,Q6518
X616X,X616X
M66BY,M66BY
TJ3S2,TJ3S2
33CQN,33CQN
PFN3I,PFN3I
3ZNWJ,3ZNWJ
21YXZ,21YXZ
45FTW,45FTW
HOTP2,HOTP2
UDSPZ,UDSPZ
B1PFV,B1PFV
C2KG6,C2KG6
B4JCX,B4JCX
DXZLB,DXZLB
6Q3QW,6Q3QW
IC1GX,IC1GX
7VEAI,7VEAI
EHBSC,EHBSC
E8GH1,E8GH1
I83BX,I83BX
WXOPP,WXOPP
M4QZG,M4QZG
TRZ4W,TRZ4W
C0S4Y,C0S4Y
ZZJKH,ZZJKH
O75IU,O75IU
NBX55,NBX55
WX12W,WX12W
0ECXU,0ECXU
DO6XA,DO6XA
ISZQ4,ISZQ4
B2RNQ,B2RNQ
FH9V7,FH9V7
NI9GP,NI9GP
MGGBR,MGGBR
KV3BF,KV3BF
PMO58,PMO58
QDP8Y,QDP8Y
X8P4N,X8P4N
VFVGW,VFVGW
C7AND,C7AND
RWQRR,RWQRR
0Z8WE,0Z8WE
IKOEI,IKOEI
7OTV7,7OTV7
71HGG,71HGG
D0NL2,D0NL2
6ZH0Q,6ZH0Q
CJD8Z,CJD8Z
P8UXA,P8UXA
XK6GB,XK6GB
VUY5E,VUY5E
YS3Y7,YS3Y7
29V7Q,29V7Q
U8V3B,U8V3B
ZX1N5,ZX1N5
TWZZW,TWZZW
MR124,MR124
FYU8H,FYU8H
IPM0B,IPM0B
DB83Y,DB83Y
OSA87,OSA87
FWS6E,FWS6E
TPB39,TPB39
ZUMBH,ZUMBH
S3PST,S3PST
G3VH8,G3VH8
9U9X5,9U9X5
JPJAE,JPJAE
3T5O5,3T5O5
U8JNJ,U8JNJ
53CA9,53CA9
ZRQZW,ZRQZW
60403,60403
H2XS0,H2XS0
I8XOF,I8XOF
F6UAM,F6UAM
4NTY1,4NTY1
6G17K,6G17K
XGIFU,XGIFU
WV8JD,WV8JD
EW03B,EW03B
XNEQH,XNEQH
WUSQJ,WUSQJ
RK7ZD,RK7ZD
O4H0Z,O4H0Z
OWFOC,OWFOC
A43K9,A43K9
RQAOW,RQAOW
2O4FL,2O4FL
X5EVV,X5EVV
JZ3V2,JZ3V2
HAGZ2,HAGZ2
7OZGD,7OZGD
KSNB9,KSNB9
63K81,63K81
EP1YM,EP1YM
MJ88C,MJ88C
UEYXY,UEYXY
38BI2,38BI2
UQ6V1,UQ6V1
20936,20936
ASIEZ,ASIEZ
9DM1F,9DM1F
JTIMX,JTIMX
CPKDG,CPKDG
SBKY3,SBKY3
7XBBO,7XBBO
QHH4L,QHH4L
GNHCB,GNHCB
6KJ1O,6KJ1O
MSCQJ,MSCQJ
V5E5S,V5E5S
5U0FJ,5U0FJ
QZITP,QZITP
AW0ZB,AW0ZB
1Q18C,1Q18C
DJK2T,DJK2T
FHX1G,FHX1G
613KX,613KX
U1BQA,U1BQA
6P0K2,6P0K2
YUROR,YUROR
BNRLQ,BNRLQ
WW3TS,WW3TS
2UW5D,2UW5D
2KZTY,2KZTY
0DEP9,0DEP9
RCU9N,RCU9N
YYGFQ,YYGFQ
S099R,S099R
L631Y,L631Y
HJW5K,HJW5K
SKT9N,SKT9N
URG1P,URG1P
98A3Y,98A3Y
L9OTX,L9OTX
1X7VZ,1X7VZ
6KFV9,6KFV9
DVZ4K,DVZ4K
PZO0S,PZO0S
0T1ML,0T1ML
DB2MT,DB2MT
AM48P,AM48P
GBT93,GBT93
GPCNH,GPCNH
3WM3E,3WM3E
GEBXR,GEBXR
MG5Z0,MG5Z0
MXSW1,MXSW1
QS8DF,QS8DF
YF75I,YF75I
R7WQI,R7WQI
AJA92,AJA92
IH6B7,IH6B7
8VEKB,8VEKB
KA3H9,KA3H9
C0W3K,C0W3K
T35E1,T35E1
W9LAC,W9LAC
7YR7I,7YR7I
YTS1K,YTS1K
4WDJJ,4WDJJ
1ECLS,1ECLS
LAWJQ,LAWJQ
TH5KD,TH5KD
9PXJQ,9PXJQ
W9Y0N,W9Y0N
M6083,M6083
YW3S0,YW3S0
BCVEE,BCVEE
J2L2E,J2L2E
2D4MA,2D4MA
DWNR8,DWNR8
XTNLT,XTNLT
R5O5V,R5O5V
VT21C,VT21C
ELYVS,ELYVS
DI2GM,DI2GM
4LFTB,4LFTB
Y1HMT,Y1HMT
7H67K,7H67K
YW2JB,YW2JB
06R2K,06R2K
W82Z5,W82Z5
MYGK6,MYGK6
8569D,8569D
IJ1F2,IJ1F2
NIIYV,NIIYV
TZ3DI,TZ3DI
OBRB4,OBRB4
E71E2,E71E2
EK6QS,EK6QS
7R4AH,7R4AH
NGIZZ,NGIZZ
SXRAX,SXRAX
2PG9E,2PG9E
ABMPP,ABMPP
GM8PC,GM8PC
Q2R8H,Q2R8H
7QHFI,7QHFI
S0I6Y,S0I6Y
SJ2YS,SJ2YS
N8VGC,N8VGC
K7Y4B,K7Y4B
IFAE0,IFAE0
8ZEF8,8ZEF8
XW95W,XW95W
LIWIS,LIWIS
PHAOL,PHAOL
NEMB0,NEMB0
H9BLY,H9BLY
MSFTE,MSFTE
92TVH,92TVH
PGAXH,PGAXH
J2I8M,J2I8M
TGK9T,TGK9T
545TD,545TD
0I577,0I577
YSKX9,YSKX9
31ZPV,31ZPV
8IVMC,8IVMC
U5LVB,U5LVB
8HF9H,8HF9H
RQWUD,RQWUD
OF36O,OF36O
T1WXC,T1WXC
WD2HZ,WD2HZ
D7SS8,D7SS8
LLVRX,LLVRX
EH90F,EH90F
ZJAMC,ZJAMC
IOD5Q,IOD5Q
02V9N,02V9N
A7C5J,A7C5J
D446M,D446M
5W3N0,5W3N0
U27US,U27US
VH8H8,VH8H8
CAH15,CAH15
ZG53I,ZG53I
NWLNH,NWLNH
VWGOL,VWGOL
BTMMN,BTMMN
E58LU,E58LU
DT6AC,DT6AC
OKIOW,OKIOW
PVJWY,PVJWY
YF06Q,YF06Q
XUJG3,XUJG3
CORUC,CORUC
PF2PJ,PF2PJ
NBOL2,NBOL2
J0TOD,J0TOD
8IEEJ,8IEEJ
OQ1OB,OQ1OB
LLQXD,LLQXD
6CGID,6CGID
BOJ3H,BOJ3H
KB7GN,KB7GN
EL5FE,EL5FE
LY635,LY635
GUCXI,GUCXI
HRK99,HRK99
EXMR4,EXMR4
NFVF8,NFVF8
4UUTL,4UUTL
KQ6AP,KQ6AP
3JS3I,3JS3I
38U14,38U14
7GJF7,7GJF7
Q3TBM,Q3TBM
PM4DF,PM4DF
MGALU,MGALU
IDHRW,IDHRW
4EK55,4EK55
FB5WY,FB5WY
4VLJ1,4VLJ1
TGTV2,TGTV2
QUP99,QUP99
Q2H0D,Q2H0D
E9HIG,E9HIG
BBLM0,BBLM0
0GQI8,0GQI8
ZS2BC,ZS2BC
LLGJT,LLGJT
XRBH2,XRBH2
G9O7J,G9O7J
VWCRI,VWCRI
K2AY8,K2AY8
SDG4C,SDG4C
MA5YF,MA5YF
GNN6T,GNN6T
94WBX,94WBX
91IB9,91IB9
GYZKF,GYZKF
F7KTD,F7KTD
CNQMH,CNQMH
JTBVQ,JTBVQ
RQ7VX,RQ7VX
QAZ62,QAZ62
383PS,383PS
PZRG8,PZRG8
WW8GX,WW8GX
CZK8I,CZK8I
SGKTB,SGKTB
W12DL,W12DL
BMP91,BMP91
27KFA,27KFA
5C73X,5C73X
VRHFZ,VRHFZ
LJUN3,LJUN3
1QJHV,1QJHV
HIUOJ,HIUOJ
GWMHC,GWMHC
A18B8,A18B8
WL69L,WL69L
C14LX,C14LX
BXWVT,BXWVT
5XN09,5XN09
VZP0S,VZP0S
E8LTT,E8LTT
LMXS2,LMXS2
8EB7F,8EB7F
URTLU,URTLU
WPIF8,WPIF8
L0PCJ,L0PCJ
Y1TPV,Y1TPV
ZPDDI,ZPDDI
MDMFD,MDMFD
HKH40,HKH40
ZQQED,ZQQED
RLN46,RLN46
LR555,LR555
ZJ1Y4,ZJ1Y4
U4PHD,U4PHD
R63KY,R63KY
W63LA,W63LA
GBWFG,GBWFG
F6VZY,F6VZY
IEB1J,IEB1J
1ZLG5,1ZLG5
C5SYY,C5SYY
YSJU0,YSJU0
YA545,YA545
VISXW,VISXW
LZP36,LZP36
4WKQY,4WKQY
A3AKN,A3AKN
EM2L7,EM2L7
O8QB8,O8QB8
KZJ67,KZJ67
36VNU,36VNU
882JR,882JR
VEBOH,VEBOH
R8PIG,R8PIG
BW3LD,BW3LD
5EIWD,5EIWD
FYCW4,FYCW4
REW5D,REW5D
8U3NG,8U3NG
4AGNI,4AGNI
PR4IT,PR4IT
76Q88,76Q88
KI4KY,KI4KY
TERWP,TERWP
QSRXR,QSRXR
B852F,B852F
XVAZL,XVAZL
IUAIY,IUAIY
U8QDK,U8QDK
L6HRD,L6HRD
R65FO,R65FO
OZFQ5,OZFQ5
RAL3U,RAL3U
6DG1D,6DG1D
WWPUY,WWPUY
G3VH6,G3VH6
6OIJA,6OIJA
U0EQ3,U0EQ3
8XJ1D,8XJ1D
PC9NB,PC9NB
YQ7QD,YQ7QD
BV7CM,BV7CM
N43R4,N43R4
U7H28,U7H28
TYQU0,TYQU0
ZJGGC,ZJGGC
WCUUW,WCUUW
GASK8,GASK8
5C5PP,5C5PP
IWPTP,IWPTP
VPP3F,VPP3F
HY65X,HY65X
CFNGC,CFNGC
WRD0Z,WRD0Z
N7AXR,N7AXR
R3QAJ,R3QAJ
60NA9,60NA9
IZK06,IZK06
ORFJ9,ORFJ9
B5E3D,B5E3D
WF220,WF220
I8XL3,I8XL3
9C5XB,9C5XB
9O6TT,9O6TT
EB3V6,EB3V6
45YMS,45YMS
ALRNC,ALRNC
R6SC6,R6SC6
THGTC,THGTC
O6CH5,O6CH5
7B6R0,7B6R0
LWVBW,LWVBW
GI9CK,GI9CK
LFLIU,LFLIU
63ULJ,63ULJ
3WS72,3WS72
33XT7,33XT7
RW62X,RW62X
HMV1F,HMV1F
NO2F3,NO2F3
K4K49,K4K49
P8ZU4,P8ZU4
4QP97,4QP97
VZOAX,VZOAX
MZ0R4,MZ0R4
QVKG4,QVKG4
AN8AB,AN8AB
1PUKJ,1PUKJ
PMNK5,PMNK5
GH21L,GH21L
QZEFW,QZEFW
WTLBD,WTLBD
FQB80,FQB80
YT2DK,YT2DK
FXDGD,FXDGD
WVAAT,WVAAT
T0UEX,T0UEX
3V64N,3V64N
FBLM5,FBLM5
STUVR,STUVR
WKF0E,WKF0E
RLUXW,RLUXW
VYLJD,VYLJD
EHDKP,EHDKP
JE088,JE088
VXVLB,VXVLB
9VJEH,9VJEH
9GX9M,9GX9M
9DYLL,9DYLL
S9QDL,S9QDL
0VQGG,0VQGG
O6SCA,O6SCA
AB5YC,AB5YC
Q1QC3,Q1QC3
ZIITN,ZIITN
8JKBN,8JKBN
RDW2Y,RDW2Y
XI3UN,XI3UN
OXS4A,OXS4A
4Q4DV,4Q4DV
NP28D,NP28D
PDZ6Y,PDZ6Y
VCGQY,VCGQY
WKIDC,WKIDC
M4Y9M,M4Y9M
N1O2D,N1O2D
OMEJZ,OMEJZ
COGA5,COGA5
5SIX5,5SIX5
YNQU5,YNQU5
NI0D9,NI0D9
8PIT4,8PIT4
44KI0,44KI0
KTFIN,KTFIN
ZTVZ8,ZTVZ8
W9YQJ,W9YQJ
T3YMQ,T3YMQ
AFSKM,AFSKM
K7EGE,K7EGE
Q0WXX,Q0WXX
1AEKG,1AEKG
AKQZE,AKQZE
P2TGZ,P2TGZ
RDSIH,RDSIH
LLDU8,LLDU8
A41VM,A41VM
4NK93,4NK93
7PXS6,7PXS6
PY3CB,PY3CB
6VP86,6VP86
V63D1,V63D1
KVS5V,KVS5V
7DGTC,7DGTC
Z7AWZ,Z7AWZ
6KFPR,6KFPR
2NLE9,2NLE9
JJNJD,JJNJD
IURJA,IURJA
AA1LP,AA1LP
WVWWB,WVWWB
LOQ44,LOQ44
UBBOC,UBBOC
BODZ8,BODZ8
5E1IM,5E1IM
04FVO,04FVO
HCB0C,HCB0C
U443E,U443E
41Z5Q,41Z5Q
NKG6P,NKG6P
X6VK1,X6VK1
LVV9N,LVV9N
OEF3W,OEF3W
YQD2N,YQD2N
KH2JX,KH2JX
FRY13,FRY13
DOHGT,DOHGT
QP5HK,QP5HK
2YOF2,2YOF2
ZUTXS,ZUTXS
42KXU,42KXU
CMDHG,CMDHG
YKVU1,YKVU1
K7I13,K7I13
NZ4HI,NZ4HI
24K91,24K91
F8JEW,F8JEW
1JD6Q,1JD6Q
J3TZT,J3TZT
ES6M8,ES6M8
VF3RB,VF3RB
MCWVL,MCWVL
5IMZ8,5IMZ8
KL4PB,KL4PB
ND3JD,ND3JD
O9QZB,O9QZB
MLQ0D,MLQ0D
EYT7U,EYT7U
WTUL3,WTUL3
6DN4F,6DN4F
8I1TB,8I1TB
FAJB7,FAJB7
AR6DY,AR6DY
DL9B6,DL9B6
4VWOX,4VWOX
4R78J,4R78J
W6J2U,W6J2U
KEHS8,KEHS8
1ZC1V,1ZC1V
7V2R6,7V2R6
5BI41,5BI41
OBVIM,OBVIM
MAG2H,MAG2H
WL5NL,WL5NL
PPL48,PPL48
FW020,FW020
4REJE,4REJE
EYRRL,EYRRL
GACL0,GACL0
3N3CT,3N3CT
KUBPX,KUBPX
6PURI,6PURI
5J5CN,5J5CN
KV6GR,KV6GR
JN09G,JN09G
UV2K8,UV2K8
H81YX,H81YX
5UOH8,5UOH8
E04PE,E04PE
2Y1ES,2Y1ES
1HXAO,1HXAO
IK2BN,IK2BN
XTRLN,XTRLN
R0IAR,R0IAR
KWWQP,KWWQP
SOD0H,SOD0H
YP25C,YP25C
LWQSB,LWQSB
7TL67,7TL67
BOL2V,BOL2V
18HL0,18HL0
RJHXK,RJHXK
D3O5S,D3O5S
QOR1K,QOR1K
LU207,LU207
EAV5J,EAV5J
UM7B5,UM7B5
V2SNU,V2SNU
38X08,38X08
PF7OT,PF7OT
80DK0,80DK0
T6M7K,T6M7K
OM4BV,OM4BV
MMV36,MMV36
2QR2G,2QR2G
ZZMVX,ZZMVX
R432I,R432I
46SU6,46SU6
HUULW,HUULW
FQOPC,FQOPC
TNB0I,TNB0I
NAWQC,NAWQC
RNMUW,RNMUW
CR66O,CR66O
7HRIF,7HRIF
6NL2E,6NL2E
4O1LZ,4O1LZ
H5UBW,H5UBW
DPYMV,DPYMV
MAPRZ,MAPRZ
N5RK1,N5RK1
O5P52,O5P52
FZXN6,FZXN6
90PI7,90PI7
T6UK5,T6UK5
XZ7V5,XZ7V5
EIVYF,EIVYF
I44DI,I44DI
0YI0E,0YI0E
464VN,464VN
M98A3,M98A3
7NPH4,7NPH4
UZ9AA,UZ9AA
NDART,NDART
SUM7G,SUM7G
1WH19,1WH19
P4918,P4918
3HAZU,3HAZU
UI1Q6,UI1Q6
KXR12,KXR12
0VKNM,0VKNM
UUF49,UUF49
D9WL4,D9WL4
6HJOE,6HJOE
01H3W,01H3W
X80OC,X80OC
KWF9E,KWF9E
ZQ0E7,ZQ0E7
HVZ5A,HVZ5A
XFY9X,XFY9X
L555E,L555E
UM0R6,UM0R6
DK91X,DK91X
UBNHM,UBNHM
M6CBC,M6CBC
9ISD7,9ISD7
IQC1D,IQC1D
G5EBE,G5EBE
7TSZJ,7TSZJ
FJUJ8,FJUJ8
4JGO4,4JGO4
9BHML,9BHML
O4W3Z,O4W3Z
7OAHF,7OAHF
0SW32,0SW32
65HYS,65HYS
PKPMF,PKPMF
RS0C4,RS0C4
9V3QT,9V3QT
ME151,ME151
WIN7Q,WIN7Q
U3FMI,U3FMI
6NGN9,6NGN9
BYMJF,BYMJF
VX8L3,VX8L3
EUC11,EUC11
JCKZ3,JCKZ3
WZW9S,WZW9S
YXCBA,YXCBA
WRRPW,WRRPW
LZQPL,LZQPL
S6TOX,S6TOX
AJF49,AJF49
BYS06,BYS06
ZY207,ZY207
A4750,A4750
XB26F,XB26F
Z7JPR,Z7JPR
HEJRK,HEJRK
UPU3C,UPU3C
N1KV5,N1KV5
3PNCQ,3PNCQ
CB2PH,CB2PH
15OZT,15OZT
YKFB8,YKFB8
I3TTX,I3TTX
KV4V6,KV4V6
212KP,212KP
XDV9C,XDV9C
MFS9K,MFS9K
LGTOM,LGTOM
XCEZK,XCEZK
Y8DIZ,Y8DIZ
S2HWY,S2HWY
LDHSD,LDHSD
DUI41,DUI41
E4BSH,E4BSH
X9B6B,X9B6B
8AHB3,8AHB3
QYNXC,QYNXC
JCU44,JCU44
J9W4J,J9W4J
BLECX,BLECX
TEAF3,TEAF3
SIAUC,SIAUC
T1GOP,T1GOP
2IPM8,2IPM8
UHF7I,UHF7I
I6B1I,I6B1I
9L5IP,9L5IP
0SDJ0,0SDJ0
7YPKW,7YPKW
VZ9AC,VZ9AC
GGFJC,GGFJC
8R6W9,8R6W9
W3OYO,W3OYO
L3XEF,L3XEF
QPY4L,QPY4L
F13F0,F13F0
FZQQ0,FZQQ0
VSMP0,VSMP0
A1FRX,A1FRX
7GUEU,7GUEU
XECQ1,XECQ1
KXR2E,KXR2E
EWQV9,EWQV9
UVC5Y,UVC5Y
DG36V,DG36V
BW7N3,BW7N3
L7Y7T,L7Y7T
0Y1DB,0Y1DB
HIXBA,HIXBA
6JXGW,6JXGW
P3J19,P3J19
O3Q10,O3Q10
42UVD,42UVD
7B9F4,7B9F4
7B2I7,7B2I7
FJE6A,FJE6A
KOTL1,KOTL1
NQHAT,NQHAT
26C43,26C43
II0MU,II0MU
YVQJC,YVQJC
RXUJK,RXUJK
HQEFJ,HQEFJ
1ATY4,1ATY4
WF665,WF665
7H3YF,7H3YF
JDLWG,JDLWG
50HZW,50HZW
Q10YI,Q10YI
W1Q7X,W1Q7X
KMF2W,KMF2W
DDJ0L,DDJ0L
M7SD2,M7SD2
KMP9A,KMP9A
O5A76,O5A76
O1W7P,O1W7P
JUAMG,JUAMG
24ZCD,24ZCD
XAPMT,XAPMT
IT61O,IT61O
YIPWP,YIPWP
GTDUS,GTDUS
AZT5U,AZT5U
84INK,84INK
XH4XI,XH4XI
0BTW5,0BTW5
A5FW6,A5FW6
R8I9B,R8I9B
J2XCJ,J2XCJ
D8Y1E,D8Y1E
X0LJ8,X0LJ8
5PA7R,5PA7R
Z6IVY,Z6IVY
WRMUN,WRMUN
MW01N,MW01N
GS0AG,GS0AG
DZ0S1,DZ0S1
TS729,TS729
TQ1KG,TQ1KG
JNLPN,JNLPN
YO4TF,YO4TF
F2HC4,F2HC4
X2T7I,X2T7I
5E7MJ,5E7MJ
YKZWX,YKZWX
HQLGF,HQLGF
QVV54,QVV54
1S7AM,1S7AM
508TY,508TY
UGBOF,UGBOF
CWZ8L,CWZ8L
D1BGA,D1BGA
7HN9D,7HN9D
KVKKD,KVKKD
3MRBD,3MRBD
0TVDC,0TVDC
VA03D,VA03D
XOSXI,XOSXI
XXLA4,XXLA4
C7LJW,C7LJW
MD6H7,MD6H7
JJCJK,JJCJK
T8WR0,T8WR0
2XBTW,2XBTW
UZUY5,UZUY5
1UBCO,1UBCO
RXIQS,RXIQS
S59DU,S59DU
7NEQO,7NEQO
S2R7V,S2R7V
03N26,03N26
K79MM,K79MM
FTXPD,FTXPD
GNUZI,GNUZI
8YI22,8YI22
EROJ0,EROJ0
DFHRK,DFHRK
I8FZD,I8FZD
VF4TR,VF4TR
DVUA4,DVUA4
JQSBP,JQSBP
QIE85,QIE85
EILL7,EILL7
OFCR1,OFCR1
73GDB,73GDB
6H8AL,6H8AL
QBQX1,QBQX1
E6SQ5,E6SQ5
XTSN9,XTSN9
OV9ZQ,OV9ZQ
CDC1I,CDC1I
ZIV3M,ZIV3M
KRWDQ,KRWDQ
N4O3N,N4O3N
LQD37,LQD37
DLZCM,DLZCM
N8P25,N8P25
GSSTI,GSSTI
UQ5IU,UQ5IU
Q6Y9H,Q6Y9H
E1DK7,E1DK7
HHQ04,HHQ04
8AQX3,8AQX3
U63AH,U63AH
GKAXS,GKAXS
G2MLO,G2MLO
E7X0T,E7X0T
XF260,XF260
RE3XY,RE3XY
EG96P,EG96P
7HIKG,7HIKG
RDQFH,RDQFH
EQ8UX,EQ8UX
XU50A,XU50A
78BZJ,78BZJ
DFPCH,DFPCH
76Y2O,76Y2O
GOQNK,GOQNK
TAH6D,TAH6D
HVQVD,HVQVD
R46V1,R46V1
ZJN9G,ZJN9G
G6O7T,G6O7T
FMCIP,FMCIP
PERP1,PERP1
SBHAS,SBHAS
GRXR0,GRXR0
FXCY1,FXCY1
ZB9MB,ZB9MB
RA0XO,RA0XO
47WZ6,47WZ6
YHKX5,YHKX5
0NOSV,0NOSV
BPC7A,BPC7A
SI271,SI271
70BIF,70BIF
2Q6YV,2Q6YV
QH9GH,QH9GH
0V99W,0V99W
2M59D,2M59D
EIJIV,EIJIV
4ST2E,4ST2E
OJ5VY,OJ5VY
7GOW5,7GOW5
KMTOZ,KMTOZ
AHZGJ,AHZGJ
HD840,HD840
T0K3Z,T0K3Z
SOP5R,SOP5R
4SGF5,4SGF5
BY00Q,BY00Q
GQOM6,GQOM6
FVJ0S,FVJ0S
6YUDQ,6YUDQ
24DA7,24DA7
G2TC1,G2TC1
PQ7E3,PQ7E3
MSHFQ,MSHFQ
5373H,5373H
ZWKQZ,ZWKQZ
NM0R8,NM0R8
XZLZN,XZLZN
VXU0F,VXU0F
XIJWZ,XIJWZ
9L7C2,9L7C2
5PETD,5PETD
6OHQE,6OHQE
AG38W,AG38W
LYFQA,LYFQA
4FEC4,4FEC4
TGKES,TGKES
9JMG7,9JMG7
PO6EY,PO6EY
6SZOA,6SZOA
ZRRMC,ZRRMC
CGCCR,CGCCR
336V8,336V8
NZKEB,NZKEB
7E0M2,7E0M2
Q9I65,Q9I65
CI7ZG,CI7ZG
Z3TFW,Z3TFW
2K3OR,2K3OR
ZA4E9,ZA4E9
2FS8T,2FS8T
46SCV,46SCV
49ZJB,49ZJB
0NTJC,0NTJC
3M1LY,3M1LY
43QM4,43QM4
5CAKQ,5CAKQ
8LVHI,8LVHI
814L0,814L0
9A00X,9A00X
W6184,W6184
9OUSA,9OUSA
IJFEK,IJFEK
R4P5D,R4P5D
K3MNB,K3MNB
904WA,904WA
0BP7P,0BP7P
KWPDQ,KWPDQ
N568M,N568M
7Z2P4,7Z2P4
1ELRO,1ELRO
6WZ88,6WZ88
1HENJ,1HENJ
OUSU2,OUSU2
LXQG6,LXQG6
B2IQT,B2IQT
CXNYA,CXNYA
3HXZG,3HXZG
CETCC,CETCC
XJZYQ,XJZYQ
65L96,65L96
28WYN,28WYN
NHPY0,NHPY0
11VWC,11VWC
16JLX,16JLX
2KG71,2KG71
6NV20,6NV20
L2LEG,L2LEG
3KIV5,3KIV5
RCWTW,RCWTW
Q9VAS,Q9VAS
SZ249,SZ249
G4G6H,G4G6H
AIDEN,AIDEN
EUFCB,EUFCB
O8EIN,O8EIN
8RSCS,8RSCS
N4FT7,N4FT7
RE26V,RE26V
2ZXAW,2ZXAW
K4V7U,K4V7U
K657E,K657E
O4UVX,O4UVX
9U50L,9U50L
B31V4,B31V4
1WBAQ,1WBAQ
WHBYP,WHBYP
5MHAT,5MHAT
UDUFY,UDUFY
O8KXM,O8KXM
QWIPZ,QWIPZ
X23RA,X23RA
6J4TP,6J4TP
ITY8G,ITY8G
IZTM2,IZTM2
AA4GX,AA4GX
BB2KP,BB2KP
D5ILE,D5ILE
XUP2H,XUP2H
K38W8,K38W8
NMQBY,NMQBY
GO6XC,GO6XC
90KIH,90KIH
TIBWG,TIBWG
XM33I,XM33I
5JU4W,5JU4W
H7NAY,H7NAY
EVK3E,EVK3E
GUXRH,GUXRH
CHH6J,CHH6J
R6P3A,R6P3A
82VDB,82VDB
7EPCC,7EPCC
SR8TA,SR8TA
9F5VW,9F5VW
VPN3D,VPN3D
44I24,44I24
6T5LJ,6T5LJ
95NRY,95NRY
V40I3,V40I3
ZVGUV,ZVGUV
12A79,12A79
8V96P,8V96P
3XRIQ,3XRIQ
2V5EM,2V5EM
T88RF,T88RF
V4XB7,V4XB7
WQQSN,WQQSN
E213Q,E213Q
L0QDK,L0QDK
1571S,1571S
WXNYI,WXNYI
FH8IQ,FH8IQ
U4ZZ2,U4ZZ2
WKAT3,WKAT3
N7BXE,N7BXE
C56EC,C56EC
X0FSN,X0FSN
BHB0O,BHB0O
MYRG9,MYRG9
KTXLT,KTXLT
I8RMC,I8RMC
3JTFY,3JTFY
OSN7R,OSN7R
EY9Z4,EY9Z4
5VJWQ,5VJWQ
1PU00,1PU00
039TD,039TD
AXNW6,AXNW6
91VNQ,91VNQ
LZF65,LZF65
QVMUF,QVMUF
7DAZF,7DAZF
GG7FH,GG7FH
L5JBX,L5JBX
WX2WK,WX2WK
9FWMT,9FWMT
5IMHJ,5IMHJ
XDRAC,XDRAC
A7HZH,A7HZH
C59NB,C59NB
QAF7C,QAF7C
PIENQ,PIENQ
TJN4L,TJN4L
VCUIM,VCUIM
Y2FPX,Y2FPX
ZL69U,ZL69U
K6VXT,K6VXT
3DZS1,3DZS1
0O1HQ,0O1HQ
36OD2,36OD2
LS6IH,LS6IH
Q42T1,Q42T1
K90CC,K90CC
KDC8I,KDC8I
5SPSP,5SPSP
OWIL2,OWIL2
KMS81,KMS81
ZL9GS,ZL9GS
HIT6W,HIT6W
P8A7C,P8A7C
MN5XF,MN5XF
F4ZLD,F4ZLD
UIC3B,UIC3B
OT4XP,OT4XP
5BVOZ,5BVOZ
4ZAMC,4ZAMC
P5NW3,P5NW3
IZWQF,IZWQF
XOSXB,XOSXB
SJG28,SJG28
JNJYR,JNJYR
69QVO,69QVO
J90X8,J90X8
J2JAN,J2JAN
FU2OI,FU2OI
EVR6T,EVR6T
TK7BA,TK7BA
NDOHK,NDOHK
75IIR,75IIR
NYFS2,NYFS2
RGL8Y,RGL8Y
PBAFB,PBAFB
XXGIG,XXGIG
PU7RZ,PU7RZ
4F9P8,4F9P8
ML8JL,ML8JL
OVPI3,OVPI3
I1L6P,I1L6P
U013J,U013J
M910D,M910D
UEFK7,UEFK7
ZK95Q,ZK95Q
LKWNH,LKWNH
CUM76,CUM76
88QW5,88QW5
NM2UI,NM2UI
QZVBV,QZVBV
WW0QC,WW0QC
HOCXN,HOCXN
B8H9B,B8H9B
NK79G,NK79G
3A5HH,3A5HH
WM8PE,WM8PE
N2X1X,N2X1X
Y0C3U,Y0C3U
MT6A7,MT6A7
AXTZN,AXTZN
UQXYH,UQXYH
GYZR2,GYZR2
CQTJ3,CQTJ3
C90PZ,C90PZ
WUJ11,WUJ11
DO48C,DO48C
XRCGK,XRCGK
OAGZU,OAGZU
2XTG7,2XTG7
ILAVK,ILAVK
WKO1V,WKO1V
4P2SF,4P2SF
YIXDT,YIXDT
FABOS,FABOS
WE9CI,WE9CI
F3SV0,F3SV0
IZ8YJ,IZ8YJ
UTP6Y,UTP6Y
R1TRU,R1TRU
O6FE9,O6FE9
7B711,7B711
D62SL,D62SL
GAO09,GAO09
SEYAA,SEYAA
141U7,141U7
BMVAL,BMVAL
GKHCF,GKHCF
HFQ7A,HFQ7A
SWHIX,SWHIX
RAQIU,RAQIU
C97W3,C97W3
YVKUY,YVKUY
F30FT,F30FT
PN2V9,PN2V9
MYFZS,MYFZS
787WL,787WL
HIHPJ,HIHPJ
LL1SA,LL1SA
XXD9J,XXD9J
1H8K4,1H8K4
AEYOO,AEYOO
5IXON,5IXON
2HDZC,2HDZC
74VKY,74VKY
IFQ87,IFQ87
BDUFA,BDUFA
F6XHP,F6XHP
ORU71,ORU71
V7UQU,V7UQU
BZ5GL,BZ5GL
GHF6S,GHF6S
14IFG,14IFG
EHRZO,EHRZO
5HDGF,5HDGF
LCXUY,LCXUY
SE896,SE896
EHCZL,EHCZL
HHNU8,HHNU8
5ZMB6,5ZMB6
V40T3,V40T3
PDJHH,PDJHH
K3UWW,K3UWW
V0LTY,V0LTY
O8FG6,O8FG6
1URYB,1URYB
7MTW5,7MTW5
J22DP,J22DP
3C640,3C640
00ZTQ,00ZTQ
V3EPN,V3EPN
OE7AW,OE7AW
YHNSI,YHNSI
13D02,13D02
Y1HWX,Y1HWX
HDFKO,HDFKO
B0H0B,B0H0B
LPCLO,LPCLO
FTGO1,FTGO1
PH9XK,PH9XK
ZZSWE,ZZSWE
SMZCR,SMZCR
7P90F,7P90F
7HCJI,7HCJI
CIDYS,CIDYS
TJN6R,TJN6R
BFQLT,BFQLT
OFQQE,OFQQE
IJYWP,IJYWP
EVKKC,EVKKC
6KNII,6KNII
8FVOO,8FVOO
H42B6,H42B6
6CL3M,6CL3M
RD5RB,RD5RB
LJWKI,LJWKI
WKQIX,WKQIX
3KHON,3KHON
PRSX9,PRSX9
5CEVL,5CEVL
IZVSK,IZVSK
8EIF4,8EIF4
D2YH5,D2YH5
0Q1MS,0Q1MS
66PVF,66PVF
OJSDK,OJSDK
PEPZA,PEPZA
L81MG,L81MG
M1ZFA,M1ZFA
IV7VI,IV7VI
F5AF0,F5AF0
UVB99,UVB99
6LDGJ,6LDGJ
FQ6GX,FQ6GX
PB4ZV,PB4ZV
9G3RH,9G3RH
VF1DT,VF1DT
E7F1A,E7F1A
8P00W,8P00W
ZTLQY,ZTLQY
623HE,623HE
7KFU2,7KFU2
8GD4A,8GD4A
91DA1,91DA1
H2PN4,H2PN4
T7TAS,T7TAS
P77YM,P77YM
C993Q,C993Q
QGYJN,QGYJN
1JV3P,1JV3P
J3G2N,J3G2N
U5VZZ,U5VZZ
UO8VB,UO8VB
P5WD1,P5WD1
PASQC,PASQC
77082,77082
X30US,X30US
VOGAN,VOGAN
DPELN,DPELN
9V60W,9V60W
Q0H2X,Q0H2X
5CLZ5,5CLZ5
N7DN1,N7DN1
XE3UA,XE3UA
BRIZZ,BRIZZ
NOSAF,NOSAF
GVNX6,GVNX6
CB5DU,CB5DU
E83H4,E83H4
45P2U,45P2U
L8OJL,L8OJL
68ADQ,68ADQ
JJGAA,JJGAA
WKYUS,WKYUS
15CJS,15CJS
LP4XP,LP4XP
HDFYH,HDFYH
YYJ9F,YYJ9F
W2LYK,W2LYK
LGCEI,LGCEI
NLQYX,NLQYX
2YXGE,2YXGE
8GJ2O,8GJ2O
NWQ1I,NWQ1I
6GJQW,6GJQW
BNSRZ,BNSRZ
JSZPY,JSZPY
C934Z,C934Z
7TWYS,7TWYS
M073K,M073K
QYP67,QYP67
91DMD,91DMD
7AXJU,7AXJU
AVS09,AVS09
854Q8,854Q8
BTB11,BTB11
2Q2GU,2Q2GU
MMVSA,MMVSA
MZW7E,MZW7E
5PO8G,5PO8G
U5MRD,U5MRD
CYJG8,CYJG8
3JUID,3JUID
5GMTJ,5GMTJ
Q30KS,Q30KS
M850W,M850W
W5WX1,W5WX1
F95R4,F95R4
CJ4ZF,CJ4ZF
NMDNH,NMDNH
IM0ED,IM0ED
OV3N9,OV3N9
JYNBU,JYNBU
YPI7K,YPI7K
BEFNG,BEFNG
JKTZH,JKTZH
I6OTA,I6OTA
U4ONF,U4ONF
U428B,U428B
A9JR8,A9JR8
HOD0S,HOD0S
V2NBK,V2NBK
CSSGV,CSSGV
OHTKI,OHTKI
X3385,X3385
S7671,S7671
2XNWW,2XNWW
COGK1,COGK1
4P9TX,4P9TX
MERVP,MERVP
V9XTQ,V9XTQ
JJXKO,JJXKO
3GF8X,3GF8X
6US8I,6US8I
KQO85,KQO85
Q34DY,Q34DY
PDB47,PDB47
21MY9,21MY9
V03HH,V03HH
V2TTL,V2TTL
G2HK5,G2HK5
IQHG6,IQHG6
CNTTZ,CNTTZ
KXYWB,KXYWB
C0ALN,C0ALN
VC067,VC067
O6K7R,O6K7R
SHXSK,SHXSK
XJCQC,XJCQC
68M99,68M99
5K3UH,5K3UH
KFNT4,KFNT4
PGX5M,PGX5M
DYR5A,DYR5A
RLCCC,RLCCC
2U1WS,2U1WS
N3W2R,N3W2R
QKRQ9,QKRQ9
5U367,5U367
9WX2Z,9WX2Z
PAQ33,PAQ33
65XXC,65XXC
AH397,AH397
8Y0FH,8Y0FH
M2MX9,M2MX9
B05NW,B05NW
CC4Y4,CC4Y4
927BB,927BB
HEZD2,HEZD2
FCTBF,FCTBF
4S44W,4S44W
NVPYW,NVPYW
DST4H,DST4H
8LVXB,8LVXB
17N36,17N36
CCLMI,CCLMI
HLT0Y,HLT0Y
8EYP4,8EYP4
PZEKN,PZEKN
91Q4P,91Q4P
VO4CX,VO4CX
PAORR,PAORR
M8NU1,M8NU1
SIM22,SIM22
9CWX7,9CWX7
F9ZKV,F9ZKV
YNS3Q,YNS3Q
7W3BQ,7W3BQ
UBN84,UBN84
UVBX5,UVBX5
BAXC7,BAXC7
6DYTU,6DYTU
C5V1E,C5V1E
QS3TH,QS3TH
3TBNA,3TBNA
C946H,C946H
EU2U8,EU2U8
B2M0Z,B2M0Z
3OQ1F,3OQ1F
E3BZ6,E3BZ6
LJ6OO,LJ6OO
HLLQ2,HLLQ2
7YYBZ,7YYBZ
6ZUKX,6ZUKX
0Y4ND,0Y4ND
BEYG5,BEYG5
TIPPX,TIPPX
VCU6P,VCU6P
91ZAF,91ZAF
IJ2QR,IJ2QR
OBF1U,OBF1U
K16TC,K16TC
DKE7O,DKE7O
5LU9A,5LU9A
TSM7V,TSM7V
RNXIQ,RNXIQ
NPH36,NPH36
Y7Q2W,Y7Q2W
MI54E,MI54E
GV6H1,GV6H1
IXMPB,IXMPB
AAJZI,AAJZI
K1NAU,K1NAU
VN8QQ,VN8QQ
HM0RM,HM0RM
OM5SU,OM5SU
L3R87,L3R87
SWKL2,SWKL2
ZCSEC,ZCSEC
4OC1J,4OC1J
P56EV,P56EV
WF0GL,WF0GL
QM0ZN,QM0ZN
B2O9V,B2O9V
D4I4A,D4I4A
6DP2B,6DP2B
MPPKF,MPPKF
FHN6L,FHN6L
KVTRX,KVTRX
5TXFB,5TXFB
4UI6K,4UI6K
B54WR,B54WR
IHOI6,IHOI6
SBWFA,SBWFA
97HAQ,97HAQ
0D6U5,0D6U5
JN2QD,JN2QD
JAHNI,JAHNI
DK9GZ,DK9GZ
TRPGB,TRPGB
7HN2W,7HN2W
TPFVT,TPFVT
EIWA6,EIWA6
NWRMX,NWRMX
F8PLC,F8PLC
6HYUM,6HYUM
K24J2,K24J2
0QGHE,0QGHE
KG943,KG943
523TF,523TF
X95OU,X95OU
V5GD8,V5GD8
VG9PS,VG9PS
RLW4M,RLW4M
A7PM9,A7PM9
30IJS,30IJS
R87D0,R87D0
V0NAY,V0NAY
IZROG,IZROG
2PNMU,2PNMU
LV9H5,LV9H5
5QU57,5QU57
1XSXO,1XSXO
LTOUH,LTOUH
AL6EZ,AL6EZ
VDYK9,VDYK9
2V9LW,2V9LW
QVJT6,QVJT6
FCC4W,FCC4W
EGF7I,EGF7I
2SB23,2SB23
19OFU,19OFU
78DM2,78DM2
VN1KN,VN1KN
S9JTU,S9JTU
239TJ,239TJ
7MNW8,7MNW8
MPHWY,MPHWY
G4IBF,G4IBF
AZOAZ,AZOAZ
5Y8P4,5Y8P4
C93TB,C93TB
YCIP9,YCIP9
J6TC4,J6TC4
33OL9,33OL9
FGMUE,FGMUE
QVM2C,QVM2C
KZVJ5,KZVJ5
MXQIS,MXQIS
9Z7L3,9Z7L3
AAYKM,AAYKM
K5S93,K5S93
OORL8,OORL8
4WSRU,4WSRU
RNO0V,RNO0V
CBV3N,CBV3N
Q5WKQ,Q5WKQ
X6QOV,X6QOV
V734O,V734O
9K5Q4,9K5Q4
GOXJR,GOXJR
XAT1A,XAT1A
C93YM,C93YM
UFEUS,UFEUS
TY1ZE,TY1ZE
V8F81,V8F81
WJ2YC,WJ2YC
GA56N,GA56N
96RVA,96RVA
NMW5A,NMW5A
Y6IQS,Y6IQS
N7OY6,N7OY6
7WW01,7WW01
3035K,3035K
EUWIX,EUWIX
JUJWT,JUJWT
WAPXS,WAPXS
IUCUQ,IUCUQ
0FKTI,0FKTI
DGCYP,DGCYP
OX3Z2,OX3Z2
3M6Z0,3M6Z0
MDZBK,MDZBK
1QMJA,1QMJA
YIMES,YIMES
LD1EN,LD1EN
YWJ95,YWJ95
CB9JA,CB9JA
K36U3,K36U3
HS35E,HS35E
VDUQB,VDUQB
H6ZL0,H6ZL0
O2GGM,O2GGM
O77LM,O77LM
K63C8,K63C8
641IQ,641IQ
OEGL2,OEGL2
ZTM6N,ZTM6N
23SFW,23SFW
EZHBV,EZHBV
2A3VM,2A3VM
U7B4L,U7B4L
36970,3697
HU5L6,HU5L6
5GERC,5GERC
TZSD9,TZSD9
0AGBV,0AGBV
AHPWK,AHPWK
FQKYX,FQKYX
CSQ94,CSQ94
NZ9LQ,NZ9LQ
4JYSZ,4JYSZ
P5CXM,P5CXM
EU6YB,EU6YB
IN23N,IN23N
6OPGU,6OPGU
EZZLF,EZZLF
YWYBB,YWYBB
VDNRY,VDNRY
AHXI0,AHXI0
GW3A9,GW3A9
250NX,250NX
JYX5S,JYX5S
3UCMA,3UCMA
PGKM8,PGKM8
A4NVU,A4NVU
4KYYH,4KYYH
48MIJ,48MIJ
UPNOM,UPNOM
JL0GC,JL0GC
1IUPL,1IUPL
PJZHY,PJZHY
A0KM7,A0KM7
PH7PR,PH7PR
D6GMD,D6GMD
8TP9O,8TP9O
O8N1N,O8N1N
5TSHO,5TSHO
OCKZ4,OCKZ4
49J28,49J28
AKJKM,AKJKM
N1QV3,N1QV3
320LE,320LE
6FHYR,6FHYR
JBNV7,JBNV7
1068X,1068X
HLME6,HLME6
08ON2,08ON2
4RYZA,4RYZA
MMSC7,MMSC7
VAHE7,VAHE7
B6LPJ,B6LPJ
I2YES,I2YES
SM8I4,SM8I4
LU3YX,LU3YX
9D3JV,9D3JV
USYBG,USYBG
MGQI8,MGQI8
683ZN,683ZN
YTJR4,YTJR4
YEB0N,YEB0N
U7U31,U7U31
2NWOA,2NWOA
G7W3K,G7W3K
IZT03,IZT03
DJGFF,DJGFF
4PVPJ,4PVPJ
YLZPL,YLZPL
QUX3X,QUX3X
YL8RI,YL8RI
RD3GE,RD3GE
EVEH9,EVEH9
OONDI,OONDI
8EXHF,8EXHF
0LCCF,0LCCF
9P73H,9P73H
IG3GB,IG3GB
VQAVI,VQAVI
HCQNX,HCQNX
IK3W2,IK3W2
AZXNN,AZXNN
HW9SV,HW9SV
V9HNA,V9HNA
RHVS4,RHVS4
QVE47,QVE47
L0QP0,L0QP0
NX7PK,NX7PK
4456Y,4456Y
FKNZT,FKNZT
BBVX1,BBVX1
GQSWS,GQSWS
V20PX,V20PX
EH5SO,EH5SO
IK8LQ,IK8LQ
YKB0E,YKB0E
DA5A7,DA5A7
FKE10,FKE10
0KQHK,0KQHK
CKKE1,CKKE1
1Y9LX,1Y9LX
B6AHZ,B6AHZ
FGXOY,FGXOY
XLCFH,XLCFH
PXAGO,PXAGO
72V65,72V65
IPJ6X,IPJ6X
CSCG0,CSCG0
GAPEP,GAPEP
5LEZ5,5LEZ5
RCFO9,RCFO9
WPZB8,WPZB8
4MEKY,4MEKY
G25HJ,G25HJ
08MPN,08MPN
AJBH6,AJBH6
C2VAT,C2VAT
DNKCD,DNKCD
2240X,2240X
Z1OH8,Z1OH8
Z9OTI,Z9OTI
1DWUW,1DWUW
1MJ3G,1MJ3G
5CC6S,5CC6S
AOGUS,AOGUS
QJO7N,QJO7N
KZRH1,KZRH1
PAAWU,PAAWU
T3B5C,T3B5C
2XZQI,2XZQI
BC2PT,BC2PT
Y0N2J,Y0N2J
RD4CI,RD4CI
IY1G5,IY1G5
1QO5R,1QO5R
ZKDWJ,ZKDWJ
9M7TL,9M7TL
WF1TB,WF1TB
KCVWZ,KCVWZ
P0ZRY,P0ZRY
IMNRO,IMNRO
FADOU,FADOU
4ST1K,4ST1K
WK38R,WK38R
PI9O1,PI9O1
UY90K,UY90K
EQPGZ,EQPGZ
QHIJG,QHIJG
OV08W,OV08W
LN49R,LN49R
F4EFZ,F4EFZ
3JNIM,3JNIM
HV6JW,HV6JW
P6K69,P6K69
D7MJW,D7MJW
HEWB7,HEWB7
9QEJQ,9QEJQ
XHDSR,XHDSR
YJA00,YJA00
687TJ,687TJ
WUX46,WUX46
UVWYA,UVWYA
CWGYY,CWGYY
X4NRE,X4NRE
881UT,881UT
FLR7L,FLR7L
JJGC1,JJGC1
H40LO,H40LO
N3O7Z,N3O7Z
NFACC,NFACC
1ZAYE,1ZAYE
D6N3U,D6N3U
Y1MY4,Y1MY4
4XCQ4,4XCQ4
X1SNJ,X1SNJ
4EYMM,4EYMM
2YZSD,2YZSD
APLWL,APLWL
IJXH3,IJXH3
EMT81,EMT81
754HG,754HG
T5FSY,T5FSY
Q0XVH,Q0XVH
C1EG5,C1EG5
6D1CH,6D1CH
OS6OX,OS6OX
EJR10,EJR10
I9V9S,I9V9S
LSRSU,LSRSU
1SJ9M,1SJ9M
4FSX7,4FSX7
GYV0N,GYV0N
3KPVX,3KPVX
X9Y9Y,X9Y9Y
M4NK4,M4NK4
AEY9P,AEY9P
NB1Y1,NB1Y1
I6KA4,I6KA4
KMT3P,KMT3P
O3B11,O3B11
RQWM5,RQWM5
TUWFS,TUWFS
Q5GPN,Q5GPN
INLAW,INLAW
XPOVJ,XPOVJ
ATLPP,ATLPP
P4UPW,P4UPW
41HHU,41HHU
E752W,E752W
3KEAG,3KEAG
M5913,M5913
1TRNB,1TRNB
EQ8K9,EQ8K9
NTK9W,NTK9W
TA4Y6,TA4Y6
OZTM2,OZTM2
GEV8N,GEV8N
7UC91,7UC91
9JWSK,9JWSK
HMVS7,HMVS7
VRJK4,VRJK4
6415Q,6415Q
P6KNH,P6KNH
NCXDG,NCXDG
3UKQF,3UKQF
1QKPG,1QKPG
88NO9,88NO9
QNICF,QNICF
15638,15638
LU5S8,LU5S8
57LOJ,57LOJ
TTL10,TTL10
E7SIQ,E7SIQ
AX4IH,AX4IH
SN5EV,SN5EV
DB0LA,DB0LA
GUKT3,GUKT3
DTQ7W,DTQ7W
FUKUJ,FUKUJ
IKZXV,IKZXV
UJ7UO,UJ7UO
GVFM0,GVFM0
DFH13,DFH13
LDU5A,LDU5A
J5LPC,J5LPC
SB1DM,SB1DM
ZMON2,ZMON2
UFGGK,UFGGK
QPSPB,QPSPB
69D3E,69D3E
53EDP,53EDP
86YAZ,86YAZ
0PSNU,0PSNU
0MDOR,0MDOR
IPA9H,IPA9H
8M8SL,8M8SL
RF0TX,RF0TX
W1JM7,W1JM7
O833E,O833E
LXNNA,LXNNA
OPXOF,OPXOF
KWVL5,KWVL5
OHKI3,OHKI3
2NS3U,2NS3U
26TA7,26TA7
DTPG4,DTPG4
30KOU,30KOU
C4QFZ,C4QFZ
K4ZTS,K4ZTS
2TP8V,2TP8V
41YFK,41YFK
4LATZ,4LATZ
MC4F8,MC4F8
9RSBK,9RSBK
D16SR,D16SR
0FG6T,0FG6T
XD25Z,XD25Z
W3OXA,W3OXA
IC0QY,IC0QY
7IW9T,7IW9T
TBHSR,TBHSR
KKA8O,KKA8O
0437H,0437H
AS7FW,AS7FW
LEONM,LEONM
MX05A,MX05A
RXT6S,RXT6S
3C408,3C408
J6KYP,J6KYP
F4X20,F4X20
NDP32,NDP32
XDO4M,XDO4M
NPE77,NPE77
JNGAY,JNGAY
5IS4Q,5IS4Q
FIULI,FIULI
JZSD4,JZSD4
84PN6,84PN6
A67I2,A67I2
03VNE,03VNE
FKKC0,FKKC0
PT72J,PT72J
V2B4B,V2B4B
AKZ3M,AKZ3M
9ZORW,9ZORW
96BE9,96BE9
LF3QE,LF3QE
IEJ0O,IEJ0O
EYL2V,EYL2V
4R3L9,4R3L9
37IEG,37IEG
KXALM,KXALM
IIR1W,IIR1W
DE5LT,DE5LT
OP6A3,OP6A3
8SJWY,8SJWY
HEHUF,HEHUF
O1HQ0,O1HQ0
ZRAGZ,ZRAGZ
P007W,P007W
XPMRR,XPMRR
LL77F,LL77F
LWVPG,LWVPG
ZNKRX,ZNKRX
QVMD2,QVMD2
YP7DK,YP7DK
DG5V8,DG5V8
EWKH9,EWKH9
ATQ1J,ATQ1J
QUDPA,QUDPA
5R0KH,5R0KH
RJPWV,RJPWV
4HQ10,4HQ10
S8OKS,S8OKS
XC18L,XC18L
E57OX,E57OX
3JR8E,3JR8E
QNUR2,QNUR2
RSPYG,RSPYG
UKD3A,UKD3A
IF8LZ,IF8LZ
54YRP,54YRP
0NWCR,0NWCR
NYPBY,NYPBY
684Y8,684Y8
TQU5J,TQU5J
ZPYNO,ZPYNO
D9FOH,D9FOH
5O0GH,5O0GH
A14Z0,A14Z0
FUMBN,FUMBN
LPJZG,LPJZG
DOXZJ,DOXZJ
8AFDZ,8AFDZ
7I0OW,7I0OW
BVR12,BVR12
RJ07G,RJ07G
PT953,PT953
BOJD8,BOJD8
9E0DS,9E0DS
Z5POR,Z5POR
8K8VK,8K8VK
I54YD,I54YD
CFHSU,CFHSU
PS1SK,PS1SK
03MBE,03MBE
MEYY9,MEYY9
BYN5F,BYN5F
MPWMB,MPWMB
GSD5D,GSD5D
1N608,1N608
ZRG3P,ZRG3P
GI1NJ,GI1NJ
65GC6,65GC6
JLM6H,JLM6H
NY3J0,NY3J0
2CN6J,2CN6J
M5DC9,M5DC9
5PVQB,5PVQB
5ZGJK,5ZGJK
TVK6O,TVK6O
7UZ0H,7UZ0H
E1GYN,E1GYN
94MU0,94MU0
N5XCW,N5XCW
J935F,J935F
S0VGA,S0VGA
XYJCN,XYJCN
0DZA9,0DZA9
Z605R,Z605R
YCVOO,YCVOO
S6KTY,S6KTY
5FGZV,5FGZV
X229J,X229J
9CCZY,9CCZY
8WB7U,8WB7U
DR1GC,DR1GC
FFDZP,FFDZP
7SAL4,7SAL4
140NH,140NH
MBWGQ,MBWGQ
46LU4,46LU4
NZG0V,NZG0V
3EK6K,3EK6K
VE2MZ,VE2MZ
Z00RL,Z00RL
K0CZY,K0CZY
E2YD6,E2YD6
QQ3TE,QQ3TE
BNP6K,BNP6K
OY7AG,OY7AG
DAXFG,DAXFG
7XXTM,7XXTM
HEB2L,HEB2L
57YJO,57YJO
9YCIR,9YCIR
OGCNN,OGCNN
60Q2O,60Q2O
S74N8,S74N8
IUWFP,IUWFP
1EJUX,1EJUX
IZ0LN,IZ0LN
WCOTL,WCOTL
BCCFZ,BCCFZ
H1PQ4,H1PQ4
1HME0,1HME0
FMV09,FMV09
56ZFL,56ZFL
FUPRI,FUPRI
ZOEIJ,ZOEIJ
53VNH,53VNH
P4TIL,P4TIL
GHO1Y,GHO1Y
LUUQV,LUUQV
WCT5W,WCT5W
MS4ZC,MS4ZC
LL5X1,LL5X1
5CJ42,5CJ42
2BKRR,2BKRR
LWAW6,LWAW6
IPB1C,IPB1C
7X312,7X312
FUWIZ,FUWIZ
YOJ84,YOJ84
11FML,11FML
RB5IJ,RB5IJ
70TJF,70TJF
3G72J,3G72J
XFQJC,XFQJC
SFE4X,SFE4X
QSKW1,QSKW1
AL56S,AL56S
XVRPQ,XVRPQ
WDYIK,WDYIK
KFM6H,KFM6H
SH0NM,SH0NM
RNQS9,RNQS9
1TWS6,1TWS6
4SIBX,4SIBX
4J1UT,4J1UT
XAPK1,XAPK1
PJBOG,PJBOG
NYDEV,NYDEV
8UMS8,8UMS8
23T9C,23T9C
O1JZL,O1JZL
6FPEL,6FPEL
Y66PL,Y66PL
7CG1I,7CG1I
2YSIR,2YSIR
UZNJ3,UZNJ3
B23NS,B23NS
75R5J,75R5J
UF4CV,UF4CV
APJGR,APJGR
4W2NS,4W2NS
R0M6Z,R0M6Z
NJ4JA,NJ4JA
9XVUM,9XVUM
7SUDP,7SUDP
3B5SZ,3B5SZ
J18EN,J18EN
G59OB,G59OB
FCO3B,FCO3B
DPFMG,DPFMG
D8OD6,D8OD6
931V9,931V9
TIBCY,TIBCY
XNH51,XNH51
M81HU,M81HU
DJLUR,DJLUR
0FU09,0FU09
C9EPM,C9EPM
REA4L,REA4L
GM6QD,GM6QD
IX7MX,IX7MX
4OZM1,4OZM1
ME4QS,ME4QS
Y0LOR,Y0LOR
V6WWP,V6WWP
DR2RM,DR2RM
516F7,516F7
MAFQN,MAFQN
6YONZ,6YONZ
SFMM8,SFMM8
H8026,H8026
71BB8,71BB8
QM7NS,QM7NS
9ZQG3,9ZQG3
Z1PQ2,Z1PQ2
OBASA,OBASA
40QEU,40QEU
0GC86,0GC86
EJKLN,EJKLN
83AUQ,83AUQ
6Z70J,6Z70J
BZYRY,BZYRY
WDTB1,WDTB1
3OC32,3OC32
2853A,2853A
6ZVL7,6ZVL7
TH2QV,TH2QV
O8API,O8API
NF45X,NF45X
AT2AL,AT2AL
U49IS,U49IS
R2F7U,R2F7U
JXZTP,JXZTP
0MAPX,0MAPX
MRV8G,MRV8G
TKJ4V,TKJ4V
1M17P,1M17P
85UD7,85UD7
KHWFY,KHWFY
CKHRB,CKHRB
B3EX4,B3EX4
4PCDV,4PCDV
EM2CZ,EM2CZ
6FT16,6FT16
0RNR7,0RNR7
QV8MI,QV8MI
P77PG,P77PG
J228T,J228T
BOF2M,BOF2M
E1GZ5,E1GZ5
NFOKS,NFOKS
9RTT1,9RTT1
3OVJX,3OVJX
Y79IC,Y79IC
PIYSR,PIYSR
VJJ5F,VJJ5F
2J9I9,2J9I9
77YN4,77YN4
ILZCR,ILZCR
N25YI,N25YI
YBJ3V,YBJ3V
0PNEQ,0PNEQ
RY1C1,RY1C1
FO1HD,FO1HD
QRTM0,QRTM0
VD64Q,VD64Q
GIC83,GIC83
4W1G8,4W1G8
UB16F,UB16F
NXZMS,NXZMS
NAY0K,NAY0K
6VNNU,6VNNU
8UKC6,8UKC6
MWL8R,MWL8R
F6D4T,F6D4T
JIU0G,JIU0G
LV2H2,LV2H2
RP1ZD,RP1ZD
3YVAO,3YVAO
KLLOR,KLLOR
IGK1O,IGK1O
4K3ZO,4K3ZO
NYPHR,NYPHR
NIYFK,NIYFK
7IZY3,7IZY3
GL0UL,GL0UL
MDCZE,MDCZE
7F837,7F837
DMBEO,DMBEO
BTF44,BTF44
2A6JP,2A6JP
LEY53,LEY53
BWBI0,BWBI0
9Q2XW,9Q2XW
9Y5AF,9Y5AF
KXS59,KXS59
MLQEF,MLQEF
W777S,W777S
ZA7ZO,ZA7ZO
7UX8E,7UX8E
HYOYK,HYOYK
IR5EV,IR5EV
37G6E,37G6E
MJ5GG,MJ5GG
YQQYI,YQQYI
EOZNT,EOZNT
BVMZL,BVMZL
EJWY8,EJWY8
1KBWW,1KBWW
BT67I,BT67I
153QT,153QT
N1VYP,N1VYP
2VK9E,2VK9E
HI35Z,HI35Z
ZFBAT,ZFBAT
KGHH5,KGHH5
LBQON,LBQON
BUX5N,BUX5N
UYB7P,UYB7P
HRQCO,HRQCO
IBR3D,IBR3D
8YLSC,8YLSC
I7OLH,I7OLH
4V975,4V975
BVC69,BVC69
M6UVH,M6UVH
3OJCO,3OJCO
BHLAO,BHLAO
K5ML7,K5ML7
P08G5,P08G5
MOMTV,MOMTV
6BWGD,6BWGD
L3VDO,L3VDO
LJVL0,LJVL0
GIEBB,GIEBB
I7D2I,I7D2I
RRV4T,RRV4T
IWRLK,IWRLK
OBWO5,OBWO5
JM396,JM396
PM02Q,PM02Q
HRSZ5,HRSZ5
ZRP7C,ZRP7C
2EDU9,2EDU9
4RDQM,4RDQM
H9N1D,H9N1D
X9N2O,X9N2O
OUF7Z,OUF7Z
U6O2R,U6O2R
NZ5K2,NZ5K2
U6QEI,U6QEI
HL4HY,HL4HY
KLADF,KLADF
QPH0G,QPH0G
C1KTP,C1KTP
R93CU,R93CU
RXLMT,RXLMT
0BSKC,0BSKC
PPDGW,PPDGW
G5XA9,G5XA9
NBIAB,NBIAB
1PMMT,1PMMT
VQ2Q2,VQ2Q2
RNHUC,RNHUC
LOR71,LOR71
V6480,V6480
IDBKG,IDBKG
NV9TD,NV9TD
QH5ZS,QH5ZS
WH46H,WH46H
PNUNH,PNUNH
3OHLP,3OHLP
11Z4F,11Z4F
6Z383,6Z383
S2AJ9,S2AJ9
RGUGH,RGUGH
Q2SLM,Q2SLM
V5A71,V5A71
E416C,E416C
2WQ9L,2WQ9L
ZFCLV,ZFCLV
EQ28G,EQ28G
H53W6,H53W6
J9XZB,J9XZB
V822W,V822W
FVMXC,FVMXC
BSL4P,BSL4P
6RWJ3,6RWJ3
I7BTX,I7BTX
V0TU4,V0TU4
ECXW4,ECXW4
2K5RQ,2K5RQ
MNX1L,MNX1L
PKXBV,PKXBV
OEM73,OEM73
KH3XN,KH3XN
M8TZ4,M8TZ4
07KYG,07KYG
7J7ZJ,7J7ZJ
7G107,7G107
UTX1O,UTX1O
9HG0E,9HG0E
OK0UC,OK0UC
UBUUT,UBUUT
KX5M9,KX5M9
KNQSH,KNQSH
R5AVB,R5AVB
P5JFZ,P5JFZ
SE71J,SE71J
NI4H0,NI4H0
YFXPV,YFXPV
4IOMG,4IOMG
PV7X1,PV7X1
DDNCN,DDNCN
94H46,94H46
RZ2PA,RZ2PA
PQ0Z7,PQ0Z7
MQC03,MQC03
FT2X1,FT2X1
TRP8Y,TRP8Y
VSWI1,VSWI1
O1DQ0,O1DQ0
7W0ZM,7W0ZM
5K23D,5K23D
TX02O,TX02O
0ZV1L,0ZV1L
WBGEU,WBGEU
TTO8H,TTO8H
OHSKN,OHSKN
AG41O,AG41O
2Q2RO,2Q2RO
OYGZS,OYGZS
CLL8Z,CLL8Z
D25Z3,D25Z3
7IDJZ,7IDJZ
Z95U5,Z95U5
SX9MS,SX9MS
Z38UB,Z38UB
CJ8OH,CJ8OH
O8N0H,O8N0H
HQ93C,HQ93C
1FPC6,1FPC6
283DJ,283DJ
VDGMK,VDGMK
PCHB8,PCHB8
SES5G,SES5G
431MN,431MN
P2BP9,P2BP9
G02BL,G02BL
4DVYY,4DVYY
4DYYE,4DYYE
3H82M,3H82M
O0JI4,O0JI4
MJWJX,MJWJX
ZK3UE,ZK3UE
OQUPA,OQUPA
EUPAF,EUPAF
882XF,882XF
8Y2FR,8Y2FR
4M153,4M153
96BUY,96BUY
8CORS,8CORS
O9PLG,O9PLG
OENCA,OENCA
NE13R,NE13R
2Y8LS,2Y8LS
IMT8B,IMT8B
DZP8S,DZP8S
XBTF9,XBTF9
JAZUL,JAZUL
HOT4L,HOT4L
LCQGX,LCQGX
O3D5R,O3D5R
WQJPD,WQJPD
CBVF2,CBVF2
2FXHD,2FXHD
6TFJO,6TFJO
45M0N,45M0N
ERUKQ,ERUKQ
LDMH8,LDMH8
FRWL7,FRWL7
BLCZF,BLCZF
11KRH,11KRH
JRZ51,JRZ51
FSX8W,FSX8W
THCBM,THCBM
N4IYX,N4IYX
JK2IH,JK2IH
EGZO9,EGZO9
XM83B,XM83B
6OD0D,6OD0D
M7E7W,M7E7W
QWUQ8,QWUQ8
AVBAS,AVBAS
XNXXQ,XNXXQ
TPWLP,TPWLP
F1TZK,F1TZK
YVUVX,YVUVX
Z5H1C,Z5H1C
39Q3G,39Q3G
1HTNU,1HTNU
7EAYV,7EAYV
M2MH6,M2MH6
EHGMI,EHGMI
BXAZP,BXAZP
JRX83,JRX83
GTZL9,GTZL9
K7CPV,K7CPV
03Q1A,03Q1A
94K0T,94K0T
5ZUOF,5ZUOF
3OH4R,3OH4R
BSJWZ,BSJWZ
I0AAH,I0AAH
YH72S,YH72S
P021T,P021T
TSMAI,TSMAI
LA4OD,LA4OD
HMYAZ,HMYAZ
BSQ6G,BSQ6G
ULTS6,ULTS6
25X3L,25X3L
DA4M5,DA4M5
7MFH9,7MFH9
34PE3,34PE3
2UUUR,2UUUR
VFMME,VFMME
7JBQK,7JBQK
41WIE,41WIE
WY39O,WY39O
83SOA,83SOA
T2RM1,T2RM1
3EUZM,3EUZM
KW4NL,KW4NL
2WHZV,2WHZV
MUWS0,MUWS0
0IW47,0IW47
QUAS0,QUAS0
97NLX,97NLX
VS1E5,VS1E5
VMMRM,VMMRM
7KB5T,7KB5T
1ZRUA,1ZRUA
NELTP,NELTP
STNEI,STNEI
3FWR4,3FWR4
G62TZ,G62TZ
ZCQX6,ZCQX6
O7WH6,O7WH6
X5TO6,X5TO6
4GUNY,4GUNY
6BP1I,6BP1I
AOOMP,AOOMP
GUTG0,GUTG0
G4JP4,G4JP4
BVTKX,BVTKX
660LX,660LX
DSZXY,DSZXY
F98U6,F98U6
MS8SW,MS8SW
3AZC2,3AZC2
0YWCA,0YWCA
RZZ27,RZZ27
L7XRN,L7XRN
NMQKD,NMQKD
P2J47,P2J47
WGCWG,WGCWG
QBZLI,QBZLI
XTIE8,XTIE8
XV33N,XV33N
CCRUG,CCRUG
F0QNN,F0QNN
TW6Y4,TW6Y4
EUZ71,EUZ71
7O4ED,7O4ED
BENEO,BENEO
MEFEP,MEFEP
FRZLL,FRZLL
00EQB,00EQB
WYXM1,WYXM1
EKJLP,EKJLP
XYUIJ,XYUIJ
B9W5N,B9W5N
BYPKE,BYPKE
SZZJQ,SZZJQ
8JUEO,8JUEO
BKJ0P,BKJ0P
4LRA8,4LRA8
DGAOV,DGAOV
A6SDX,A6SDX
4H2UE,4H2UE
RSXO0,RSXO0
V68ZP,V68ZP
T7OQB,T7OQB
GU5UI,GU5UI
52FGG,52FGG
BOE1I,BOE1I
CK7DI,CK7DI
CMQEH,CMQEH
9KGXR,9KGXR
8A4ML,8A4ML
22LTF,22LTF
UTYSK,UTYSK
CNV6M,CNV6M
OK0RR,OK0RR
LS1DF,LS1DF
OYMLP,OYMLP
Q4WN9,Q4WN9
9G839,9G839
51QN8,51QN8
1SF7S,1SF7S
CJK5O,CJK5O
CGVNY,CGVNY
SVI0V,SVI0V
NLPE4,NLPE4
9VX5N,9VX5N
VB9Q9,VB9Q9
PDG0Q,PDG0Q
G3IOS,G3IOS
DV2VD,DV2VD
JSB3S,JSB3S
0RIX0,0RIX0
PFT6S,PFT6S
JJ9OK,JJ9OK
GQJOU,GQJOU
ZKSES,ZKSES
K9YU2,K9YU2
ALDGJ,ALDGJ
2284I,2284I
B9QW4,B9QW4
U75L4,U75L4
MBLI9,MBLI9
NAETJ,NAETJ
5D956,5D956
MSVPL,MSVPL
WCYX4,WCYX4
VIQLR,VIQLR
RQ9GR,RQ9GR
E1UNG,E1UNG
8E1PZ,8E1PZ
OUUT8,OUUT8
XTHPU,XTHPU
MC96L,MC96L
P7BVQ,P7BVQ
43256,43256
GX804,GX804
GP8YW,GP8YW
YGTB5,YGTB5
2KGBA,2KGBA
V7UDB,V7UDB
2PZQ1,2PZQ1
HP0AS,HP0AS
6PWN5,6PWN5
L70BK,L70BK
WC97D,WC97D
DRW0H,DRW0H
NCOZV,NCOZV
2O3ZJ,2O3ZJ
GT7VJ,GT7VJ
VONQL,VONQL
4FI16,4FI16
0B0RM,0B0RM
5BN6Q,5BN6Q
POJQV,POJQV
OQFPO,OQFPO
Y05PW,Y05PW
6U4RS,6U4RS
7V3L6,7V3L6
Q1M5C,Q1M5C
0UZUZ,0UZUZ
7FY9Y,7FY9Y
1O7VH,1O7VH
I5O38,I5O38
JF4H4,JF4H4
X517N,X517N
5SYP3,5SYP3
GFITS,GFITS
LASZQ,LASZQ
6MJJD,6MJJD
ZM5MH,ZM5MH
29RDS,29RDS
22W1S,22W1S
97A3K,97A3K
LHAZV,LHAZV
BQ7FF,BQ7FF
OBR7C,OBR7C
VX9FV,VX9FV
LTOGC,LTOGC
VW55N,VW55N
JL4AL,JL4AL
RJ8DR,RJ8DR
O8AVH,O8AVH
WL1JM,WL1JM
QCJCU,QCJCU
MFCHU,MFCHU
9WX82,9WX82
OTCXF,OTCXF
E52O2,E52O2
RLKFC,RLKFC
2Y3BK,2Y3BK
MLKSW,MLKSW
VO6JN,VO6JN
FFCE1,FFCE1
LJIJR,LJIJR
XZ0RI,XZ0RI
U5NX6,U5NX6
UUZY4,UUZY4
NEY5N,NEY5N
0OJGM,0OJGM
RKAKC,RKAKC
Z7P3W,Z7P3W
EQNEQ,EQNEQ
II4YC,II4YC
R9D0O,R9D0O
VD2A8,VD2A8
MFEFS,MFEFS
OY1NT,OY1NT
O3OWC,O3OWC
ZR8FC,ZR8FC
NH98C,NH98C
MAFUE,MAFUE
C520W,C520W
6109K,6109K
Y3MTW,Y3MTW
PZM4X,PZM4X
9BZN9,9BZN9
L786D,L786D
BE6F4,BE6F4
CTZU4,CTZU4
1YZDG,1YZDG
SC8E6,SC8E6
XNQQV,XNQQV
0DJ94,0DJ94
DNOXC,DNOXC
UKH8U,UKH8U
J797E,J797E
H7NM9,H7NM9
TQD3I,TQD3I
OH8FM,OH8FM
PGWM7,PGWM7
AKYIJ,AKYIJ
S83TV,S83TV
QXQA9,QXQA9
SXRXA,SXRXA
0MKKN,0MKKN
W9CBA,W9CBA
4B5NA,4B5NA
ETOAN,ETOAN
2Y54Z,2Y54Z
QYC1E,QYC1E
SU6TR,SU6TR
064L1,064L1
GUAPG,GUAPG
CGGDX,CGGDX
FVOD2,FVOD2
EL8IC,EL8IC
W1SQ9,W1SQ9
JXF9L,JXF9L
3NVC7,3NVC7
RSM4D,RSM4D
HTC1A,HTC1A
79S9R,79S9R
1NOC7,1NOC7
1H4LG,1H4LG
4YP6J,4YP6J
YDAEG,YDAEG
05BHI,05BHI
E54GS,E54GS
SNP4F,SNP4F
AHV7Z,AHV7Z
HSEMF,HSEMF
HQY72,HQY72
P09Q2,P09Q2
JG6AG,JG6AG
UHEHZ,UHEHZ
ZQNDC,ZQNDC
TDTBD,TDTBD
ERUQ6,ERUQ6
PT3FO,PT3FO
SB7LD,SB7LD
LH4GE,LH4GE
4N9S1,4N9S1
L11C4,L11C4
3Q01K,3Q01K
NDANA,NDANA
CFBV3,CFBV3
ASV8C,ASV8C
UCN31,UCN31
4L06W,4L06W
DQHI8,DQHI8
FWH4V,FWH4V
CP9PR,CP9PR
0DBJ5,0DBJ5
I4CFK,I4CFK
65NXN,65NXN
9QI4D,9QI4D
TGYIE,TGYIE
7HCZ5,7HCZ5
MYSF4,MYSF4
WTTEP,WTTEP
SN5YO,SN5YO
95W9Q,95W9Q
GNFRC,GNFRC
TMUIT,TMUIT
1VLJ4,1VLJ4
BQK24,BQK24
V9CDB,V9CDB
ZMNMV,ZMNMV
5I2F3,5I2F3
RLVRG,RLVRG
X9W5G,X9W5G
OJ06W,OJ06W
IWB5A,IWB5A
C7N9X,C7N9X
CSZRB,CSZRB
RPY7Z,RPY7Z
7G26G,7G26G
W4C8G,W4C8G
O8F7C,O8F7C
WC1ZP,WC1ZP
74OL9,74OL9
GPT2C,GPT2C
K9J4E,K9J4E
IAT4R,IAT4R
VIXEB,VIXEB
8SJ1Q,8SJ1Q
0WQD1,0WQD1
DAW3Q,DAW3Q
CKZDH,CKZDH
608A7,608A7
XWHT2,XWHT2
PJJJR,PJJJR
AKMM3,AKMM3
2D6SV,2D6SV
CWWA5,CWWA5
QAXUJ,QAXUJ
38T4Z,38T4Z
WD96G,WD96G
CUKOX,CUKOX
TH98H,TH98H
D4WGS,D4WGS
16GT9,16GT9
CBOX3,CBOX3
UD6NA,UD6NA
4O2LS,4O2LS
FNJ36,FNJ36
A9PGW,A9PGW
T7DS0,T7DS0
PWB1Z,PWB1Z
4HRJO,4HRJO
C5XK6,C5XK6
UVJ9Q,UVJ9Q
5OFE1,5OFE1
QTDVU,QTDVU
IUMEX,IUMEX
3IKNI,3IKNI
7Y4XC,7Y4XC
TELRP,TELRP
9VQ0Y,9VQ0Y
KPQ4J,KPQ4J
9CKY2,9CKY2
XV7PW,XV7PW
E7Q4T,E7Q4T
9TRH8,9TRH8
T98F8,T98F8
BI56E,BI56E
65BZI,65BZI
XN149,XN149
HZDTE,HZDTE
PJBZ0,PJBZ0
E3GFO,E3GFO
ABYXQ,ABYXQ
CBQIB,CBQIB
S0KM4,S0KM4
9DVXG,9DVXG
1EO44,1EO44
COZGS,COZGS
8L9Z3,8L9Z3
2DD96,2DD96
I9OWI,I9OWI
AETEZ,AETEZ
I0PQJ,I0PQJ
UKLLV,UKLLV
BN9J5,BN9J5
IHKAK,IHKAK
HF3W1,HF3W1
DIYSR,DIYSR
HOIVV,HOIVV
GK6WA,GK6WA
68G65,68G65
BUSOG,BUSOG
NUN6N,NUN6N
PBQNT,PBQNT
OHV0I,OHV0I
O19Y7,O19Y7
3M1C5,3M1C5
ZO8EL,ZO8EL
0ZKFQ,0ZKFQ
VQ6PE,VQ6PE
HAJL9,HAJL9
182HQ,182HQ
JBW7Y,JBW7Y
I8I8T,I8I8T
WQBHS,WQBHS
2EPQH,2EPQH
53LW2,53LW2
ELQGR,ELQGR
623CA,623CA
QSYRA,QSYRA
Z4GAB,Z4GAB
GS1JU,GS1JU
NRS9G,NRS9G
R2HOW,R2HOW
V8GM7,V8GM7
7L7M4,7L7M4
4M0WH,4M0WH
0NETJ,0NETJ
N4FI1,N4FI1
UQW47,UQW47
O8Q0W,O8Q0W
AAWMX,AAWMX
IQBJI,IQBJI
ZZLBH,ZZLBH
ES2RB,ES2RB
LMTYW,LMTYW
OK3IF,OK3IF
FT9IP,FT9IP
F52I8,F52I8
K8AFH,K8AFH
56XK9,56XK9
5BELA,5BELA
0GNIS,0GNIS
HOZ87,HOZ87
TQ5RY,TQ5RY
IOE8E,IOE8E
4AVKW,4AVKW
Q61AP,Q61AP
PSI6C,PSI6C
2B1IK,2B1IK
QTQPV,QTQPV
0S8CV,0S8CV
GU86Z,GU86Z
6RZCN,6RZCN
5YRI3,5YRI3
5CXA7,5CXA7
QPC5D,QPC5D
G6QOC,G6QOC
YUI7P,YUI7P
7DLPM,7DLPM
V55KB,V55KB
K3KSI,K3KSI
KS8QF,KS8QF
F3BPH,F3BPH
14DUZ,14DUZ
3OF4B,3OF4B
8TUK0,8TUK0
W9KTI,W9KTI
Y35KR,Y35KR
UDUVE,UDUVE
5P7IG,5P7IG
LQC8O,LQC8O
8Z641,8Z641
9AOZ4,9AOZ4
Y5L1O,Y5L1O
ESZNB,ESZNB
MATX0,MATX0
UF561,UF561
4KANH,4KANH
XX919,XX919
O2TU0,O2TU0
C75JN,C75JN
X1SD8,X1SD8
65IYD,65IYD
XPG98,XPG98
VBJKE,VBJKE
ZP4V4,ZP4V4
3SKPM,3SKPM
LFOC2,LFOC2
Q4RI5,Q4RI5
5F5U3,5F5U3
81O9P,81O9P
0DYL6,0DYL6
MY3AZ,MY3AZ
GT2YY,GT2YY
GFX1Y,GFX1Y
7LNS5,7LNS5
LKQRI,LKQRI
JJQKL,JJQKL
1L789,1L789
L2P5C,L2P5C
IUXNL,IUXNL
3N4WH,3N4WH
OO7I5,OO7I5
6S7VE,6S7VE
AC2Q8,AC2Q8
HVR2F,HVR2F
14MBV,14MBV
ZFR6R,ZFR6R
ITMY8,ITMY8
0V2SY,0V2SY
Z6PVA,Z6PVA
6NCAD,6NCAD
PB1OC,PB1OC
7OK1K,7OK1K
J10M6,J10M6
G1HWH,G1HWH
BPCR8,BPCR8
1HRVA,1HRVA
N5GUT,N5GUT
KRC6B,KRC6B
B3NSC,B3NSC
L8EBT,L8EBT
9I932,9I932
P921P,P921P
YS592,YS592
SQ753,SQ753
2E3C2,2E3C2
RQ602,RQ602
OE8HB,OE8HB
02SVM,02SVM
MF7FO,MF7FO
MG401,MG401
T8XFV,T8XFV
9FMPD,9FMPD
GCY7P,GCY7P
9AB4F,9AB4F
DGMQT,DGMQT
HHEFM,HHEFM
5R8AO,5R8AO
UAONF,UAONF
0H1IK,0H1IK
GKBXO,GKBXO
MHKJP,MHKJP
O9PM8,O9PM8
BLM6Z,BLM6Z
PSX4U,PSX4U
JRZ1G,JRZ1G
UCZK4,UCZK4
22EWM,22EWM
WUDGK,WUDGK
05YCJ,05YCJ
Z4MRW,Z4MRW
1723E,1723E
LW7AU,LW7AU
IKHHJ,IKHHJ
MC50B,MC50B
WE32J,WE32J
J05CW,J05CW
65DE9,65DE9
55REY,55REY
6DWQX,6DWQX
R484E,R484E
P20XF,P20XF
NU6U4,NU6U4
DRVZ8,DRVZ8
BODDK,BODDK
TMQO9,TMQO9
ONS2I,ONS2I
A66UM,A66UM
6WHHL,6WHHL
6T0RH,6T0RH
UDUYE,UDUYE
IRPSN,IRPSN
BYOAP,BYOAP
SR9FK,SR9FK
49WQ2,49WQ2
VYSKM,VYSKM
405DV,405DV
Q4BE0,Q4BE0
ZK17O,ZK17O
UF61G,UF61G
IJQUQ,IJQUQ
59VOP,59VOP
ZMFJQ,ZMFJQ
AZTIC,AZTIC
S1PX0,S1PX0
X0GO0,X0GO0
15SEQ,15SEQ
RGHWU,RGHWU
7VP06,7VP06
6K7LD,6K7LD
EKMP0,EKMP0
TG39A,TG39A
J8EZU,J8EZU
H0Z3M,H0Z3M
91JSR,91JSR
TZUAH,TZUAH
MCI3P,MCI3P
Y3UYW,Y3UYW
O41RA,O41RA
SHLU6,SHLU6
0EWKR,0EWKR
RU9KP,RU9KP
XIJ4D,XIJ4D
8ENNN,8ENNN
JUO6G,JUO6G
710R4,710R4
8G3T6,8G3T6
ZLUBE,ZLUBE
N0OT3,N0OT3
T3RK3,T3RK3
I8UF5,I8UF5
TPB7O,TPB7O
54K5Y,54K5Y
NZ540,NZ540
BUN3B,BUN3B
K5G4O,K5G4O
V829R,V829R
JXZHV,JXZHV
ARD7N,ARD7N
7B8XN,7B8XN
O0ZS3,O0ZS3
DP4NW,DP4NW
A4XF8,A4XF8
KVVM1,KVVM1
FVFWA,FVFWA
X8PSO,X8PSO
NTWHT,NTWHT
Z5GR8,Z5GR8
GBA45,GBA45
KRKTO,KRKTO
HE99K,HE99K
61PTP,61PTP
1HGF2,1HGF2
PLK5F,PLK5F
URH05,URH05
0IQYN,0IQYN
KOU4P,KOU4P
T471G,T471G
4PZC0,4PZC0
OIC7B,OIC7B
F5UNO,F5UNO
5K1HG,5K1HG
7Q1DR,7Q1DR
NSLLM,NSLLM
Q8FYA,Q8FYA
TQPHB,TQPHB
L5FWJ,L5FWJ
UARFX,UARFX
V36LE,V36LE
73TBZ,73TBZ
V4F5F,V4F5F
J4AH5,J4AH5
UZTW3,UZTW3
N3U64,N3U64
8R0V2,8R0V2
3QRI9,3QRI9
AVO9O,AVO9O
8LQ8P,8LQ8P
AGJ69,AGJ69
13UK5,13UK5
52Y5L,52Y5L
G0S13,G0S13
5L0AR,5L0AR
9DMJ8,9DMJ8
I7AJL,I7AJL
E4GD1,E4GD1
I8R1N,I8R1N
RF94B,RF94B
Y13N6,Y13N6
B5U9C,B5U9C
N3YU6,N3YU6
JYE8V,JYE8V
XA15O,XA15O
0SVSJ,0SVSJ
UAABL,UAABL
FJ9KZ,FJ9KZ
4V460,4V460
3EQXR,3EQXR
S00A1,S00A1
3OA06,3OA06
MGRFB,MGRFB
MOF56,MOF56
ENJ87,ENJ87
V2VN2,V2VN2
9VKG2,9VKG2
T6N3F,T6N3F
RX52V,RX52V
U3UP1,U3UP1
CWCDZ,CWCDZ
L725G,L725G
GQ9HB,GQ9HB
UAMDA,UAMDA
8GIXU,8GIXU
3C4I3,3C4I3
ATTIZ,ATTIZ
1WPSI,1WPSI
5710E,5710E
UHY7L,UHY7L
IHIQL,IHIQL
B7K7P,B7K7P
CCXKK,CCXKK
QTGKQ,QTGKQ
WPMDS,WPMDS
TA3XC,TA3XC
TA0DC,TA0DC
6I6QD,6I6QD
MJIDT,MJIDT
73OTD,73OTD
RIMI5,RIMI5
S80HX,S80HX
1N5MV,1N5MV
8KW9H,8KW9H
W4JQR,W4JQR
QNQM2,QNQM2
1V9XW,1V9XW
E4N40,E4N40
E5BLT,E5BLT
T8ORP,T8ORP
7BFD0,7BFD0
DKFJ4,DKFJ4
ETR5S,ETR5S
7TFNA,7TFNA
4VSVI,4VSVI
ZJIE7,ZJIE7
Y0DXF,Y0DXF
DFD8V,DFD8V
0FMVE,0FMVE
XITO9,XITO9
963DA,963DA
IM5YW,IM5YW
3GKR7,3GKR7
MCUEF,MCUEF
7JRC8,7JRC8
58OOA,58OOA
27KSF,27KSF
5IDAB,5IDAB
FMMW8,FMMW8
32UIW,32UIW
TF4YU,TF4YU
9VYNY,9VYNY
S1OTR,S1OTR
AIWN8,AIWN8
H6CK2,H6CK2
72JBF,72JBF
CT28U,CT28U
ATSYE,ATSYE
MWCO3,MWCO3
N2UWR,N2UWR
F2L6E,F2L6E
6MVHN,6MVHN
GIZEB,GIZEB
FF1PV,FF1PV
UVR2M,UVR2M
H442K,H442K
XAR09,XAR09
C85KU,C85KU
FUZ8Q,FUZ8Q
QCY4M,QCY4M
RVC9C,RVC9C
FTI7T,FTI7T
Y4O4P,Y4O4P
FSS7Z,FSS7Z
L93XD,L93XD
KFHQ6,KFHQ6
AU3BQ,AU3BQ
XH0PX,XH0PX
5W1KR,5W1KR
1QXYG,1QXYG
DEJS4,DEJS4
I3RE4,I3RE4
G2RJC,G2RJC
HMTTE,HMTTE
AWLZ6,AWLZ6
K6UNS,K6UNS
N2NNT,N2NNT
GGOCT,GGOCT
OBL2W,OBL2W
WR40M,WR40M
O8RUG,O8RUG
LC3YR,LC3YR
2KGH4,2KGH4
C2M6X,C2M6X
ILUDP,ILUDP
YDPID,YDPID
N1LHB,N1LHB
2FYO8,2FYO8
ZBNPG,ZBNPG
491ZM,491ZM
RIOIK,RIOIK
9LBEC,9LBEC
6B5MY,6B5MY
7LAVU,7LAVU
DWKLP,DWKLP
R6RA8,R6RA8
XVAZ8,XVAZ8
4OFLT,4OFLT
6A2IX,6A2IX
SVDNU,SVDNU
I5JH8,I5JH8
UHLT9,UHLT9
9P1M1,9P1M1
23U5X,23U5X
UUMJD,UUMJD
HDJQC,HDJQC
WLD79,WLD79
OYXDQ,OYXDQ
7B5I3,7B5I3
F2VLG,F2VLG
UNEAP,UNEAP
2YYV1,2YYV1
O99JQ,O99JQ
546V4,546V4
X4QPJ,X4QPJ
V4UND,V4UND
D5APA,D5APA
T0ZP3,T0ZP3
RM6OP,RM6OP
3JJZT,3JJZT
E4I7A,E4I7A
HSZB3,HSZB3
QOVJO,QOVJO
ZCO9Y,ZCO9Y
HYTZA,HYTZA
GA3BI,GA3BI
UKOPU,UKOPU
U9R7I,U9R7I
6HUCN,6HUCN
D5IT6,D5IT6
4EET3,4EET3
MPMR4,MPMR4
GXWSY,GXWSY
WH2FY,WH2FY
K8VV2,K8VV2
XPG47,XPG47
9WBTQ,9WBTQ
E4SQ0,E4SQ0
1M091,1M091
2I2JP,2I2JP
55K29,55K29
D7WVD,D7WVD
2VGUN,2VGUN
7HR2H,7HR2H
PY65H,PY65H
0XS18,0XS18
ETXNW,ETXNW
7PU7W,7PU7W
1EU8T,1EU8T
SDICP,SDICP
NDHIL,NDHIL
TLFDI,TLFDI
MONMH,MONMH
LKY3D,LKY3D
UGOH9,UGOH9
7T5FA,7T5FA
8116O,8116O
ISAXT,ISAXT
PET3V,PET3V
XHFY2,XHFY2
O3HCR,O3HCR
1IV1J,1IV1J
0EGEM,0EGEM
PJIKB,PJIKB
TIQRO,TIQRO
5CZEA,5CZEA
JLXM2,JLXM2
D6QM3,D6QM3
LELKY,LELKY
ZAJ22,ZAJ22
QFVLC,QFVLC
5F70D,5F70D
QE18B,QE18B
5GU34,5GU34
L9FY2,L9FY2
0QKQX,0QKQX
63AWV,63AWV
30OM3,30OM3
5CG8K,5CG8K
L2VF8,L2VF8
UN0IL,UN0IL
QPE3U,QPE3U
CEI0M,CEI0M
TVX1E,TVX1E
76WLJ,76WLJ
MGBOK,MGBOK
1V69Q,1V69Q
0D1IL,0D1IL
8A7CV,8A7CV
RU6PL,RU6PL
29OA2,29OA2
ZZ88A,ZZ88A
7V79F,7V79F
X991K,X991K
TF2B4,TF2B4
4L01A,4L01A
S977F,S977F
BZLYC,BZLYC
QSVZN,QSVZN
JGOY4,JGOY4
MKU4T,MKU4T
XVY09,XVY09
O1Y75,O1Y75
VGGQK,VGGQK
DY5Q6,DY5Q6
EM5GG,EM5GG
979H0,979H0
DKAGG,DKAGG
UBIBN,UBIBN
HLSDK,HLSDK
6ZYQF,6ZYQF
Y5DZ4,Y5DZ4
BPHFG,BPHFG
732YC,732YC
9129W,9129W
8O5S4,8O5S4
5QQSJ,5QQSJ
7JALJ,7JALJ
6F8RS,6F8RS
58XAD,58XAD
P42A5,P42A5
MHIUP,MHIUP
MJ9Z6,MJ9Z6
HEGHK,HEGHK
R66ZB,R66ZB
0ERSP,0ERSP
ZU23S,ZU23S
9N9RJ,9N9RJ
EEFX2,EEFX2
036UG,036UG
SWR7A,SWR7A
370IJ,370IJ
YO2QU,YO2QU
SXLE9,SXLE9
9270Z,9270Z
RVAVK,RVAVK
V246G,V246G
Z147T,Z147T
0E6GQ,0E6GQ
IDGLT,IDGLT
7UOEV,7UOEV
DCRSZ,DCRSZ
6ELQT,6ELQT
BWLY3,BWLY3
9005P,9005P
R2LQ1,R2LQ1
6EZ20,6EZ20
2G8DC,2G8DC
4LN98,4LN98
Q8BLQ,Q8BLQ
19NYI,19NYI
TSB4X,TSB4X
79910,7991
Q8J2D,Q8J2D
Y3497,Y3497
HMOR3,HMOR3
6W6RG,6W6RG
FECY2,FECY2
FVMU8,FVMU8
16CY3,16CY3
S5AOK,S5AOK
3QY10,3QY10
Q7F3Y,Q7F3Y
UB4S7,UB4S7
GH9BP,GH9BP
6GNGT,6GNGT
7ZQYI,7ZQYI
3UL5S,3UL5S
6TC7U,6TC7U
7N4PD,7N4PD
VCI7A,VCI7A
WS6YQ,WS6YQ
H0F1X,H0F1X
86K38,86K38
NWST1,NWST1
OQQZJ,OQQZJ
Y85KR,Y85KR
DQ5MO,DQ5MO
S8ARH,S8ARH
OJ9Y7,OJ9Y7
54YPA,54YPA
DEWXR,DEWXR
OIELV,OIELV
ZK4BW,ZK4BW
OAPJ7,OAPJ7
9BSSB,9BSSB
FDQ43,FDQ43
FLSIS,FLSIS
NUAC5,NUAC5
H55V2,H55V2
W5VOQ,W5VOQ
61DQR,61DQR
Z2FK7,Z2FK7
WSOZX,WSOZX
44KAE,44KAE
240VS,240VS
F6SVO,F6SVO
2X96R,2X96R
KMSQQ,KMSQQ
W3OGX,W3OGX
3L707,3L707
81VGW,81VGW
4RD60,4RD60
P6T54,P6T54
X1P4E,X1P4E
CFFKM,CFFKM
SHI95,SHI95
Q55YP,Q55YP
J244W,J244W
WN5KU,WN5KU
FT3PK,FT3PK
CP7C4,CP7C4
NK4JF,NK4JF
NH2E9,NH2E9
MFBI9,MFBI9
M9V3N,M9V3N
LN9FV,LN9FV
SWWXU,SWWXU
EO0X1,EO0X1
NIDA7,NIDA7
592YE,592YE
JDNQ6,JDNQ6
VEBOJ,VEBOJ
6ZX5Z,6ZX5Z
8BIQO,8BIQO
3D6F9,3D6F9
CWNSR,CWNSR
8O255,8O255
ZZRQS,ZZRQS
G8ON6,G8ON6
5XX9N,5XX9N
TSZ3P,TSZ3P
EP6ZH,EP6ZH
H4B7B,H4B7B
57FF5,57FF5
4PFLW,4PFLW
T608J,T608J
NPUD8,NPUD8
DWMRW,DWMRW
CZWZJ,CZWZJ
GHUH5,GHUH5
PPHI6,PPHI6
AU4FT,AU4FT
CMHDT,CMHDT
B4GWR,B4GWR
6KRH8,6KRH8
PDTJP,PDTJP
ZJ6LR,ZJ6LR
8XRGJ,8XRGJ
PMKU6,PMKU6
A5O5J,A5O5J
CLWAU,CLWAU
KJAPJ,KJAPJ
26BVA,26BVA
IB76B,IB76B
PJQEF,PJQEF
I4P73,I4P73
ZR4N5,ZR4N5
ULYOA,ULYOA
592TV,592TV
21F9J,21F9J
L8JX8,L8JX8
HFDJ6,HFDJ6
06KS2,06KS2
AZTXM,AZTXM
JQWJ5,JQWJ5
QFWC2,QFWC2
47WLL,47WLL
Y76GX,Y76GX
Y9YOR,Y9YOR
ANVT8,ANVT8
G7QIT,G7QIT
C0RE6,C0RE6
HJ2VU,HJ2VU
J36QP,J36QP
Q2SJ4,Q2SJ4
IQGOJ,IQGOJ
VSO7Z,VSO7Z
QZTCN,QZTCN
JOEQZ,JOEQZ
DGAJX,DGAJX
DAW8N,DAW8N
WW4Y7,WW4Y7
JCB35,JCB35
K8RP7,K8RP7
LMJLO,LMJLO
49TCK,49TCK
77FKX,77FKX
NAC0L,NAC0L
GPP5A,GPP5A
9F7PK,9F7PK
7H8DS,7H8DS
MS5VJ,MS5VJ
KGO1P,KGO1P
TZYJY,TZYJY
C09OF,C09OF
4PXLD,4PXLD
HHUAJ,HHUAJ
4O8S8,4O8S8
HBEGV,HBEGV
DB7UF,DB7UF
WAP3S,WAP3S
PLULX,PLULX
ATDGU,ATDGU
GCK6F,GCK6F
B9GTB,B9GTB
5QX8C,5QX8C
HQTHR,HQTHR
ZPNTQ,ZPNTQ
6Q87G,6Q87G
D1S9S,D1S9S
50L7S,50L7S
YMHNN,YMHNN
792QP,792QP
CNIGW,CNIGW
WI5IN,WI5IN
QASTN,QASTN
2M0LB,2M0LB
1NPGY,1NPGY
LQK32,LQK32
MCAM6,MCAM6
DTBTO,DTBTO
L7CU0,L7CU0
V580J,V580J
PW0CG,PW0CG
SXOX5,SXOX5
JW7VG,JW7VG
U1TFW,U1TFW
8KB04,8KB04
JDHJG,JDHJG
NZ7ZI,NZ7ZI
VR5XN,VR5XN
ZEANB,ZEANB
XSG3V,XSG3V
GW53G,GW53G
TYV0D,TYV0D
IL37I,IL37I
7W8M2,7W8M2
RHKW0,RHKW0
2W3XO,2W3XO
KTKE1,KTKE1
D9QGS,D9QGS
HLS4E,HLS4E
O65WP,O65WP
Z208W,Z208W
OENRV,OENRV
WEGH0,WEGH0
OF8VW,OF8VW
17NAJ,17NAJ
F19ST,F19ST
G97AA,G97AA
S6H7V,S6H7V
7AMQK,7AMQK
SPSCT,SPSCT
QDJRN,QDJRN
TGRRU,TGRRU
LBJAO,LBJAO
CFH7B,CFH7B
XFMUO,XFMUO
GJ0OY,GJ0OY
789EB,789EB
OJKX4,OJKX4
Q4JMW,Q4JMW
E4T2I,E4T2I
U1U42,U1U42
2QJFP,2QJFP
ZXIMH,ZXIMH
8FEJD,8FEJD
IBX68,IBX68
QFV2Y,QFV2Y
HZ8BC,HZ8BC
QRW5B,QRW5B
B7K83,B7K83
PT76X,PT76X
LJAAD,LJAAD
6MOW8,6MOW8
Q8OTH,Q8OTH
M8QV4,M8QV4
KOYBM,KOYBM
8HBRP,8HBRP
UXUQA,UXUQA
6VYLB,6VYLB
GB7K6,GB7K6
DC849,DC849
JI3Z2,JI3Z2
7XXKE,7XXKE
V75NU,V75NU
F5HT5,F5HT5
88IXR,88IXR
96JNT,96JNT
GPMKU,GPMKU
56G22,56G22
1N76M,1N76M
2HKYW,2HKYW
LP0WM,LP0WM
KIXX4,KIXX4
CPDXG,CPDXG
CDLL5,CDLL5
VOJWP,VOJWP
Z37P9,Z37P9
JPYKA,JPYKA
FNH84,FNH84
HDW1O,HDW1O
TMLDA,TMLDA
EWNTD,EWNTD
D8XA9,D8XA9
UDHCU,UDHCU
NDF5B,NDF5B
K2BF5,K2BF5
LAUTD,LAUTD
QQS2K,QQS2K
WBDII,WBDII
UCRLO,UCRLO
F89G3,F89G3
6M7BL,6M7BL
AZARI,AZARI
COBYL,COBYL
714P8,714P8
CDFRQ,CDFRQ
9EUW6,9EUW6
4S326,4S326
GBQ48,GBQ48
JVYVG,JVYVG
VGJ7Z,VGJ7Z
3NU8Q,3NU8Q
D8428,D8428
UWLXB,UWLXB
BOFYB,BOFYB
MBNSU,MBNSU
CSP3U,CSP3U
GCS0U,GCS0U
6F1K2,6F1K2
VN8RB,VN8RB
KE5HU,KE5HU
RPEBH,RPEBH
EYXTM,EYXTM
MSW32,MSW32
3MYMN,3MYMN
UBF37,UBF37
U4IX9,U4IX9
M3NYU,M3NYU
TUZA2,TUZA2
573UI,573UI
J38HS,J38HS
TOWY4,TOWY4
OWNHK,OWNHK
SB3YL,SB3YL
U7XKT,U7XKT
L7VV8,L7VV8
63AOA,63AOA
Q2SPG,Q2SPG
X4AIQ,X4AIQ
Q8XGC,Q8XGC
BV1W8,BV1W8
PXJAL,PXJAL
YOSE1,YOSE1
1QRU9,1QRU9
R0YSW,R0YSW
IQVET,IQVET
1EJCK,1EJCK
MTE9V,MTE9V
L9BG7,L9BG7
CULG6,CULG6
OO6T4,OO6T4
0R9FC,0R9FC
0NPKV,0NPKV
E47G2,E47G2
3OK7Q,3OK7Q
5SDM3,5SDM3
QJYF5,QJYF5
TSC0C,TSC0C
C3P5Q,C3P5Q
K7ROI,K7ROI
VKW6N,VKW6N
GC7H4,GC7H4
NA4JW,NA4JW
RRS9W,RRS9W
A62C6,A62C6
77NLO,77NLO
4RQG5,4RQG5
UPZ2T,UPZ2T
1EJUK,1EJUK
6KAJ1,6KAJ1
1DD9Y,1DD9Y
AOJQA,AOJQA
M8ZFL,M8ZFL
FW2R2,FW2R2
67LNQ,67LNQ
4F2C1,4F2C1
JYMHF,JYMHF
BSH7P,BSH7P
ODOK3,ODOK3
BYBTY,BYBTY
DZ9OK,DZ9OK
SA0XA,SA0XA
76S7P,76S7P
0PFH0,0PFH0
53VNR,53VNR
HGSDK,HGSDK
SQLUY,SQLUY
X1RW7,X1RW7
4HWWV,4HWWV
ZDRNT,ZDRNT
QI4AU,QI4AU
1PZW4,1PZW4
ZVSX5,ZVSX5
X4YVN,X4YVN
ZL22U,ZL22U
508FY,508FY
4FJW0,4FJW0
EYUC0,EYUC0
JNSMJ,JNSMJ
FVAOP,FVAOP
J4HUB,J4HUB
DNJ1L,DNJ1L
UBKYB,UBKYB
6X2YS,6X2YS
Y8LON,Y8LON
R02DC,R02DC
67MI7,67MI7
BDQQ6,BDQQ6
FECEZ,FECEZ
GTSUD,GTSUD
O8VFJ,O8VFJ
W8C7E,W8C7E
PCNPL,PCNPL
JHWNV,JHWNV
G6ISD,G6ISD
0NX4J,0NX4J
S2QWU,S2QWU
B55L6,B55L6
AJY8Q,AJY8Q
GQXDW,GQXDW
6U0D8,6U0D8
EJWWR,EJWWR
Y6MU5,Y6MU5
4Q9RM,4Q9RM
O63P0,O63P0
NMF8A,NMF8A
LP6C7,LP6C7
Q1ELH,Q1ELH
N8LBL,N8LBL
RE54H,RE54H
ZM7JM,ZM7JM
FLJNO,FLJNO
AONSE,AONSE
WYOMT,WYOMT
UMN3A,UMN3A
BGSAX,BGSAX
8N9SZ,8N9SZ
71WLI,71WLI
7PVXM,7PVXM
R0DU3,R0DU3
XBY40,XBY40
P1FBX,P1FBX
5B4XV,5B4XV
9PKQ1,9PKQ1
XVXJ6,XVXJ6
97HNS,97HNS
675IT,675IT
KM6VA,KM6VA
T74I2,T74I2
S3FS8,S3FS8
4FUD9,4FUD9
OAF1S,OAF1S
FX8Z8,FX8Z8
OR5SJ,OR5SJ
Y45U1,Y45U1
MVB4O,MVB4O
3SDC2,3SDC2
S084Q,S084Q
KWK7Y,KWK7Y
AP7MN,AP7MN
WCSRA,WCSRA
3ZRWA,3ZRWA
Q2FGQ,Q2FGQ
QCD1M,QCD1M
UTS2R,UTS2R
ROYCV,ROYCV
EPFZ0,EPFZ0
049DM,049DM
QRR6F,QRR6F
QV9UW,QV9UW
99GMC,99GMC
TRG9Z,TRG9Z
GLT6U,GLT6U
U0WWR,U0WWR
0OTQ0,0OTQ0
BTK1C,BTK1C
6Q9HM,6Q9HM
8LXCF,8LXCF
N0D7E,N0D7E
ON8RB,ON8RB
HH5R2,HH5R2
DYYG2,DYYG2
17UVV,17UVV
T37FZ,T37FZ
5XN7B,5XN7B
D1KRH,D1KRH
MN430,MN430
3NBV5,3NBV5
DS10X,DS10X
ZI2NJ,ZI2NJ
3HS1R,3HS1R
1PIJD,1PIJD
33VJY,33VJY
WQ4C4,WQ4C4
JMKRC,JMKRC
MY06J,MY06J
4EC94,4EC94
UMK35,UMK35
ZAGDT,ZAGDT
QLO5V,QLO5V
4OLE0,4OLE0
Y4V4M,Y4V4M
YLUOK,YLUOK
7KDDQ,7KDDQ
SVE7Q,SVE7Q
51X5B,51X5B
ZTCRZ,ZTCRZ
JNP8N,JNP8N
1QVZB,1QVZB
OWVDB,OWVDB
9PDSZ,9PDSZ
IKUH0,IKUH0
PEBYK,PEBYK
JBH18,JBH18
DWOQ6,DWOQ6
X6HCR,X6HCR
WGJ2T,WGJ2T
P6MBD,P6MBD
F56IA,F56IA
6RCB0,6RCB0
UHCBO,UHCBO
G71T5,G71T5
AN13I,AN13I
XQAF6,XQAF6
NQK4P,NQK4P
E3QQE,E3QQE
2G49J,2G49J
QK5QY,QK5QY
0HZFY,0HZFY
D3FLM,D3FLM
RPKYE,RPKYE
FFSP0,FFSP0
0FNU2,0FNU2
XGJTI,XGJTI
Y73J0,Y73J0
M62FS,M62FS
IB0EO,IB0EO
3A3FB,3A3FB
3065T,3065T
6QNCX,6QNCX
78PJ1,78PJ1
8HZ0H,8HZ0H
0LH7U,0LH7U
SU0DR,SU0DR
HX4B2,HX4B2
CNU6H,CNU6H
YY4HT,YY4HT
FV8D4,FV8D4
OTPRB,OTPRB
TODOF,TODOF
IYBOZ,IYBOZ
A7AWO,A7AWO
ZYZ6I,ZYZ6I
6KS6H,6KS6H
ND7BD,ND7BD
GQ58B,GQ58B
368WP,368WP
AN3E3,AN3E3
Z88VW,Z88VW
W5A81,W5A81
9PQVS,9PQVS
Y4KSW,Y4KSW
HYAH3,HYAH3
12I74,12I74
M4CFB,M4CFB
K1ACM,K1ACM
6K0NY,6K0NY
95DB7,95DB7
WHJQP,WHJQP
387ZE,387ZE
E1XZV,E1XZV
WJQK7,WJQK7
WQBML,WQBML
DCF2V,DCF2V
DHVEW,DHVEW
HCIUA,HCIUA
XTOFS,XTOFS
IY195,IY195
WEYED,WEYED
BDQKP,BDQKP
P8MIK,P8MIK
V2XON,V2XON
E1DUO,E1DUO
AUZZW,AUZZW
MO9AD,MO9AD
J80PS,J80PS
0DQ1S,0DQ1S
9ZWCT,9ZWCT
7004M,7004M
7I6NA,7I6NA
ZY5TK,ZY5TK
IHI97,IHI97
TXZN4,TXZN4
405FT,405FT
U2HGE,U2HGE
4O5SE,4O5SE
8PC8L,8PC8L
OLQ1O,OLQ1O
QPWCA,QPWCA
WUGLG,WUGLG
4AFGL,4AFGL
N1UQP,N1UQP
YRIQU,YRIQU
GA1BT,GA1BT
WI6BD,WI6BD
T2O41,T2O41
ANM2W,ANM2W
M4XWD,M4XWD
ZJD7I,ZJD7I
UT732,UT732
DI5O5,DI5O5
1FXQ2,1FXQ2
XSO1R,XSO1R
OIYWL,OIYWL
G11MP,G11MP
OVGMR,OVGMR
23VVU,23VVU
C0AA0,C0AA0
923CY,923CY
21SFV,21SFV
IPS05,IPS05
T3U4W,T3U4W
PUEZ2,PUEZ2
AWZT1,AWZT1
FLXBT,FLXBT
DM431,DM431
GRJLU,GRJLU
LT291,LT291
7HBJC,7HBJC
U2FQY,U2FQY
RFO7C,RFO7C
V4GIH,V4GIH
1KJJX,1KJJX
1A3AK,1A3AK
MKRTF,MKRTF
QOJU6,QOJU6
4YI7A,4YI7A
MZEO2,MZEO2
5Z79K,5Z79K
VBQDQ,VBQDQ
XY9SI,XY9SI
73CWL,73CWL
GBCGN,GBCGN
XENV3,XENV3
A80JG,A80JG
SVV6Q,SVV6Q
DQPCG,DQPCG
6ON2H,6ON2H
I785X,I785X
WKGIW,WKGIW
RAL0Q,RAL0Q
QASGR,QASGR
TLX4A,TLX4A
I619M,I619M
Z9G1I,Z9G1I
B8LFL,B8LFL
OOKUN,OOKUN
203XG,203XG
YL9T9,YL9T9
FK3U9,FK3U9
EXHTM,EXHTM
S7174,S7174
GR4FP,GR4FP
2ELV3,2ELV3
BWNWR,BWNWR
U3QLA,U3QLA
KTZ7K,KTZ7K
M5O7K,M5O7K
NF2NT,NF2NT
MZBXC,MZBXC
5CDIC,5CDIC
OQ19B,OQ19B
1AJ7L,1AJ7L
QNQVS,QNQVS
Z6VEK,Z6VEK
FQGE6,FQGE6
ON5AL,ON5AL
9X8FT,9X8FT
BEWPQ,BEWPQ
V74W3,V74W3
WY5RZ,WY5RZ
GEWPE,GEWPE
RYXZQ,RYXZQ
0VQCK,0VQCK
80P4C,80P4C
RUM4F,RUM4F
1PFPF,1PFPF
UJHPA,UJHPA
7ZV7G,7ZV7G
2TOP1,2TOP1
D4VB6,D4VB6
YLSTC,YLSTC
19IAL,19IAL
WH7VW,WH7VW
BOVLY,BOVLY
UJZP7,UJZP7
VPYIP,VPYIP
RA2G2,RA2G2
MH4EA,MH4EA
2O0ZT,2O0ZT
EJB33,EJB33
Z5LV8,Z5LV8
IXHQ6,IXHQ6
1IFI6,1IFI6
8EYLZ,8EYLZ
A2G2C,A2G2C
AB7HP,AB7HP
Z9O0I,Z9O0I
XHHM3,XHHM3
WC1DJ,WC1DJ
9UXBB,9UXBB
XA5PQ,XA5PQ
UB1R2,UB1R2
Z1793,Z1793
E88WA,E88WA
DO3IF,DO3IF
TAMUI,TAMUI
6QDJM,6QDJM
RFM7W,RFM7W
4034O,4034O
34AEB,34AEB
BJVA0,BJVA0
9KUOB,9KUOB
NLXZC,NLXZC
TU1RL,TU1RL
JNWIJ,JNWIJ
RTLJJ,RTLJJ
L5F77,L5F77
KP83Y,KP83Y
VBJOQ,VBJOQ
6HKFO,6HKFO
W323M,W323M
QWBOP,QWBOP
QN9T0,QN9T0
UD2IP,UD2IP
8MJSR,8MJSR
58PHA,58PHA
JO4XE,JO4XE
TXOPK,TXOPK
Q7HOK,Q7HOK
ERWHH,ERWHH
JPDKP,JPDKP
QJGMA,QJGMA
ZTM9N,ZTM9N
EO3NL,EO3NL
PZPAA,PZPAA
HIBPT,HIBPT
UOS7X,UOS7X
L53P2,L53P2
TGSIA,TGSIA
7JZOR,7JZOR
PA4T0,PA4T0
UA4WS,UA4WS
XOQ2P,XOQ2P
86R9K,86R9K
OI0U3,OI0U3
YL88N,YL88N
5J7CI,5J7CI
76N45,76N45
IAQY9,IAQY9
4OIH5,4OIH5
YAE0S,YAE0S
VI9Y8,VI9Y8
LQTLU,LQTLU
3GS6P,3GS6P
3QORY,3QORY
X30O9,X30O9
61F67,61F67
2F4ZF,2F4ZF
81CUD,81CUD
KQ5QK,KQ5QK
1T9BL,1T9BL
D5Q07,D5Q07
CL8HE,CL8HE
8DC34,8DC34
ISMNI,ISMNI
XXHC3,XXHC3
Q5N9A,Q5N9A
LHIKY,LHIKY
3PXLC,3PXLC
BC9ON,BC9ON
2THB4,2THB4
GWE3N,GWE3N
94YUV,94YUV
6YUYL,6YUYL
X2QAZ,X2QAZ
76W5V,76W5V
OSHJ6,OSHJ6
OIUVZ,OIUVZ
HOTGP,HOTGP
IFDRR,IFDRR
E5637,E5637
FA0DF,FA0DF
5ZJSO,5ZJSO
N9G1U,N9G1U
9O2LE,9O2LE
3JNRE,3JNRE
4QH60,4QH60
4OBQL,4OBQL
O7ENN,O7ENN
MWGCN,MWGCN
CXNSL,CXNSL
34AF9,34AF9
L7X2B,L7X2B
7TGCH,7TGCH
PXW3H,PXW3H
SBOND,SBOND
GUHQ0,GUHQ0
F16UH,F16UH
B4JM4,B4JM4
GLV49,GLV49
ZVWKM,ZVWKM
RPVOE,RPVOE
8DL3L,8DL3L
QNL3M,QNL3M
K8C5P,K8C5P
D6C7V,D6C7V
BFRWI,BFRWI
9K2WU,9K2WU
RNKWD,RNKWD
ESWC5,ESWC5
OBZ5L,OBZ5L
TAZAT,TAZAT
S9SUP,S9SUP
JAMG0,JAMG0
M5TCT,M5TCT
W9IZV,W9IZV
3AEVU,3AEVU
WMHKQ,WMHKQ
9MAZX,9MAZX
LKNAZ,LKNAZ
K3SS4,K3SS4
KV4WV,KV4WV
LTNTK,LTNTK
2T3YE,2T3YE
A034U,A034U
62D3R,62D3R
WKOFH,WKOFH
ZJQPI,ZJQPI
CD9RH,CD9RH
4XH8K,4XH8K
8JQFB,8JQFB
E7LN2,E7LN2
9JIBF,9JIBF
T3YA8,T3YA8
45DVP,45DVP
GABTF,GABTF
U4HAP,U4HAP
JGIU3,JGIU3
DPQ5G,DPQ5G
OQM27,OQM27
QPL4E,QPL4E
NG8HY,NG8HY
0ZUQB,0ZUQB
UVRHB,UVRHB
8JSV4,8JSV4
14XSO,14XSO
MRLJL,MRLJL
0AJMR,0AJMR
QBC29,QBC29
A1H5A,A1H5A
B4XLS,B4XLS
PNVU3,PNVU3
99JS5,99JS5
MA1WC,MA1WC
7H8RB,7H8RB
L6I5G,L6I5G
MKV44,MKV44
YJCWI,YJCWI
YTYRK,YTYRK
5RJSE,5RJSE
T1SQ0,T1SQ0
9PXZM,9PXZM
0YKQP,0YKQP
SBSLF,SBSLF
IHB4A,IHB4A
KT19A,KT19A
713Q3,713Q3
3NZFP,3NZFP
FIVRJ,FIVRJ
N9SK8,N9SK8
6LVQ7,6LVQ7
LBRVK,LBRVK
KFWX7,KFWX7
JDC37,JDC37
TWNBC,TWNBC
C3EHL,C3EHL
OU2Z3,OU2Z3
L8YMB,L8YMB
S9574,S9574
LTM9R,LTM9R
ZR44D,ZR44D
9B9N6,9B9N6
N0RJ6,N0RJ6
37N9D,37N9D
XSD79,XSD79
6IJKY,6IJKY
Q5R10,Q5R10
H8KUL,H8KUL
MYPAW,MYPAW
6UWD3,6UWD3
RUJCV,RUJCV
P5W61,P5W61
HPS7I,HPS7I
C9ADV,C9ADV
OSN1D,OSN1D
H10VW,H10VW
KNDJD,KNDJD
HUHLO,HUHLO
4D1PG,4D1PG
XREZT,XREZT
QKL9L,QKL9L
F79ZE,F79ZE
J231T,J231T
3TA0H,3TA0H
I0GNY,I0GNY
Q74ZF,Q74ZF
7W1B8,7W1B8
Y11BI,Y11BI
EUKP4,EUKP4
I7N5W,I7N5W
B32XH,B32XH
E9GZI,E9GZI
GF5QL,GF5QL
KR1DZ,KR1DZ
EJQ5O,EJQ5O
OIGRJ,OIGRJ
WAIH6,WAIH6
6XXEO,6XXEO
KJ3O8,KJ3O8
HJ7AP,HJ7AP
KPJVP,KPJVP
ELU5Z,ELU5Z
DF7RL,DF7RL
WIOEV,WIOEV
5TT69,5TT69
37O78,37O78
DUPTX,DUPTX
ATWKO,ATWKO
Y6NKI,Y6NKI
27BZC,27BZC
JFA7N,JFA7N
RJV5L,RJV5L
NKLH0,NKLH0
SI8VT,SI8VT
86C9D,86C9D
OX7ZK,OX7ZK
DGZN4,DGZN4
COK45,COK45
K3YW2,K3YW2
VO9XA,VO9XA
631LI,631LI
K40OU,K40OU
JP5Q0,JP5Q0
CE0WQ,CE0WQ
QPBW7,QPBW7
8P89H,8P89H
J1CIM,J1CIM
6IQWK,6IQWK
SNS1V,SNS1V
KXRZY,KXRZY
OH9C1,OH9C1
XRJOM,XRJOM
MCRLF,MCRLF
PHS95,PHS95
TLE2O,TLE2O
8LVXM,8LVXM
7WJKH,7WJKH
LZWVZ,LZWVZ
26T0U,26T0U
P540X,P540X
A7IT1,A7IT1
3DE8Y,3DE8Y
53JE0,53JE0
D8CSA,D8CSA
6RX8U,6RX8U
G0SR2,G0SR2
SLRDS,SLRDS
W54QU,W54QU
AVHPS,AVHPS
F0W9U,F0W9U
ZT1FH,ZT1FH
6QSBG,6QSBG
259YQ,259YQ
DVEXR,DVEXR
J9JRI,J9JRI
D3O6D,D3O6D
EBY3V,EBY3V
W3E78,W3E78
VJGFG,VJGFG
3QF79,3QF79
1451S,1451S
37704,37704
ZM2C7,ZM2C7
W0VAX,W0VAX
MX02S,MX02S
1IYHH,1IYHH
UYLAU,UYLAU
NRLI9,NRLI9
ZBSZP,ZBSZP
N4S74,N4S74
XN6S9,XN6S9
ATVRZ,ATVRZ
QSH5Y,QSH5Y
3GREG,3GREG
WWCH6,WWCH6
KO9FS,KO9FS
K7H4Y,K7H4Y
TIX09,TIX09
FHGWD,FHGWD
OFRX0,OFRX0
FLW9W,FLW9W
RDIOA,RDIOA
1R4HJ,1R4HJ
ACAI3,ACAI3
OBSZ1,OBSZ1
V8U3I,V8U3I
VAJRF,VAJRF
OW1GY,OW1GY
4VDKP,4VDKP
1DZ2U,1DZ2U
1EGEQ,1EGEQ
B8TBY,B8TBY
F4ZGF,F4ZGF
6KT37,6KT37
HF0DA,HF0DA
IRQIX,IRQIX
2FLCH,2FLCH
MIJ97,MIJ97
CFS3S,CFS3S
6XMTM,6XMTM
35PUO,35PUO
VRRYU,VRRYU
S75W2,S75W2
5JDU0,5JDU0
6AY5I,6AY5I
RSII8,RSII8
Z7HLB,Z7HLB
YSB1F,YSB1F
1AN5G,1AN5G
2SJM4,2SJM4
J7NBM,J7NBM
NEWUF,NEWUF
0L7N3,0L7N3
O0RU0,O0RU0
V6V0C,V6V0C
E6F82,E6F82
03GIL,03GIL
AG84G,AG84G
IEX18,IEX18
5MTFI,5MTFI
JZ2DV,JZ2DV
F5AAF,F5AAF
SP187,SP187
NZCPL,NZCPL
QRBIC,QRBIC
ST313,ST313
8XQMY,8XQMY
PQUPP,PQUPP
1XV0P,1XV0P
VT63Z,VT63Z
8GU1S,8GU1S
ZBDEO,ZBDEO
ZA4Y0,ZA4Y0
HTWSR,HTWSR
IWQFX,IWQFX
478JE,478JE
MXO5Z,MXO5Z
6HEV8,6HEV8
5CDMB,5CDMB
9NW19,9NW19
TQXTT,TQXTT
J4VN5,J4VN5
P5VNZ,P5VNZ
DHNJC,DHNJC
L0NWW,L0NWW
6KXKI,6KXKI
FAHV9,FAHV9
SQQ8Z,SQQ8Z
VCAYJ,VCAYJ
6ZMHX,6ZMHX
PIK9M,PIK9M
YF4A5,YF4A5
SZ47O,SZ47O
IKW8C,IKW8C
1CVC5,1CVC5
4KU15,4KU15
Q856M,Q856M
H0KQV,H0KQV
LNP7Y,LNP7Y
WZHCD,WZHCD
43FAI,43FAI
X60YD,X60YD
3532B,3532B
ZIO3R,ZIO3R
WZGN9,WZGN9
4H0KF,4H0KF
JB095,JB095
OD43B,OD43B
ADGVR,ADGVR
F81CG,F81CG
JC8PU,JC8PU
RM5BS,RM5BS
H8AKN,H8AKN
2UZL1,2UZL1
Z1TH9,Z1TH9
X5GN0,X5GN0
A2K5A,A2K5A
692Q1,692Q1
A43PW,A43PW
G1Z63,G1Z63
FUTOR,FUTOR
DE61D,DE61D
ZRZFK,ZRZFK
7DPI2,7DPI2
ZDV6I,ZDV6I
2LR6C,2LR6C
DVI7T,DVI7T
N16XM,N16XM
1FJM6,1FJM6
YMGI2,YMGI2
CM0BR,CM0BR
QPRJZ,QPRJZ
LE6HM,LE6HM
7ZMAR,7ZMAR
EVG5G,EVG5G
N06H9,N06H9
KIU2S,KIU2S
XIJIN,XIJIN
MD49H,MD49H
J9O3M,J9O3M
A4J2E,A4J2E
XZMY7,XZMY7
CAW42,CAW42
CR2F5,CR2F5
RF6W3,RF6W3
E9MVZ,E9MVZ
5TTW2,5TTW2
RZW6W,RZW6W
PG9AC,PG9AC
CLZJN,CLZJN
3400F,3400F
UQPWT,UQPWT
0SHIM,0SHIM
MYYQ6,MYYQ6
KC87H,KC87H
TEYCL,TEYCL
T1AVM,T1AVM
5VG3H,5VG3H
AE07C,AE07C
XHLVE,XHLVE
MVH6Z,MVH6Z
2OXL9,2OXL9
P1CWG,P1CWG
L0K0J,L0K0J
3LCVW,3LCVW
51OAB,51OAB
BUJEQ,BUJEQ
94J4F,94J4F
NZPVH,NZPVH
WTZK7,WTZK7
GUWOR,GUWOR
NPFGS,NPFGS
IMTYQ,IMTYQ
XLMCG,XLMCG
CNWSX,CNWSX
S5ZU8,S5ZU8
5BPTX,5BPTX
NTVEE,NTVEE
ZAWRL,ZAWRL
0UY0P,0UY0P
D2YHQ,D2YHQ
OXIN7,OXIN7
3SG9G,3SG9G
Q8SQE,Q8SQE
CT0KI,CT0KI
MVVUF,MVVUF
LQO2N,LQO2N
CM14A,CM14A
53OZX,53OZX
DUSNW,DUSNW
W003Y,W003Y
PMOP5,PMOP5
A6H7R,A6H7R
Y0G5A,Y0G5A
NRDZG,NRDZG
5AD0N,5AD0N
ZMNUG,ZMNUG
9KJX6,9KJX6
2J9VM,2J9VM
W35BU,W35BU
VEIGP,VEIGP
C0SNL,C0SNL
F5E4L,F5E4L
EE3T5,EE3T5
LJ9OM,LJ9OM
1ITB7,1ITB7
ZYH74,ZYH74
I07I9,I07I9
8OLS5,8OLS5
LUEBU,LUEBU
SE34G,SE34G
74DPC,74DPC
MX0H2,MX0H2
HMQU3,HMQU3
NAJPN,NAJPN
VMUN7,VMUN7
CLFAP,CLFAP
9DX8A,9DX8A
1P132,1P132
0WYS7,0WYS7
IIGE8,IIGE8
COHPE,COHPE
LIMJN,LIMJN
9Q2IM,9Q2IM
HJQLG,HJQLG
A1UN3,A1UN3
DZHXA,DZHXA
FBD75,FBD75
ARY6Z,ARY6Z
KEJVE,KEJVE
OUKCF,OUKCF
6KNCV,6KNCV
FBRQJ,FBRQJ
GG8F2,GG8F2
J7323,J7323
6EM5L,6EM5L
45LT4,45LT4
L7250,L7250
3PZJ9,3PZJ9
ZHHU1,ZHHU1
XSELB,XSELB
5P0VW,5P0VW
C6RV6,C6RV6
DGDGI,DGDGI
HU2RJ,HU2RJ
PZL8Q,PZL8Q
MH0HS,MH0HS
TNC08,TNC08
GFWUV,GFWUV
HXYL2,HXYL2
MJ74X,MJ74X
6N4J0,6N4J0
Y4ZC5,Y4ZC5
1NEHA,1NEHA
FOS19,FOS19
3FS8E,3FS8E
AJJ37,AJJ37
64ZN5,64ZN5
U3H5B,U3H5B
MZBOK,MZBOK
RLBM8,RLBM8
TEZQN,TEZQN
4YN3G,4YN3G
F19UQ,F19UQ
ZW02D,ZW02D
HG5PU,HG5PU
6MJFP,6MJFP
UILM7,UILM7
W4OLJ,W4OLJ
L1GHD,L1GHD
PLKT9,PLKT9
2628T,2628T
ZAVY7,ZAVY7
6UAEV,6UAEV
GV6LF,GV6LF
ME6E8,ME6E8
3ESVD,3ESVD
EOLBB,EOLBB
E6PDF,E6PDF
MT0N0,MT0N0
630C9,630C9
WEFUH,WEFUH
ZUG2P,ZUG2P
KVN9Q,KVN9Q
9AR3H,9AR3H
TY3MC,TY3MC
QMXXM,QMXXM
14ECQ,14ECQ
225MN,225MN
SV3W3,SV3W3
T3L2A,T3L2A
TUJ40,TUJ40
GC4FQ,GC4FQ
UEYVG,UEYVG
UV721,UV721
WJV5G,WJV5G
78J7S,78J7S
6J1B3,6J1B3
STGAV,STGAV
HS0IP,HS0IP
UV5HB,UV5HB
YFAM7,YFAM7
NLVIW,NLVIW
IV4LV,IV4LV
1UC5V,1UC5V
EHIS3,EHIS3
ZH0AD,ZH0AD
5J4DX,5J4DX
6WST9,6WST9
G996V,G996V
TM4NU,TM4NU
5S1BG,5S1BG
PJ0TG,PJ0TG
MDFV2,MDFV2
F4LO1,F4LO1
944NG,944NG
V1N20,V1N20
1PLZF,1PLZF
5GVQE,5GVQE
E7N87,E7N87
94QYL,94QYL
5XZI7,5XZI7
3R1G0,3R1G0
9A38L,9A38L
117ZD,117ZD
88XDW,88XDW
D86JP,D86JP
TPAOF,TPAOF
KSKBX,KSKBX
M2N6I,M2N6I
59843,59843
EPSD7,EPSD7
OIXVP,OIXVP
SU08U,SU08U
32J4A,32J4A
KCV09,KCV09
Q9IX6,Q9IX6
Q79N1,Q79N1
SXB98,SXB98
VGQJA,VGQJA
1U9OX,1U9OX
QUTD5,QUTD5
30GRY,30GRY
34D0X,34D0X
5Y3DZ,5Y3DZ
HSAXZ,HSAXZ
3I1KY,3I1KY
KTIPL,KTIPL
X91SV,X91SV
ICEEZ,ICEEZ
CUB71,CUB71
U55Q3,U55Q3
QHP3K,QHP3K
H8I88,H8I88
4YFQ7,4YFQ7
VA8RP,VA8RP
I0OYN,I0OYN
JC8B1,JC8B1
DLBTF,DLBTF
EVPLV,EVPLV
VSKO4,VSKO4
BH3PK,BH3PK
MPKRK,MPKRK
KAPYD,KAPYD
8FM36,8FM36
6XC9A,6XC9A
429HY,429HY
KA1RA,KA1RA
F64IC,F64IC
5EN5X,5EN5X
K41WN,K41WN
1HA3R,1HA3R
VQREW,VQREW
Q34HA,Q34HA
G7I0Q,G7I0Q
1ODCT,1ODCT
5FLSY,5FLSY
Q6TM9,Q6TM9
04OTL,04OTL
4FSEB,4FSEB
MD97Q,MD97Q
02P4P,02P4P
ZB9LT,ZB9LT
LHPCA,LHPCA
2Q2TD,2Q2TD
22Q76,22Q76
339GX,339GX
WZ7ST,WZ7ST
KWJDL,KWJDL
94NB1,94NB1
DG0XI,DG0XI
SHPTJ,SHPTJ
Z9QWK,Z9QWK
SV28J,SV28J
QL0N2,QL0N2
WHKEA,WHKEA
J5KOG,J5KOG
15Z32,15Z32
Z8SC7,Z8SC7
BCD9G,BCD9G
MU0S0,MU0S0
EX1UP,EX1UP
RXX9T,RXX9T
FH9LO,FH9LO
C7PTB,C7PTB
D0QWG,D0QWG
RYYMU,RYYMU
UCIPL,UCIPL
6KSNB,6KSNB
4Q09G,4Q09G
NIML1,NIML1
264L8,264L8
3T5TS,3T5TS
MCZRA,MCZRA
LH2HE,LH2HE
I9SMJ,I9SMJ
BKP7T,BKP7T
6XLH1,6XLH1
DN9W7,DN9W7
MRQWA,MRQWA
5ELY2,5ELY2
U05B7,U05B7
S0787,S0787
VDJWA,VDJWA
ZQAVF,ZQAVF
MUZT4,MUZT4
HW7RW,HW7RW
XW3IM,XW3IM
PIQY9,PIQY9
XJQST,XJQST
ES1ZZ,ES1ZZ
4P4GH,4P4GH
9IVE3,9IVE3
03ZER,03ZER
SBEG6,SBEG6
SAZCP,SAZCP
N2BX7,N2BX7
230J1,230J1
08YNK,08YNK
J95PE,J95PE
GVNCL,GVNCL
R9RG7,R9RG7
B3WC0,B3WC0
8TS5T,8TS5T
O1S1J,O1S1J
VV9C8,VV9C8
6SOL5,6SOL5
KQ17A,KQ17A
B28FS,B28FS
79K4Q,79K4Q
5X0HY,5X0HY
ZWKYS,ZWKYS
OITFW,OITFW
68NBJ,68NBJ
00O8Y,00O8Y
WI6FT,WI6FT
1TI5T,1TI5T
HRLXT,HRLXT
2313G,2313G
MJ2UY,MJ2UY
PSVM4,PSVM4
SNVTS,SNVTS
LG5JC,LG5JC
TLX90,TLX90
294SK,294SK
7BZD6,7BZD6
AV84Z,AV84Z
NPW44,NPW44
2WDJX,2WDJX
D036V,D036V
AQ7BW,AQ7BW
X2YNC,X2YNC
DLE4K,DLE4K
5LO4H,5LO4H
5Y8H3,5Y8H3
C2GFX,C2GFX
2534H,2534H
9QGH7,9QGH7
XTB8G,XTB8G
ETZDD,ETZDD
75CRS,75CRS
OJPS0,OJPS0
SG0D0,SG0D0
5VSQ2,5VSQ2
Z7U0G,Z7U0G
BYUSR,BYUSR
IFT5W,IFT5W
7RQ1X,7RQ1X
6BJC7,6BJC7
EYZFY,EYZFY
272Q1,272Q1
1VG7Y,1VG7Y
O8TWJ,O8TWJ
5EAID,5EAID
LP65L,LP65L
G3PW9,G3PW9
WO9ZI,WO9ZI
1CFJM,1CFJM
XMB6B,XMB6B
I7B28,I7B28
VT97X,VT97X
YZ8IN,YZ8IN
D8M9Z,D8M9Z
1WH4T,1WH4T
RGO4M,RGO4M
FJOX3,FJOX3
GM6U0,GM6U0
J4Q8N,J4Q8N
O030I,O030I
TN12A,TN12A
3NJ13,3NJ13
NH98E,NH98E
SWWZC,SWWZC
1I63M,1I63M
HPNR7,HPNR7
4ZC17,4ZC17
8N4BO,8N4BO
B201W,B201W
DF3LH,DF3LH
1K8LA,1K8LA
1KEYG,1KEYG
3MZW0,3MZW0
EI3F2,EI3F2
0K7ZJ,0K7ZJ
1UCCU,1UCCU
9C32J,9C32J
FESLK,FESLK
7IFMK,7IFMK
G8E11,G8E11
7RPBX,7RPBX
IW9OS,IW9OS
HEFMX,HEFMX
699DS,699DS
HG4AX,HG4AX
974E2,974E2
5JLIC,5JLIC
KT47D,KT47D
L079A,L079A
QL8EW,QL8EW
HFWD1,HFWD1
TU9EP,TU9EP
GLC01,GLC01
K30GC,K30GC
DIDL2,DIDL2
LT2UO,LT2UO
XJKXX,XJKXX
UXQ5Y,UXQ5Y
UBISR,UBISR
1F7VA,1F7VA
H4XOY,H4XOY
GTJZT,GTJZT
GSUJV,GSUJV
TCJT7,TCJT7
517G0,517G0
VT30C,VT30C
101I6,101I6
X3Y1A,X3Y1A
SQLSS,SQLSS
WW6P1,WW6P1
IOZ0R,IOZ0R
3PC26,3PC26
STCDT,STCDT
G4NA6,G4NA6
T7U1W,T7U1W
SC1YU,SC1YU
VOIQK,VOIQK
VOOIT,VOOIT
WR65C,WR65C
VE6SN,VE6SN
Y9XLM,Y9XLM
SQP98,SQP98
T6FCZ,T6FCZ
NXCIR,NXCIR
DR4P2,DR4P2
P05PW,P05PW
W0EZ5,W0EZ5
A947I,A947I
IWE5A,IWE5A
EOJAX,EOJAX
R46F7,R46F7
R0PVH,R0PVH
8699B,8699B
NMTAX,NMTAX
9LI2C,9LI2C
61EE6,61EE6
NBZEG,NBZEG
BMZYL,BMZYL
S3API,S3API
3B31R,3B31R
PG5TT,PG5TT
GFA85,GFA85
SE221,SE221
U8XEP,U8XEP
HWIWW,HWIWW
MGSOF,MGSOF
WS9Z8,WS9Z8
M24T4,M24T4
1UCIB,1UCIB
JR7CY,JR7CY
85O3O,85O3O
4XIYR,4XIYR
MG6BH,MG6BH
MQ810,MQ810
4K1BH,4K1BH
VOAPP,VOAPP
8TRT4,8TRT4
IWG4Y,IWG4Y
WA1HG,WA1HG
9I6ZK,9I6ZK
VLUZQ,VLUZQ
7GU0W,7GU0W
YLUXU,YLUXU
1S4HG,1S4HG
SBQ93,SBQ93
ZLMZI,ZLMZI
LG767,LG767
QAANU,QAANU
R18TH,R18TH
HQY89,HQY89
T4MPW,T4MPW
X1K95,X1K95
3XD1O,3XD1O
R37O5,R37O5
2V4VO,2V4VO
POVCS,POVCS
ICGV3,ICGV3
MSD8X,MSD8X
GRPVC,GRPVC
INBFY,INBFY
NA3QS,NA3QS
GR4YE,GR4YE
2LZ2J,2LZ2J
Y867S,Y867S
A535G,A535G
HHTUS,HHTUS
5VBOI,5VBOI
318L1,318L1
DY739,DY739
4GEA2,4GEA2
3U745,3U745
UE7LT,UE7LT
RUTNV,RUTNV
4JJM8,4JJM8
CE61U,CE61U
II3MI,II3MI
VLGU6,VLGU6
NALUZ,NALUZ
ZG30T,ZG30T
167NI,167NI
1FH90,1FH90
QGSEW,QGSEW
4GJWC,4GJWC
Q0P9X,Q0P9X
3DT8Q,3DT8Q
VMONZ,VMONZ
66MBM,66MBM
RQ3I8,RQ3I8
NIEFL,NIEFL
6ZI0X,6ZI0X
33G85,33G85
TNO1P,TNO1P
5IGN5,5IGN5
45NP1,45NP1
SQ8RS,SQ8RS
SV5VA,SV5VA
QS78G,QS78G
3KOZK,3KOZK
TP6GJ,TP6GJ
BXW00,BXW00
H6ODG,H6ODG
G8FYZ,G8FYZ
DQVMA,DQVMA
6WGKS,6WGKS
7H78R,7H78R
9M4RT,9M4RT
646P3,646P3
3MSFS,3MSFS
XN9DU,XN9DU
0VYJI,0VYJI
4KQTV,4KQTV
0JBIX,0JBIX
7A0T0,7A0T0
QCYN4,QCYN4
MEEA2,MEEA2
TL789,TL789
64P3J,64P3J
CR4B1,CR4B1
Z4CKB,Z4CKB
8YYG5,8YYG5
YM7NC,YM7NC
C8G1L,C8G1L
D6TG7,D6TG7
B7N3K,B7N3K
YL01N,YL01N
I1971,I1971
94Q8M,94Q8M
EU1XT,EU1XT
FUU3B,FUU3B
4VUZU,4VUZU
CTF7U,CTF7U
5SQL0,5SQL0
6XGDF,6XGDF
ZH15N,ZH15N
1J2LN,1J2LN
MV7O1,MV7O1
77907,77907
NDCXC,NDCXC
RV9VV,RV9VV
Z2LCF,Z2LCF
G5HDD,G5HDD
WP2KY,WP2KY
330OG,330OG
0KWH2,0KWH2
4ER31,4ER31
IJY5S,IJY5S
A0X7Q,A0X7Q
N8OPD,N8OPD
VFLFJ,VFLFJ
RYR2V,RYR2V
JK7H7,JK7H7
MVEMS,MVEMS
WTMUG,WTMUG
TBMZT,TBMZT
3G7VU,3G7VU
M6OEK,M6OEK
2UFO1,2UFO1
IOY3V,IOY3V
2J5WU,2J5WU
DNPBC,DNPBC
2LFLV,2LFLV
CUBXO,CUBXO
NE202,NE202
GUJIS,GUJIS
501Y5,501Y5
S36OA,S36OA
26R4L,26R4L
DPHAP,DPHAP
F4LGX,F4LGX
ZAUK8,ZAUK8
P0JVL,P0JVL
32QTL,32QTL
4MZ6B,4MZ6B
B6PX8,B6PX8
QIMG5,QIMG5
6RYGW,6RYGW
FL454,FL454
ZLOBV,ZLOBV
KL8KZ,KL8KZ
47TBC,47TBC
29LY9,29LY9
27LGH,27LGH
GN3S8,GN3S8
I5DO6,I5DO6
TEFT3,TEFT3
Q57WW,Q57WW
ERD7O,ERD7O
0755Y,0755Y
NW2SD,NW2SD
AXDNH,AXDNH
9RID6,9RID6
YJBRC,YJBRC
WTPVM,WTPVM
HJU5K,HJU5K
DA7TD,DA7TD
9DKZM,9DKZM
YU33H,YU33H
PROCW,PROCW
240D1,240D1
3M3ZF,3M3ZF
MORT7,MORT7
5ZSJV,5ZSJV
5AW8L,5AW8L
YD76T,YD76T
NTL9F,NTL9F
GGZTU,GGZTU
PIXOK,PIXOK
6ZXFA,6ZXFA
OSA66,OSA66
VQEKH,VQEKH
BDGO3,BDGO3
Z8J2T,Z8J2T
X4RWW,X4RWW
HGREE,HGREE
TWII3,TWII3
N87DU,N87DU
V33E5,V33E5
J80CU,J80CU
TUBR7,TUBR7
3XST5,3XST5
CSE7Z,CSE7Z
X0O95,X0O95
38ELB,38ELB
6WYZH,6WYZH
M2Y0E,M2Y0E
LROIW,LROIW
3668L,3668L
63ZTY,63ZTY
6FINO,6FINO
7LINZ,7LINZ
0N83X,0N83X
NED4O,NED4O
CKVYR,CKVYR
Z3HP1,Z3HP1
FEV2F,FEV2F
3UDMV,3UDMV
R9UI8,R9UI8
B9F27,B9F27
4JL8H,4JL8H
B2L6R,B2L6R
XIZ7B,XIZ7B
F9GNY,F9GNY
8XOJU,8XOJU
ON5Y7,ON5Y7
3RRTB,3RRTB
N5W01,N5W01
W61TL,W61TL
TL6R2,TL6R2
7KDIP,7KDIP
UY8RW,UY8RW
OVK19,OVK19
8BR98,8BR98
7R2TZ,7R2TZ
KXBMU,KXBMU
Y9KUB,Y9KUB
56F3D,56F3D
KDQMX,KDQMX
SU8QB,SU8QB
YFZ2Q,YFZ2Q
JR67U,JR67U
GCHHL,GCHHL
AHIMG,AHIMG
HXW0Z,HXW0Z
WS1FI,WS1FI
Q4IUM,Q4IUM
BQZ3O,BQZ3O
Q1MTN,Q1MTN
RBMZ6,RBMZ6
6BCOH,6BCOH
0YGK1,0YGK1
N94FJ,N94FJ
6E5IV,6E5IV
8B31E,8B31E
IA3V7,IA3V7
E7U16,E7U16
4M9U2,4M9U2
ANSMM,ANSMM
45PHW,45PHW
XCINF,XCINF
GR0E3,GR0E3
U6DYK,U6DYK
FOHFF,FOHFF
HFY7Y,HFY7Y
23CXV,23CXV
BUD6C,BUD6C
2C0XQ,2C0XQ
3DI4N,3DI4N
7VFX1,7VFX1
Y0F3G,Y0F3G
C7BIG,C7BIG
85T8L,85T8L
6ECWU,6ECWU
0QM25,0QM25
GD8UQ,GD8UQ
CEAFH,CEAFH
2UZX4,2UZX4
7XBMV,7XBMV
4PZJV,4PZJV
LHV0E,LHV0E
86JYH,86JYH
0EK84,0EK84
3E7S3,3E7S3
U3CS1,U3CS1
028U8,028U8
MISOC,MISOC
YZVI5,YZVI5
03SYX,03SYX
790OV,790OV
ZXAFZ,ZXAFZ
M5XZ8,M5XZ8
L5EPG,L5EPG
I6QKS,I6QKS
INQHI,INQHI
P8J7A,P8J7A
1KT8K,1KT8K
P0X4M,P0X4M
0YZ2K,0YZ2K
RSZIJ,RSZIJ
KHUCH,KHUCH
1WRVN,1WRVN
6W4O5,6W4O5
V6TTL,V6TTL
N11W5,N11W5
R6DEA,R6DEA
CT007,CT007
IUFF9,IUFF9
95ZJ3,95ZJ3
SA7J5,SA7J5
XFWO2,XFWO2
56RV7,56RV7
G8TV6,G8TV6
YJOB3,YJOB3
6MF2Q,6MF2Q
9C90S,9C90S
M55SN,M55SN
LNF7P,LNF7P
EO3C9,EO3C9
5Z4VG,5Z4VG
SCT1K,SCT1K
H3QSD,H3QSD
6M68E,6M68E
COPIG,COPIG
WNSQ3,WNSQ3
NRCTG,NRCTG
UIPR4,UIPR4
RDBMJ,RDBMJ
9F87C,9F87C
XJEQM,XJEQM
G978X,G978X
0QT9J,0QT9J
7QKCF,7QKCF
GIUSI,GIUSI
SYVEY,SYVEY
TDHTX,TDHTX
87Y5O,87Y5O
P2C0L,P2C0L
KYEOL,KYEOL
M1P91,M1P91
MWIGI,MWIGI
1Z5H3,1Z5H3
ZOALZ,ZOALZ
00W9T,00W9T
RVGKM,RVGKM
6Y40F,6Y40F
4FY5V,4FY5V
3QDEC,3QDEC
X0YUZ,X0YUZ
YQQ3D,YQQ3D
OXSUD,OXSUD
RPFCX,RPFCX
DBXBP,DBXBP
GFK78,GFK78
CWSY6,CWSY6
9O6AX,9O6AX
ZRG46,ZRG46
X8IDD,X8IDD
AKY4Q,AKY4Q
B6NNL,B6NNL
CHH6B,CHH6B
EH1YG,EH1YG
1SMYS,1SMYS
ASWH7,ASWH7
RPVYF,RPVYF
D3L1U,D3L1U
92GTY,92GTY
JFIKT,JFIKT
BZFJO,BZFJO
LUB9N,LUB9N
N1MZR,N1MZR
N1Q63,N1Q63
5I9E5,5I9E5
ORSI8,ORSI8
YUSCV,YUSCV
LVCXB,LVCXB
247PW,247PW
CXCP2,CXCP2
KPSWW,KPSWW
W2UPZ,W2UPZ
ED84X,ED84X
HSD9D,HSD9D
EO2HB,EO2HB
T2K71,T2K71
N5CFN,N5CFN
VUYJQ,VUYJQ
7CTW0,7CTW0
BRWZZ,BRWZZ
HKD5V,HKD5V
YSMEK,YSMEK
6067N,6067N
8WE0G,8WE0G
X69Q4,X69Q4
SIY0E,SIY0E
8MKNK,8MKNK
IAP77,IAP77
1UNHQ,1UNHQ
B9OY7,B9OY7
XFKZ5,XFKZ5
0ZMNN,0ZMNN
WY38I,WY38I
G3JJ5,G3JJ5
P9TMH,P9TMH
8P630,8P630
G6Z4L,G6Z4L
R69A6,R69A6
DE2PL,DE2PL
C73GY,C73GY
SK21G,SK21G
6D0JG,6D0JG
A5GLD,A5GLD
J1ENY,J1ENY
HGG3D,HGG3D
RM3JT,RM3JT
5CA28,5CA28
MO610,MO610
Z5JJ4,Z5JJ4
V3659,V3659
J22SL,J22SL
CBC8Y,CBC8Y
X8INC,X8INC
JH1YV,JH1YV
PGSLW,PGSLW
NMFZ9,NMFZ9
NWARQ,NWARQ
33TTL,33TTL
JCKZT,JCKZT
RA2LF,RA2LF
WZP7V,WZP7V
0VML7,0VML7
NW9G8,NW9G8
G35JZ,G35JZ
XZSJE,XZSJE
MQMFU,MQMFU
RX24X,RX24X
MKBIV,MKBIV
NHMKZ,NHMKZ
YET2Q,YET2Q
ICD49,ICD49
NV16O,NV16O
DULVG,DULVG
FF39J,FF39J
MB31A,MB31A
OWLIM,OWLIM
R39EJ,R39EJ
IY1FQ,IY1FQ
S22N4,S22N4
M9LTT,M9LTT
IRJ76,IRJ76
G4Z2J,G4Z2J
CEGVL,CEGVL
MUJMX,MUJMX
BW7F3,BW7F3
PXAOV,PXAOV
T8846,T8846
P5BVD,P5BVD
3UBVR,3UBVR
MUD4V,MUD4V
I93JX,I93JX
2UF9I,2UF9I
1RTXH,1RTXH
BRUXM,BRUXM
WFFJ2,WFFJ2
0DMWT,0DMWT
I3MD6,I3MD6
1VSCD,1VSCD
3CFIY,3CFIY
YD6HS,YD6HS
Y92FT,Y92FT
G8IW4,G8IW4
E562M,E562M
582UB,582UB
QAV0U,QAV0U
C23AW,C23AW
QTI6D,QTI6D
TXFVF,TXFVF
1HY03,1HY03
R62I4,R62I4
CVDE7,CVDE7
FGGBL,FGGBL
E3KG7,E3KG7
Z8F39,Z8F39
572CK,572CK
UZ564,UZ564
YAF5U,YAF5U
9D92D,9D92D
XFSGT,XFSGT
4G1MW,4G1MW
LHI7H,LHI7H
8J2DT,8J2DT
51JJB,51JJB
8PG0C,8PG0C
EBJ97,EBJ97
S93MC,S93MC
4NJ7G,4NJ7G
CO1J8,CO1J8
B0LB0,B0LB0
FCQ21,FCQ21
JEUGL,JEUGL
C0UM9,C0UM9
ZJT4J,ZJT4J
WIL9O,WIL9O
U4SPS,U4SPS
F1921,F1921
FSKH1,FSKH1
ED4F1,ED4F1
78JVJ,78JVJ
DFRH7,DFRH7
EIBYO,EIBYO
H5XL8,H5XL8
VPG3X,VPG3X
M4YCX,M4YCX
HJBQB,HJBQB
4DE7K,4DE7K
BBWAP,BBWAP
OCSDS,OCSDS
N2H83,N2H83
4UVNN,4UVNN
0T49D,0T49D
CGGJ8,CGGJ8
DRF9R,DRF9R
6B1B7,6B1B7
5IISL,5IISL
1TJ1C,1TJ1C
6FXS9,6FXS9
WEU0K,WEU0K
L1LRU,L1LRU
R6233,R6233
JI4QR,JI4QR
NZ1Z6,NZ1Z6
4YG3I,4YG3I
BNMA6,BNMA6
BB494,BB494
KR5RH,KR5RH
1C72I,1C72I
RG7BI,RG7BI
BHWPW,BHWPW
DCTX7,DCTX7
R23AB,R23AB
A7Z81,A7Z81
H6GDB,H6GDB
XBCP8,XBCP8
S54CA,S54CA
ANT7L,ANT7L
5AYAL,5AYAL
OB1RY,OB1RY
CGWC4,CGWC4
HCJLN,HCJLN
R18DP,R18DP
KZMH1,KZMH1
JBLA7,JBLA7
1YNKT,1YNKT
XJ13U,XJ13U
HDSAW,HDSAW
9AG5R,9AG5R
NYQXI,NYQXI
GS4AV,GS4AV
SD3ZL,SD3ZL
XTVJU,XTVJU
FZYXM,FZYXM
Y4GZU,Y4GZU
PZH8H,PZH8H
H7NQ9,H7NQ9
PYTVU,PYTVU
E8PWT,E8PWT
V7QNQ,V7QNQ
8ZDCI,8ZDCI
GU2KN,GU2KN
EYFYV,EYFYV
Y50JB,Y50JB
CNARM,CNARM
BZSCE,BZSCE
7UGX4,7UGX4
Q3GA2,Q3GA2
8YEOT,8YEOT
KT13U,KT13U
M12FN,M12FN
MPGKH,MPGKH
0HYHC,0HYHC
H08TE,H08TE
T2UFV,T2UFV
CIU2P,CIU2P
3WD2H,3WD2H
482ID,482ID
MMNIF,MMNIF
9RUA1,9RUA1
2UY5N,2UY5N
ZJ6ZO,ZJ6ZO
XY22W,XY22W
J1DWX,J1DWX
RIKN1,RIKN1
GG1TP,GG1TP
7EPCG,7EPCG
E1JON,E1JON
W9UWB,W9UWB
M0LA4,M0LA4
0TWMN,0TWMN
4C83R,4C83R
7USG2,7USG2
G267L,G267L
2F8I1,2F8I1
IHDZO,IHDZO
Z46Y1,Z46Y1
32XTF,32XTF
8H0EE,8H0EE
2GGWH,2GGWH
KAYQA,KAYQA
4YX8U,4YX8U
WIU2H,WIU2H
CM7MO,CM7MO
0HGUU,0HGUU
83TDA,83TDA
1TAK2,1TAK2
8X5M7,8X5M7
0YNNK,0YNNK
C12WX,C12WX
481Q2,481Q2
908SY,908SY
3DX7Z,3DX7Z
4CH3F,4CH3F
PJFSY,PJFSY
SG9NM,SG9NM
28X6N,28X6N
1MIZJ,1MIZJ
966DM,966DM
57ZC7,57ZC7
9A7E7,9A7E7
MJTIO,MJTIO
7QJ3G,7QJ3G
PA9KY,PA9KY
SMCIB,SMCIB
5275H,5275H
17PY6,17PY6
PD9B8,PD9B8
72274,72274
GX6DA,GX6DA
NY8E0,NY8E0
B1LAP,B1LAP
HFG5F,HFG5F
MG339,MG339
KUJ3U,KUJ3U
NCSII,NCSII
3FVAQ,3FVAQ
ESRUT,ESRUT
QO79S,QO79S
I8GVS,I8GVS
S8Z83,S8Z83
03AJL,03AJL
JHVDV,JHVDV
JYERQ,JYERQ
YE3NP,YE3NP
RPZOW,RPZOW
Z0Q6L,Z0Q6L
WY24L,WY24L
ZSGOS,ZSGOS
8PSY9,8PSY9
5LVOY,5LVOY
HNZSB,HNZSB
5RD5Z,5RD5Z
1VLGU,1VLGU
1CRB4,1CRB4
QEDR2,QEDR2
Z3UYY,Z3UYY
B8CE7,B8CE7
E8I40,E8I40
R0H6R,R0H6R
LAC1D,LAC1D
8K1VN,8K1VN
S43FV,S43FV
5O0HD,5O0HD
2YNV9,2YNV9
61T59,61T59
IRME4,IRME4
KXJ4C,KXJ4C
L1O5N,L1O5N
TJ8HY,TJ8HY
M5J5I,M5J5I
UM455,UM455
5LBLR,5LBLR
3TEO4,3TEO4
D25XT,D25XT
G8MP2,G8MP2
4G5RS,4G5RS
IVZHV,IVZHV
RNZ1X,RNZ1X
IR2XG,IR2XG
3OCGO,3OCGO
DKJZH,DKJZH
S8ODV,S8ODV
Y0TB8,Y0TB8
NHPKN,NHPKN
XBWNM,XBWNM
OWUDJ,OWUDJ
14603,14603
H2YX5,H2YX5
Y6VST,Y6VST
36MYN,36MYN
TAU78,TAU78
K86SF,K86SF
ZU6IL,ZU6IL
NJH6Q,NJH6Q
3IGNF,3IGNF
KV2TU,KV2TU
8YAUS,8YAUS
3OZ9R,3OZ9R
7PQYW,7PQYW
ZDLAN,ZDLAN
L61O3,L61O3
P584K,P584K
31SRP,31SRP
2VNHI,2VNHI
LGQWU,LGQWU
R81CO,R81CO
Y6RJP,Y6RJP
TIMA3,TIMA3
NU2L5,NU2L5
ZVC2I,ZVC2I
UXBDK,UXBDK
YCV5J,YCV5J
GACRQ,GACRQ
QT1BR,QT1BR
3GDN7,3GDN7
6FG68,6FG68
WUPFX,WUPFX
MPHDG,MPHDG
4195F,4195F
SZ2FC,SZ2FC
RH2BR,RH2BR
QQ04Z,QQ04Z
9OFM4,9OFM4
V2EN5,V2EN5
EWQ6O,EWQ6O
Q9OJM,Q9OJM
GWDGM,GWDGM
G6QOJ,G6QOJ
JG406,JG406
ABJB2,ABJB2
L5WY9,L5WY9
N30GB,N30GB
T0ESG,T0ESG
9KE1D,9KE1D
3CBYJ,3CBYJ
DFJ9P,DFJ9P
MH8KB,MH8KB
OY8M3,OY8M3
FHRFS,FHRFS
UXVNX,UXVNX
FYY0O,FYY0O
COVZF,COVZF
QAAAN,QAAAN
YKKQB,YKKQB
9IPLP,9IPLP
Z6NIS,Z6NIS
K7EL0,K7EL0
0U1AI,0U1AI
FU0RP,FU0RP
MB4ZV,MB4ZV
GVX8L,GVX8L
Z597D,Z597D
TSB36,TSB36
BZ5IY,BZ5IY
WC5Q1,WC5Q1
NJQCY,NJQCY
D3O31,D3O31
5H187,5H187
RFEN8,RFEN8
038RS,038RS
GRFHA,GRFHA
N2TZE,N2TZE
DXNDM,DXNDM
66J25,66J25
5ULB1,5ULB1
8C6OC,8C6OC
BCTBR,BCTBR
O8G74,O8G74
U3R5R,U3R5R
D7LI4,D7LI4
HTZLJ,HTZLJ
PEYQA,PEYQA
SHGI5,SHGI5
63Z8C,63Z8C
OI0GA,OI0GA
9N4YK,9N4YK
PH5CF,PH5CF
OHSUJ,OHSUJ
JCDOY,JCDOY
XR7GS,XR7GS
WBFXX,WBFXX
Y5S22,Y5S22
IO99F,IO99F
0HPM1,0HPM1
5SMM7,5SMM7
C9B6R,C9B6R
J1Q4G,J1Q4G
RZ48V,RZ48V
CZSOF,CZSOF
UUE9F,UUE9F
V75SP,V75SP
RGEVW,RGEVW
MG2ZR,MG2ZR
2NM3B,2NM3B
6CJFR,6CJFR
PREQ7,PREQ7
3WCGF,3WCGF
N8EOP,N8EOP
5IDAW,5IDAW
M7KUA,M7KUA
G6RXB,G6RXB
VI3LL,VI3LL
NZQ3H,NZQ3H
VGBMU,VGBMU
06XEQ,06XEQ
1KTY0,1KTY0
PXZR6,PXZR6
ILNG9,ILNG9
YVP18,YVP18
CV89A,CV89A
T3QL4,T3QL4
ZIATX,ZIATX
19FTU,19FTU
9ST25,9ST25
E28PZ,E28PZ
4M29Z,4M29Z
V1LKR,V1LKR
EXN9M,EXN9M
DFKA2,DFKA2
MB3Z2,MB3Z2
1045Q,1045Q
EPXDT,EPXDT
TE9WG,TE9WG
BD9ST,BD9ST
JYFCI,JYFCI
ZDMBQ,ZDMBQ
BSA4W,BSA4W
EH4UI,EH4UI
ACL2R,ACL2R
4104T,4104T
WOLR3,WOLR3
8ED9O,8ED9O
D0ZE6,D0ZE6
3M2TT,3M2TT
3E0MO,3E0MO
XMKH7,XMKH7
L1NBA,L1NBA
WCDVJ,WCDVJ
1VEIO,1VEIO
ANHVN,ANHVN
E0DNA,E0DNA
RD1PH,RD1PH
WAU8Z,WAU8Z
TMDX3,TMDX3
XJROT,XJROT
TE87E,TE87E
S7NE5,S7NE5
W8Y98,W8Y98
66RNZ,66RNZ
9VYLG,9VYLG
GUOQB,GUOQB
SHXXQ,SHXXQ
RDFHC,RDFHC
XCXFT,XCXFT
PWTZ3,PWTZ3
3U62P,3U62P
W8K7E,W8K7E
LBN1O,LBN1O
2EKXD,2EKXD
K0CHZ,K0CHZ
B1SHG,B1SHG
D9D4A,D9D4A
J6X1L,J6X1L
0VNM1,0VNM1
UANIL,UANIL
D2KLK,D2KLK
STMXM,STMXM
4WG9V,4WG9V
G2BPO,G2BPO
PY3LZ,PY3LZ
ITWFI,ITWFI
AOER1,AOER1
7OW5S,7OW5S
PDQRN,PDQRN
C3G2L,C3G2L
7PW9H,7PW9H
ULVHV,ULVHV
KETV3,KETV3
BJJTZ,BJJTZ
EF3P2,EF3P2
0NVFW,0NVFW
XJAGH,XJAGH
LMG5Y,LMG5Y
ID9NJ,ID9NJ
JNF9B,JNF9B
2J5Q3,2J5Q3
3P8BV,3P8BV
65V7O,65V7O
FPWBV,FPWBV
9YU1A,9YU1A
QKPCO,QKPCO
4ISEM,4ISEM
4NW74,4NW74
WJ7HZ,WJ7HZ
58BGY,58BGY
FDSCC,FDSCC
NVLJC,NVLJC
HMEIN,HMEIN
3Q2MT,3Q2MT
KQXKD,KQXKD
84AWS,84AWS
19RTY,19RTY
UA9DQ,UA9DQ
I0PCF,I0PCF
E9D7A,E9D7A
6BAG6,6BAG6
7KFRG,7KFRG
HQ07L,HQ07L
C3YRD,C3YRD
FAAEF,FAAEF
XZXYQ,XZXYQ
GX7JW,GX7JW
OS93B,OS93B
XDMUD,XDMUD
7Q2O8,7Q2O8
A0R1S,A0R1S
N681F,N681F
H79U2,H79U2
JBFSD,JBFSD
THBOW,THBOW
SKNKK,SKNKK
2X0DQ,2X0DQ
NQ1HR,NQ1HR
5HB6Q,5HB6Q
KSYJ8,KSYJ8
WEHUD,WEHUD
S1655,S1655
409UJ,409UJ
FPNZG,FPNZG
28A7B,28A7B
AFBNP,AFBNP
Q26K7,Q26K7
ON63N,ON63N
WH961,WH961
F1U8P,F1U8P
QHQNF,QHQNF
6OR2J,6OR2J
RLY9Q,RLY9Q
T5RIR,T5RIR
4932M,4932M
LOK4S,LOK4S
Z32L8,Z32L8
BV4HY,BV4HY
Y8FJQ,Y8FJQ
FG424,FG424
DM1WV,DM1WV
3TTVK,3TTVK
DCPK5,DCPK5
4D9D6,4D9D6
JLFHF,JLFHF
X95XO,X95XO
L1WYT,L1WYT
JZMKG,JZMKG
MNWDP,MNWDP
ODMD2,ODMD2
2JMHF,2JMHF
5PMU2,5PMU2
QPWZ8,QPWZ8
XXWEY,XXWEY
E94SF,E94SF
8M7CE,8M7CE
7CHNS,7CHNS
F97OQ,F97OQ
B0DTW,B0DTW
1GVAI,1GVAI
VL580,VL580
1856D,1856D
QVEJ3,QVEJ3
P6Q5M,P6Q5M
93VY7,93VY7
SYP0W,SYP0W
4WZKP,4WZKP
XMCO2,XMCO2
B7HI0,B7HI0
R0673,R0673
8O5SI,8O5SI
ZWZTD,ZWZTD
YN9M5,YN9M5
GP32H,GP32H
XKKHX,XKKHX
PMT0C,PMT0C
X89Q2,X89Q2
NSGJW,NSGJW
6HTGI,6HTGI
YWIL6,YWIL6
3D5E9,3D5E9
NEYEN,NEYEN
BO9CJ,BO9CJ
T72JU,T72JU
GYDBA,GYDBA
ZAEQL,ZAEQL
YENN0,YENN0
Z0D3O,Z0D3O
5L6CD,5L6CD
10Y1T,10Y1T
FR6KC,FR6KC
PRLG8,PRLG8
6X5SY,6X5SY
29A20,29A20
NOCYV,NOCYV
1JIYX,1JIYX
IZQ14,IZQ14
CFYUW,CFYUW
WRGBJ,WRGBJ
RUNS6,RUNS6
23FM7,23FM7
5P7HU,5P7HU
DGCK4,DGCK4
K5ET6,K5ET6
M8XBU,M8XBU
S18B2,S18B2
DEFM5,DEFM5
96I2T,96I2T
MJA9G,MJA9G
CREX2,CREX2
442JQ,442JQ
O9A1S,O9A1S
V3L6X,V3L6X
9UDND,9UDND
GRERU,GRERU
B6KCM,B6KCM
NLHBG,NLHBG
W7SIW,W7SIW
17HME,17HME
K4Y81,K4Y81
PWNHT,PWNHT
6X5V8,6X5V8
HBUAY,HBUAY
V48C6,V48C6
KVC3H,KVC3H
ANFRE,ANFRE
DIFEX,DIFEX
NUWJL,NUWJL
1DJKH,1DJKH
MEEOU,MEEOU
D82KW,D82KW
HJB4J,HJB4J
PV8JV,PV8JV
QZ88T,QZ88T
H9YRS,H9YRS
OYBVI,OYBVI
17JFF,17JFF
K0M52,K0M52
FL5Z1,FL5Z1
7YI10,7YI10
P7VRM,P7VRM
R1POF,R1POF
U0A3Z,U0A3Z
0D63C,0D63C
8XH2X,8XH2X
PWV1X,PWV1X
TN586,TN586
MWZJM,MWZJM
3AM1P,3AM1P
0ICRY,0ICRY
ZUC9Y,ZUC9Y
SWTJI,SWTJI
L3SXZ,L3SXZ
Q2NG0,Q2NG0
IPR7B,IPR7B
9FQWK,9FQWK
SV4IH,SV4IH
2Y6JB,2Y6JB
5H6WT,5H6WT
3ZUZW,3ZUZW
YO1E7,YO1E7
AGTIH,AGTIH
42WY6,42WY6
A65L0,A65L0
BHNAH,BHNAH
NQVU5,NQVU5
XW7U7,XW7U7
V396D,V396D
C6GH7,C6GH7
OIRL6,OIRL6
6TTUK,6TTUK
DVGH5,DVGH5
V47QM,V47QM
5D773,5D773
HGCWU,HGCWU
2IERQ,2IERQ
RKQR4,RKQR4
HCQAU,HCQAU
PXRMQ,PXRMQ
RZH23,RZH23
12WHL,12WHL
AOJ0V,AOJ0V
DEGN9,DEGN9
JUWJW,JUWJW
ZCXTE,ZCXTE
7ZEIH,7ZEIH
SM0KW,SM0KW
WH9T5,WH9T5
AOUMC,AOUMC
BTK70,BTK70
VRC36,VRC36
C9D2W,C9D2W
N1BQ5,N1BQ5
SR3ON,SR3ON
SO208,SO208
7F23A,7F23A
DC5XE,DC5XE
Q2N34,Q2N34
NV7N7,NV7N7
QD32M,QD32M
49361,49361
YIW1S,YIW1S
1KYOE,1KYOE
3632L,3632L
DRROX,DRROX
X9CO7,X9CO7
OGUOA,OGUOA
4WNIU,4WNIU
45UJ4,45UJ4
V7UUE,V7UUE
QP392,QP392
Z4DL6,Z4DL6
J7GAW,J7GAW
DCF0Z,DCF0Z
UX5VC,UX5VC
3TDZ9,3TDZ9
3IAOJ,3IAOJ
1DTR0,1DTR0
1TTK3,1TTK3
VJS1Q,VJS1Q
WI4CK,WI4CK
3UAIE,3UAIE
KS4C1,KS4C1
1NLBD,1NLBD
4XEL6,4XEL6
5IFYI,5IFYI
G0OH3,G0OH3
DL4U1,DL4U1
PGF0M,PGF0M
VFZKD,VFZKD
FXA9C,FXA9C
58317,58317
TY5Q9,TY5Q9
SOJ76,SOJ76
NKUG7,NKUG7
TDVLH,TDVLH
BPOLW,BPOLW
735KN,735KN
B40G1,B40G1
GRKRU,GRKRU
SERRP,SERRP
LH0O4,LH0O4
6OLTV,6OLTV
QHIVC,QHIVC
YI923,YI923
9RMFO,9RMFO
V0X6F,V0X6F
5Z861,5Z861
4W6AG,4W6AG
WPA5K,WPA5K
4R9HP,4R9HP
0TS5Z,0TS5Z
54UVO,54UVO
2OGXB,2OGXB
462IE,462IE
HAD2O,HAD2O
K4F8P,K4F8P
XGXCF,XGXCF
ACT6O,ACT6O
5BYNZ,5BYNZ
FC9G5,FC9G5
KY6HL,KY6HL
0OERZ,0OERZ
9BIXY,9BIXY
75DNX,75DNX
BV08L,BV08L
QDCWS,QDCWS
JWQCF,JWQCF
1OU7A,1OU7A
RPL96,RPL96
11CMT,11CMT
LP3RZ,LP3RZ
5LDHZ,5LDHZ
5U5VL,5U5VL
4D4D7,4D4D7
TGDWG,TGDWG
P2VGS,P2VGS
HP7FK,HP7FK
BVXJT,BVXJT
Q1W4G,Q1W4G
54UFA,54UFA
M715G,M715G
SD93X,SD93X
GMFDA,GMFDA
OGQIB,OGQIB
XKB9J,XKB9J
3PJUA,3PJUA
G0FV7,G0FV7
B4HN2,B4HN2
01HT0,01HT0
HDPOS,HDPOS
ONGII,ONGII
PW5LL,PW5LL
C9JLK,C9JLK
QXZY1,QXZY1
1R6GJ,1R6GJ
N8EJQ,N8EJQ
DGZ6P,DGZ6P
VKF8H,VKF8H
AETEG,AETEG
KKTLW,KKTLW
XIUE8,XIUE8
R6OV1,R6OV1
VGE0O,VGE0O
QCJFE,QCJFE
LQLFS,LQLFS
3WXJK,3WXJK
VQ9TO,VQ9TO
6DAGB,6DAGB
1L02K,1L02K
DORGI,DORGI
BBWAK,BBWAK
ONR05,ONR05
VHK5U,VHK5U
WR4B3,WR4B3
J9H9W,J9H9W
UFQO5,UFQO5
FSLSV,FSLSV
HXY3F,HXY3F
M3LE3,M3LE3
61677,61677
208WM,208WM
IUYA7,IUYA7
PME0Y,PME0Y
H8I2U,H8I2U
02QXX,02QXX
5AGKI,5AGKI
3QQT7,3QQT7
534ST,534ST
1N7PA,1N7PA
XGUEF,XGUEF
KPJZA,KPJZA
Y056R,Y056R
MTJAL,MTJAL
23TZ2,23TZ2
OTJ4Q,OTJ4Q
23CMF,23CMF
1D9BM,1D9BM
WK0JU,WK0JU
BBBZ1,BBBZ1
6CSC3,6CSC3
KI7X0,KI7X0
4FDIU,4FDIU
RDV70,RDV70
MVLC8,MVLC8
L8FCQ,L8FCQ
K5TIZ,K5TIZ
R346Z,R346Z
UJDKC,UJDKC
CE1PD,CE1PD
V9MYC,V9MYC
OJU91,OJU91
LW7UG,LW7UG
ES9DV,ES9DV
BGJPW,BGJPW
T5TKS,T5TKS
Q8U94,Q8U94
RVQWN,RVQWN
LTI3S,LTI3S
X5KQW,X5KQW
HA6G3,HA6G3
51HRZ,51HRZ
K10XT,K10XT
MNOAX,MNOAX
7Q6TH,7Q6TH
ZFKNZ,ZFKNZ
UTFPA,UTFPA
D0ALD,D0ALD
2AOVE,2AOVE
YXX3F,YXX3F
ZB5SX,ZB5SX
5HAJK,5HAJK
G9K3V,G9K3V
HMEXK,HMEXK
X8GVL,X8GVL
IG9K4,IG9K4
VALJ8,VALJ8
EHG2C,EHG2C
B3CP7,B3CP7
9421F,9421F
W3X98,W3X98
5U2E9,5U2E9
G91BS,G91BS
VMM6V,VMM6V
DBLOX,DBLOX
LA5QG,LA5QG
2UT0Q,2UT0Q
DN16V,DN16V
3LW4K,3LW4K
ZMWR0,ZMWR0
FVR0R,FVR0R
LERM9,LERM9
9RIK1,9RIK1
5J6O6,5J6O6
BS18Z,BS18Z
9J0SW,9J0SW
SMX5F,SMX5F
D9A54,D9A54
4KSXJ,4KSXJ
I07FW,I07FW
MOMK5,MOMK5
Y71PE,Y71PE
3YQPH,3YQPH
OMZMH,OMZMH
CK8F1,CK8F1
ILHDW,ILHDW
IQYP5,IQYP5
9BGLZ,9BGLZ
S9MFC,S9MFC
H1FT3,H1FT3
H3N47,H3N47
H9AAU,H9AAU
NDDM5,NDDM5
REJJE,REJJE
X9I3O,X9I3O
YO5A8,YO5A8
CY5OB,CY5OB
WTW0S,WTW0S
6OMHZ,6OMHZ
5ZS0N,5ZS0N
SHYOG,SHYOG
CG8L6,CG8L6
EPJWS,EPJWS
MXVKZ,MXVKZ
MFFEN,MFFEN
YD0XJ,YD0XJ
VWFWV,VWFWV
MT0C7,MT0C7
JUSJL,JUSJL
BV8Q3,BV8Q3
Z8GKU,Z8GKU
GFQAM,GFQAM
G1U7C,G1U7C
TOG59,TOG59
EF32V,EF32V
56GKW,56GKW
O14CE,O14CE
C980Q,C980Q
27BI0,27BI0
GYDMP,GYDMP
AJCVE,AJCVE
PR5AN,PR5AN
4G7EN,4G7EN
E3QVN,E3QVN
5ZAPR,5ZAPR
DCFLG,DCFLG
2CB3C,2CB3C
WBV4Q,WBV4Q
8KC29,8KC29
BXJCQ,BXJCQ
LGDZ6,LGDZ6
XCBXO,XCBXO
YW63E,YW63E
M7DB4,M7DB4
JDWMU,JDWMU
WJR3Q,WJR3Q
2OOAY,2OOAY
2I20H,2I20H
JOZ9O,JOZ9O
UEFXD,UEFXD
7ZE9I,7ZE9I
RK36U,RK36U
UPYGA,UPYGA
JUQN9,JUQN9
MI5ZM,MI5ZM
U71VX,U71VX
5IJJB,5IJJB
0UT7D,0UT7D
0B0BZ,0B0BZ
3Y1CV,3Y1CV
M1LWC,M1LWC
M6XWU,M6XWU
VX5RT,VX5RT
GX3ZO,GX3ZO
L7X1G,L7X1G
HCYAF,HCYAF
F8EQ4,F8EQ4
6L28S,6L28S
26H5Q,26H5Q
GW5YB,GW5YB
KA8DI,KA8DI
AMS7Y,AMS7Y
EYIGY,EYIGY
LBN0S,LBN0S
GKTPY,GKTPY
ST11S,ST11S
9Y2ZG,9Y2ZG
REJ4A,REJ4A
S6MU6,S6MU6
8PKED,8PKED
MDE3Z,MDE3Z
8IDUM,8IDUM
641G2,641G2
48Q8H,48Q8H
VX9IM,VX9IM
9Y7BF,9Y7BF
RLLCK,RLLCK
M2RVB,M2RVB
BVDTC,BVDTC
KWTS5,KWTS5
5V5V1,5V5V1
6Q1GB,6Q1GB
IECS6,IECS6
57LYC,57LYC
9N24T,9N24T
U5YOI,U5YOI
TC9F7,TC9F7
ZCQAD,ZCQAD
53RSI,53RSI
A0497,A0497
VD2O6,VD2O6
28QVG,28QVG
4J5VE,4J5VE
6ML3E,6ML3E
SDTRQ,SDTRQ
D4AJZ,D4AJZ
TBDHP,TBDHP
CVL41,CVL41
4THGG,4THGG
URMTO,URMTO
YZM25,YZM25
QN686,QN686
UK9Z6,UK9Z6
P9T1X,P9T1X
0YMCS,0YMCS
EQ4KF,EQ4KF
3U76I,3U76I
HJSHK,HJSHK
07R1R,07R1R
L15XN,L15XN
4DDSW,4DDSW
ECM7G,ECM7G
P21MI,P21MI
OTR18,OTR18
9XQPG,9XQPG
IZ07D,IZ07D
VPRJI,VPRJI
IY5J3,IY5J3
P3KAD,P3KAD
XV9AQ,XV9AQ
NJE1V,NJE1V
O02WG,O02WG
M8Z96,M8Z96
I7R9R,I7R9R
ZJS2X,ZJS2X
M22S0,M22S0
F1WXG,F1WXG
09FLU,09FLU
MASNA,MASNA
GDF97,GDF97
1TKRI,1TKRI
QUWJS,QUWJS
9Y3QT,9Y3QT
E2CPZ,E2CPZ
L2G88,L2G88
UJFVO,UJFVO
TFT4R,TFT4R
KMZL2,KMZL2
68DGA,68DGA
LT3CO,LT3CO
DX56G,DX56G
WDDJL,WDDJL
RFVVS,RFVVS
UXMIC,UXMIC
3H96Y,3H96Y
3CXK9,3CXK9
F1BNB,F1BNB
K12SB,K12SB
U89V3,U89V3
CB1LD,CB1LD
IZPO6,IZPO6
4K55A,4K55A
M48ME,M48ME
2V3VW,2V3VW
BFORP,BFORP
PPI1A,PPI1A
TJ10X,TJ10X
2650,0265
RHXQJ,RHXQJ
YA3DC,YA3DC
LRLGH,LRLGH
OZ3VU,OZ3VU
1MTTG,1MTTG
ZDUZ5,ZDUZ5
759C9,759C9
V1PTZ,V1PTZ
U8DZW,U8DZW
8O4XD,8O4XD
MX5BI,MX5BI
FEYDZ,FEYDZ
RTOGC,RTOGC
OF7Z2,OF7Z2
W0W8Q,W0W8Q
G22MY,G22MY
XVMRN,XVMRN
05KTC,05KTC
F6R4F,F6R4F
JWVXZ,JWVXZ
CV4KR,CV4KR
RMZC4,RMZC4
TW9EL,TW9EL
JLWLX,JLWLX
D6JV9,D6JV9
6G4O2,6G4O2
FU2CB,FU2CB
JEQ8P,JEQ8P
1350N,1350N
C6UTG,C6UTG
85ZWR,85ZWR
ANQV5,ANQV5
JWV2V,JWV2V
KIQ36,KIQ36
YRQAD,YRQAD
70Q4V,70Q4V
QM9DZ,QM9DZ
CC8RN,CC8RN
UY1TA,UY1TA
5HJDX,5HJDX
XRH17,XRH17
17S3V,17S3V
2IQEN,2IQEN
OYSX3,OYSX3
18NLV,18NLV
QSLMY,QSLMY
IC7W1,IC7W1
TTQJ6,TTQJ6
5TAN1,5TAN1
TZENR,TZENR
TPF3E,TPF3E
5GXWE,5GXWE
XSG8L,XSG8L
EBOOP,EBOOP
D9IPN,D9IPN
D7ETH,D7ETH
PHLU2,PHLU2
22YLB,22YLB
6LUEQ,6LUEQ
9YPPH,9YPPH
77JX7,77JX7
N0DAP,N0DAP
86JS9,86JS9
C4U1J,C4U1J
U01LU,U01LU
PNSZE,PNSZE
RQUD2,RQUD2
YAI5I,YAI5I
HDICT,HDICT
TCKXB,TCKXB
76DEV,76DEV
LRKI1,LRKI1
MOUM0,MOUM0
YQ4U7,YQ4U7
825,00825
GTT7V,GTT7V
TCFIT,TCFIT
T7EB5,T7EB5
JYDXU,JYDXU
8KT26,8KT26
UXCWE,UXCWE
RGTRW,RGTRW
ZCIJY,ZCIJY
SSDN8,SSDN8
YQIDD,YQIDD
IY9EM,IY9EM
C2Q2Q,C2Q2Q
D0NCF,D0NCF
48Y3Z,48Y3Z
73VV1,73VV1
FPZWB,FPZWB
Y665T,Y665T
P9V4Q,P9V4Q
HJDRM,HJDRM
7XYFB,7XYFB
DZC69,DZC69
BHWCR,BHWCR
DM1H1,DM1H1
6I3ZR,6I3ZR
EQHLK,EQHLK
SV2WJ,SV2WJ
TLBOF,TLBOF
H2USK,H2USK
UWBWX,UWBWX
YMTEK,YMTEK
6QMZ7,6QMZ7
962NF,962NF
UIVH1,UIVH1
9UZ30,9UZ30
JR4PF,JR4PF
SE9Q5,SE9Q5
XDJQE,XDJQE
P6HJV,P6HJV
EYIRH,EYIRH
74GNZ,74GNZ
RLXSV,RLXSV
N1Z5I,N1Z5I
DPWVG,DPWVG
F8RIX,F8RIX
NE43X,NE43X
K1SPV,K1SPV
ZVGYB,ZVGYB
PBBIT,PBBIT
3VFF8,3VFF8
H3VQM,H3VQM
Z54CP,Z54CP
17W27,17W27
GK9JW,GK9JW
UEAG1,UEAG1
ULIRU,ULIRU
MYEB6,MYEB6
LENLF,LENLF
OVDKF,OVDKF
G7BKU,G7BKU
CACQ7,CACQ7
KQF75,KQF75
XRV8F,XRV8F
0Q16T,0Q16T
G4VVD,G4VVD
ULL0C,ULL0C
6P8H0,6P8H0
AO3UA,AO3UA
GLNXG,GLNXG
IGKQS,IGKQS
Q0NZ8,Q0NZ8
M444A,M444A
GM5NO,GM5NO
YSEEQ,YSEEQ
GR6ZH,GR6ZH
W4VH6,W4VH6
IN2PG,IN2PG
1E89Z,1E89Z
XIO56,XIO56
YWC0F,YWC0F
QFL25,QFL25
FRNXE,FRNXE
FO3VM,FO3VM
3YGS7,3YGS7
OCXVJ,OCXVJ
8ZMBX,8ZMBX
ZOHIY,ZOHIY
JXPTJ,JXPTJ
FMTAN,FMTAN
7L7YF,7L7YF
EIZL3,EIZL3
PZ1IM,PZ1IM
KSAF7,KSAF7
AAOUL,AAOUL
A4YSE,A4YSE
GJBQW,GJBQW
9B5EA,9B5EA
URU3B,URU3B
X282H,X282H
XYRNJ,XYRNJ
FMZW9,FMZW9
UV4GR,UV4GR
2H22Y,2H22Y
ZLG44,ZLG44
G2HH8,G2HH8
VSZI5,VSZI5
YS1D6,YS1D6
Q2NR2,Q2NR2
LV2IT,LV2IT
A2ZQK,A2ZQK
XCEP5,XCEP5
KB4HG,KB4HG
VH47E,VH47E
SZEV4,SZEV4
E3WJG,E3WJG
KB9MS,KB9MS
5KT7V,5KT7V
IWNUP,IWNUP
240HH,240HH
IW7A2,IW7A2
MZ6EK,MZ6EK
PZG8W,PZG8W
U2VC4,U2VC4
91IPU,91IPU
NOV4F,NOV4F
H4AG9,H4AG9
X68E2,X68E2
ADHB3,ADHB3
X53EB,X53EB
4U1FO,4U1FO
JA9O5,JA9O5
CDCRD,CDCRD
AXVUH,AXVUH
VO2IV,VO2IV
6EGPB,6EGPB
I5PZY,I5PZY
HRS26,HRS26
B2CF4,B2CF4
9HQR8,9HQR8
9NIOP,9NIOP
J1SJL,J1SJL
UY5DJ,UY5DJ
848CX,848CX
ZDZJW,ZDZJW
JF4X3,JF4X3
Q2R7S,Q2R7S
S2N84,S2N84
SCJJ2,SCJJ2
OYAQ2,OYAQ2
FCPB6,FCPB6
T9D9E,T9D9E
A6T3K,A6T3K
YBN1Q,YBN1Q
A1MYJ,A1MYJ
NZ7UJ,NZ7UJ
2JP3F,2JP3F
6EVV9,6EVV9
A9NNA,A9NNA
36TY1,36TY1
ZD2US,ZD2US
E28KV,E28KV
4AHJ7,4AHJ7
ZUWIQ,ZUWIQ
0Q720,0Q720
MZHBD,MZHBD
4OUOB,4OUOB
53BKC,53BKC
KLNHD,KLNHD
1LP02,1LP02
PGES8,PGES8
RMNDW,RMNDW
P1NF5,P1NF5
Z7RH3,Z7RH3
KVPAJ,KVPAJ
4F9WW,4F9WW
DXL61,DXL61
M9KU5,M9KU5
TASVD,TASVD
PW1W3,PW1W3
SY3M6,SY3M6
X4E39,X4E39
KPRAX,KPRAX
7V17T,7V17T
ZV96I,ZV96I
JWHVK,JWHVK
VD4EX,VD4EX
TOV14,TOV14
3KALU,3KALU
V8WKC,V8WKC
RBFYO,RBFYO
H72FS,H72FS
X91VV,X91VV
AUFIT,AUFIT
FPCL9,FPCL9
BGO9N,BGO9N
SAKKC,SAKKC
2GEW8,2GEW8
92VYF,92VYF
98VE9,98VE9
ENE8O,ENE8O
E9TEW,E9TEW
F7276,F7276
BLXTH,BLXTH
TBTXH,TBTXH
EAEKV,EAEKV
5154R,5154R
ZK5DK,ZK5DK
PTEMM,PTEMM
0T7PR,0T7PR
48K2B,48K2B
U9PKZ,U9PKZ
5IQGJ,5IQGJ
2HXK5,2HXK5
8DYPO,8DYPO
86OSA,86OSA
IE2HR,IE2HR
IAS0S,IAS0S
NYHUM,NYHUM
DJOEC,DJOEC
5Y2US,5Y2US
GBWBQ,GBWBQ
3VBQI,3VBQI
8MQDF,8MQDF
5YW2G,5YW2G
SC9EU,SC9EU
ZTL1I,ZTL1I
PM78G,PM78G
I0RXX,I0RXX
61S34,61S34
N7XAF,N7XAF
PQQ1U,PQQ1U
RRL7Z,RRL7Z
2FHX0,2FHX0
JEZ7A,JEZ7A
BG67F,BG67F
1FAK2,1FAK2
I35DV,I35DV
GFMLC,GFMLC
B49OS,B49OS
KA65T,KA65T
BULVI,BULVI
J5Y8D,J5Y8D
1Y9FJ,1Y9FJ
QYN6K,QYN6K
ZG8D8,ZG8D8
9SFXP,9SFXP
F0KNO,F0KNO
756EM,756EM
7SI33,7SI33
CBC0V,CBC0V
6DKT2,6DKT2
1L6PE,1L6PE
I1K9H,I1K9H
Z2SK9,Z2SK9
J4AU4,J4AU4
EKNVE,EKNVE
EP2Y1,EP2Y1
OYI9H,OYI9H
A6SVJ,A6SVJ
BKVM4,BKVM4
J73IE,J73IE
1503H,1503H
U7QJJ,U7QJJ
QEWD2,QEWD2
HXINJ,HXINJ
JPFMH,JPFMH
KCQDE,KCQDE
JB7I0,JB7I0
ORIJ1,ORIJ1
V8A6D,V8A6D
6GMJ9,6GMJ9
LLSX3,LLSX3
L8001,L8001
9G922,9G922
VENUK,VENUK
ZI7E0,ZI7E0
E4OH1,E4OH1
QXV1L,QXV1L
V559X,V559X
SA4EX,SA4EX
5IBD8,5IBD8
R1V48,R1V48
137OR,137OR
Z49IG,Z49IG
8BHVV,8BHVV
6S8O4,6S8O4
SDBNY,SDBNY
WN0BL,WN0BL
NYL2A,NYL2A
236DB,236DB
XDYJU,XDYJU
KUDBS,KUDBS
J0YOH,J0YOH
B4PM5,B4PM5
19GT8,19GT8
XJPI4,XJPI4
YCJV7,YCJV7
9A7RD,9A7RD
H1127,H1127
E4UV0,E4UV0
X6VZL,X6VZL
F3HF9,F3HF9
VZQAZ,VZQAZ
XMHEC,XMHEC
EFGZF,EFGZF
MFD2B,MFD2B
9D6Q0,9D6Q0
YLY1Y,YLY1Y
D0SX7,D0SX7
3VMTY,3VMTY
B57Q0,B57Q0
B7UI1,B7UI1
X2XJL,X2XJL
G36A5,G36A5
XXOSA,XXOSA
S6MP9,S6MP9
JJVXZ,JJVXZ
P0Q8Q,P0Q8Q
I3HFC,I3HFC
3KBRA,3KBRA
ZUV5H,ZUV5H
6173W,6173W
XQBMM,XQBMM
IESJX,IESJX
VQIFE,VQIFE
STS5J,STS5J
LS3XP,LS3XP
9P0AW,9P0AW
3F14I,3F14I
5UN29,5UN29
MXNMW,MXNMW
6E3GU,6E3GU
TZX21,TZX21
ZOR4Y,ZOR4Y
HXZQR,HXZQR
CFZ2H,CFZ2H
XW82M,XW82M
6G9CI,6G9CI
INU6X,INU6X
3OFNQ,3OFNQ
GC2DJ,GC2DJ
OE7RE,OE7RE
E7HNK,E7HNK
UWNBE,UWNBE
SRRDJ,SRRDJ
RR3LZ,RR3LZ
L5WG1,L5WG1
GW2PV,GW2PV
AKPU7,AKPU7
T658C,T658C
89K6J,89K6J
MTGQ5,MTGQ5
OSVXB,OSVXB
FD5U2,FD5U2
1SM6Z,1SM6Z
KIQT9,KIQT9
0T0SN,0T0SN
6UTZY,6UTZY
OU2UX,OU2UX
1ZGAY,1ZGAY
LVBM6,LVBM6
N4Q2B,N4Q2B
LESNL,LESNL
VWIHK,VWIHK
HWX4Z,HWX4Z
9RT24,9RT24
XEK9U,XEK9U
IF5D8,IF5D8
K6WRS,K6WRS
RVKAZ,RVKAZ
L7925,L7925
S35IT,S35IT
MY59H,MY59H
W18H6,W18H6
XHXLS,XHXLS
3C4NG,3C4NG
HXHEI,HXHEI
GSKUW,GSKUW
IBWEQ,IBWEQ
GT1OC,GT1OC
KLN4T,KLN4T
2JURY,2JURY
04HYI,04HYI
8B8G9,8B8G9
YCSN7,YCSN7
26J5J,26J5J
FKOO7,FKOO7
U0QY6,U0QY6
M2738,M2738
H8B35,H8B35
P09D4,P09D4
TX830,TX830
KTBMA,KTBMA
Y1207,Y1207
4CRAP,4CRAP
SB30D,SB30D
I4Z3V,I4Z3V
BHFFE,BHFFE
7H0MS,7H0MS
DXG4L,DXG4L
F39BE,F39BE
P8ANO,P8ANO
XBJ2J,XBJ2J
2XR5C,2XR5C
W9L05,W9L05
DX8R4,DX8R4
UHFYY,UHFYY
50OV4,50OV4
KI48Z,KI48Z
356U1,356U1
L48EK,L48EK
VDFQ9,VDFQ9
H10K7,H10K7
FN8K3,FN8K3
8CIQN,8CIQN
HH1D0,HH1D0
PR62X,PR62X
US2AT,US2AT
9JCRM,9JCRM
VDUQ5,VDUQ5
LE7R9,LE7R9
HUXF7,HUXF7
QROO1,QROO1
MEZ0W,MEZ0W
E5OG2,E5OG2
0HF1B,0HF1B
JFNO5,JFNO5
NJ3FB,NJ3FB
MRHQW,MRHQW
TBUPR,TBUPR
C55FE,C55FE
GKS9H,GKS9H
RBMTC,RBMTC
1N3HE,1N3HE
8EGO0,8EGO0
D2S2K,D2S2K
NW927,NW927
M922E,M922E
OHZPF,OHZPF
BFFF5,BFFF5
KKPG6,KKPG6
8Z4HL,8Z4HL
KYOU0,KYOU0
6Y721,6Y721
9KDPK,9KDPK
59JAJ,59JAJ
SP1OM,SP1OM
OCSQO,OCSQO
YZA8N,YZA8N
KIOSI,KIOSI
JBUQE,JBUQE
C5YBI,C5YBI
DF6AP,DF6AP
GQCJP,GQCJP
TKTDY,TKTDY
0MM8L,0MM8L
38THS,38THS
MPMAJ,MPMAJ
LB8W5,LB8W5
0WN8U,0WN8U
FO03A,FO03A
WHIVA,WHIVA
0GWVO,0GWVO
6FHTX,6FHTX
QBL64,QBL64
VMX23,VMX23
DBXUY,DBXUY
43QCJ,43QCJ
BDILF,BDILF
662GH,662GH
DE8OL,DE8OL
6ASVN,6ASVN
I82XX,I82XX
S1PK9,S1PK9
LK2S2,LK2S2
GZ7VB,GZ7VB
512WA,512WA
0J5ST,0J5ST
ZD5E9,ZD5E9
9S7WG,9S7WG
LJWJP,LJWJP
JVT3W,JVT3W
K8WWG,K8WWG
Z26NX,Z26NX
LHPX5,LHPX5
Q8WNW,Q8WNW
JFII2,JFII2
GDXJH,GDXJH
GZK8H,GZK8H
1UT82,1UT82
CZ58L,CZ58L
R8OAZ,R8OAZ
U0DQ7,U0DQ7
JU7ZT,JU7ZT
8NHHS,8NHHS
X7CNR,X7CNR
IBS1A,IBS1A
6PO0B,6PO0B
GP74S,GP74S
A4T58,A4T58
CXGTH,CXGTH
MVL3O,MVL3O
C17JF,C17JF
P9RMZ,P9RMZ
ATMC3,ATMC3
OQKGF,OQKGF
QF5YY,QF5YY
2GYGH,2GYGH
HL7AU,HL7AU
BBTWZ,BBTWZ
RAU7S,RAU7S
OXO5G,OXO5G
9RG0D,9RG0D
0ATWW,0ATWW
VLUVL,VLUVL
UF0B6,UF0B6
XM94O,XM94O
DBYJO,DBYJO
KEW7B,KEW7B
WL0R9,WL0R9
5XP4Z,5XP4Z
U8GF5,U8GF5
OJCYS,OJCYS
463W4,463W4
NSJXR,NSJXR
34CUA,34CUA
OSHYM,OSHYM
58MY2,58MY2
Q98DG,Q98DG
MQEIB,MQEIB
XAH2H,XAH2H
O5KGG,O5KGG
MOX7B,MOX7B
G4D5Y,G4D5Y
8UVG8,8UVG8
73Z0M,73Z0M
N692Y,N692Y
JICSN,JICSN
FCG3X,FCG3X
6RMO0,6RMO0
HTD3H,HTD3H
MHCC9,MHCC9
DT5LY,DT5LY
FAU81,FAU81
5MFN2,5MFN2
KDPBY,KDPBY
2XXIQ,2XXIQ
M2M7P,M2M7P
7GAH7,7GAH7
4Y2KM,4Y2KM
ON6GF,ON6GF
ZAA3I,ZAA3I
I0TVM,I0TVM
5IFU8,5IFU8
L4VXA,L4VXA
GXBL0,GXBL0
6SXDO,6SXDO
UY0W0,UY0W0
Z29R1,Z29R1
KLM1I,KLM1I
1CRVK,1CRVK
BISSK,BISSK
SJATC,SJATC
YXEF6,YXEF6
IJ62M,IJ62M
RGF8H,RGF8H
RXVE7,RXVE7
MVTBL,MVTBL
YUNE9,YUNE9
4IHOV,4IHOV
3XU1S,3XU1S
UDHPV,UDHPV
IROSW,IROSW
8IMYX,8IMYX
4AD3L,4AD3L
INERN,INERN
Z8QBA,Z8QBA
YPULC,YPULC
WBLYB,WBLYB
40B1P,40B1P
3CJ0G,3CJ0G
FJUBW,FJUBW
4EYN9,4EYN9
NQM1Q,NQM1Q
9OYUB,9OYUB
KDG5F,KDG5F
0H410,0H410
543H5,543H5
8D75V,8D75V
UBM57,UBM57
UHDBC,UHDBC
VO2AR,VO2AR
9QZEX,9QZEX
F92QV,F92QV
ACP84,ACP84
E39XO,E39XO
ST8RK,ST8RK
QHHRC,QHHRC
VPJZW,VPJZW
ZEDHW,ZEDHW
SNFG2,SNFG2
IM9TP,IM9TP
U7YWZ,U7YWZ
PXCTF,PXCTF
BLEHX,BLEHX
R7ZNW,R7ZNW
HXBZO,HXBZO
OFAMM,OFAMM
PQJW0,PQJW0
MIB81,MIB81
KRTCQ,KRTCQ
JU040,JU040
SZ023,SZ023
HM23J,HM23J
JMTG5,JMTG5
MVYEA,MVYEA
BU8PA,BU8PA
F2U4X,F2U4X
FENMN,FENMN
XDJ29,XDJ29
TTMLJ,TTMLJ
BE987,BE987
18QSN,18QSN
ABK5E,ABK5E
BKLS9,BKLS9
E6WAN,E6WAN
GEKN9,GEKN9
8226R,8226R
8SGEU,8SGEU
D5MJF,D5MJF
EKJ09,EKJ09
C5JTZ,C5JTZ
MGVIS,MGVIS
VV58I,VV58I
POC2V,POC2V
Z5CA7,Z5CA7
F3QAL,F3QAL
3NSHR,3NSHR
9GZNM,9GZNM
9OZ05,9OZ05
Q1Y4B,Q1Y4B
F9XDB,F9XDB
WK2J5,WK2J5
2FGSC,2FGSC
9DXRF,9DXRF
N9MEC,N9MEC
DGUIB,DGUIB
UB76D,UB76D
TIYKP,TIYKP
RS7F8,RS7F8
QT4Q9,QT4Q9
F125Q,F125Q
FPATZ,FPATZ
YTO8F,YTO8F
R2V33,R2V33
YE76Q,YE76Q
WYPXT,WYPXT
QDGMJ,QDGMJ
TP5KA,TP5KA
YOV1X,YOV1X
G5F1U,G5F1U
HSTFB,HSTFB
MSDUF,MSDUF
70A7J,70A7J
MQYNJ,MQYNJ
I4SOQ,I4SOQ
YUOLK,YUOLK
T83U7,T83U7
G3TNH,G3TNH
W89NU,W89NU
IL1F3,IL1F3
RLU41,RLU41
YL69B,YL69B
G05PE,G05PE
AQC4L,AQC4L
D7QH3,D7QH3
XJV91,XJV91
DAX8L,DAX8L
J6UMB,J6UMB
CC9BK,CC9BK
3BNM6,3BNM6
47ZCR,47ZCR
JXU1K,JXU1K
X4X69,X4X69
NY2FY,NY2FY
VP8I5,VP8I5
7QCAG,7QCAG
XO8YN,XO8YN
IZUKW,IZUKW
OZRNU,OZRNU
DQBFE,DQBFE
5LR59,5LR59
MNFF7,MNFF7
2LB48,2LB48
WGNY3,WGNY3
Y3PZZ,Y3PZZ
M9T7A,M9T7A
LNZWO,LNZWO
9RA65,9RA65
MPC8S,MPC8S
LPX08,LPX08
2LLVS,2LLVS
UOGCS,UOGCS
F3LQN,F3LQN
LOFN0,LOFN0
AYEW4,AYEW4
5D6XF,5D6XF
RMR3N,RMR3N
U7V0U,U7V0U
HD57I,HD57I
J6PDY,J6PDY
6AWM6,6AWM6
3I5RA,3I5RA
BI4DW,BI4DW
7MWBS,7MWBS
U3ZN7,U3ZN7
OQDU5,OQDU5
O2F8A,O2F8A
37Z6A,37Z6A
7UPR2,7UPR2
B52PE,B52PE
GBB3M,GBB3M
RHO0I,RHO0I
MXW97,MXW97
BA9EH,BA9EH
QYBDM,QYBDM
YQS4S,YQS4S
WDP2E,WDP2E
GOJFK,GOJFK
M1NN2,M1NN2
8LI4U,8LI4U
Y5N55,Y5N55
R1BKA,R1BKA
BBGCE,BBGCE
OD6YK,OD6YK
6U9JI,6U9JI
L2AVR,L2AVR
R0SZD,R0SZD
FOFI6,FOFI6
ANOGY,ANOGY
JVJNR,JVJNR
FZNIJ,FZNIJ
7JAJU,7JAJU
AU56S,AU56S
0VEOU,0VEOU
YID8X,YID8X
C8VFM,C8VFM
EJ6QR,EJ6QR
411PO,411PO
OMJ0B,OMJ0B
UZYK3,UZYK3
HZAZL,HZAZL
YOKAB,YOKAB
JFR9M,JFR9M
Z9VXI,Z9VXI
4SJU4,4SJU4
DCV7G,DCV7G
1COC1,1COC1
TPJ01,TPJ01
NPK13,NPK13
LS4H5,LS4H5
U0RQT,U0RQT
AHBIY,AHBIY
7TOKK,7TOKK
M07RX,M07RX
659GA,659GA
04GKN,04GKN
YHYHY,YHYHY
8DGKR,8DGKR
E1AA8,E1AA8
NKT7F,NKT7F
OEXFM,OEXFM
FPF2X,FPF2X
8D648,8D648
GN4NM,GN4NM
OEXVD,OEXVD
ZCNDP,ZCNDP
NZ6XG,NZ6XG
DNR4K,DNR4K
DERXE,DERXE
EWHWN,EWHWN
DH1EU,DH1EU
B4VSN,B4VSN
LS7N1,LS7N1
Q2GJW,Q2GJW
PWZHS,PWZHS
6NQBT,6NQBT
HCAH6,HCAH6
J08T4,J08T4
W9UEV,W9UEV
2CTM8,2CTM8
UMW4Z,UMW4Z
HIF6E,HIF6E
XE3FC,XE3FC
DBWQU,DBWQU
ZTB8K,ZTB8K
UL9AL,UL9AL
K5J31,K5J31
DCPQO,DCPQO
P0YNH,P0YNH
VO0VA,VO0VA
39YQ3,39YQ3
XCZMZ,XCZMZ
5FRC6,5FRC6
P4F9G,P4F9G
B5CN5,B5CN5
J0264,J0264
MAGX4,MAGX4
FJOZC,FJOZC
61P3P,61P3P
PBC6P,PBC6P
DCEOI,DCEOI
5B20K,5B20K
U3T2F,U3T2F
03YMG,03YMG
Z8D0X,Z8D0X
UGWI1,UGWI1
7FERS,7FERS
Z489F,Z489F
1P1D9,1P1D9
055V0,055V0
AP1NZ,AP1NZ
CTBJU,CTBJU
JQ194,JQ194
K0RUF,K0RUF
FAPLW,FAPLW
ZQDIQ,ZQDIQ
FO945,FO945
HYCW5,HYCW5
HNQRE,HNQRE
79RDN,79RDN
92WFX,92WFX
W1M63,W1M63
64A4E,64A4E
NBDOA,NBDOA
0ZW61,0ZW61
2EXK3,2EXK3
C8WT1,C8WT1
373LR,373LR
7JU6E,7JU6E
0FW8S,0FW8S
57JA8,57JA8
CI38E,CI38E
RYCPY,RYCPY
7GXGY,7GXGY
TSL92,TSL92
4ENSW,4ENSW
B8PZ1,B8PZ1
YI79W,YI79W
Y17IB,Y17IB
DM7R3,DM7R3
91XLR,91XLR
G4QF6,G4QF6
JV7AI,JV7AI
U61FK,U61FK
N7MPC,N7MPC
1237U,1237U
GTJ5E,GTJ5E
C2LQ3,C2LQ3
IB2FR,IB2FR
56UKJ,56UKJ
NU4K4,NU4K4
R7OON,R7OON
ELB80,ELB80
SRBH8,SRBH8
LX0N1,LX0N1
MGJY1,MGJY1
Y7IHF,Y7IHF
9RPR6,9RPR6
0VCP5,0VCP5
6KBKC,6KBKC
TKS69,TKS69
DVWFR,DVWFR
PF4R4,PF4R4
OO45W,OO45W
PDW53,PDW53
SPTS4,SPTS4
N3X87,N3X87
S602Y,S602Y
5WNP4,5WNP4
9NB7I,9NB7I
PLH3W,PLH3W
0SUKM,0SUKM
R95IZ,R95IZ
FP9UZ,FP9UZ
ROJKQ,ROJKQ
JH43L,JH43L
UE96Q,UE96Q
T8GCF,T8GCF
A4VH5,A4VH5
3XDBG,3XDBG
NOQLE,NOQLE
9F8LN,9F8LN
ZCBVG,ZCBVG
AO2ER,AO2ER
TCCEZ,TCCEZ
JV6WZ,JV6WZ
7KY9G,7KY9G
EYDOX,EYDOX
IIGR6,IIGR6
T03HK,T03HK
QNNJ1,QNNJ1
AKD4H,AKD4H
9E435,9E435
I6DA6,I6DA6
6KDDE,6KDDE
T38GM,T38GM
QOP99,QOP99
XWT56,XWT56
LK9I3,LK9I3
62JON,62JON
W65NB,W65NB
IEHCF,IEHCF
I50I1,I50I1
M9VJN,M9VJN
WK3B8,WK3B8
DNE8D,DNE8D
WW0E6,WW0E6
LW3TJ,LW3TJ
2L1Z5,2L1Z5
JSFK3,JSFK3
9LXJM,9LXJM
9NQML,9NQML
77106,77106
6BDT3,6BDT3
2O711,2O711
FJVUG,FJVUG
8J6JF,8J6JF
UTXE7,UTXE7
CXAFF,CXAFF
68CPR,68CPR
GGWKW,GGWKW
A0188,A0188
XF49R,XF49R
25LJQ,25LJQ
5WC01,5WC01
U72XM,U72XM
E1MSY,E1MSY
602WK,602WK
EB4KP,EB4KP
0CS8T,0CS8T
M8R1J,M8R1J
4LBFH,4LBFH
IE4KI,IE4KI
W8NT8,W8NT8
GNM7C,GNM7C
ZG9HH,ZG9HH
BF66J,BF66J
UY6S3,UY6S3
E33XS,E33XS
KTOIB,KTOIB
NQS9Y,NQS9Y
1X3O3,1X3O3
FADZT,FADZT
01PJS,01PJS
R3XC5,R3XC5
4SJ4R,4SJ4R
XTSXP,XTSXP
8U2TC,8U2TC
IO2CS,IO2CS
OG6OI,OG6OI
DCC98,DCC98
RODEW,RODEW
57G5A,57G5A
DVKKQ,DVKKQ
P7DN0,P7DN0
UCE5I,UCE5I
C98DY,C98DY
DXIFU,DXIFU
M1EAP,M1EAP
R47DT,R47DT
Z21MQ,Z21MQ
0620B,0620B
P2DYL,P2DYL
K7GDE,K7GDE
T8169,T8169
ZYFQN,ZYFQN
GR0A9,GR0A9
863Q7,863Q7
O1SXO,O1SXO
J5JXF,J5JXF
AUOWL,AUOWL
QI5XK,QI5XK
7BKBT,7BKBT
J5JL7,J5JL7
UUSB9,UUSB9
3385E,3385E
28NA5,28NA5
LS9PG,LS9PG
L4TDR,L4TDR
VW3PX,VW3PX
FCS98,FCS98
QMQEN,QMQEN
AGEFE,AGEFE
ERYD5,ERYD5
1DNIE,1DNIE
3INJJ,3INJJ
QGXNE,QGXNE
V1LGX,V1LGX
3CCP6,3CCP6
Y3KYG,Y3KYG
V139X,V139X
F2XAW,F2XAW
BSXFD,BSXFD
XN54Y,XN54Y
VHU2Y,VHU2Y
IGP4B,IGP4B
IUUT4,IUUT4
V4QY8,V4QY8
CM5CK,CM5CK
PDKNT,PDKNT
NNWU1,NNWU1
XKP3U,XKP3U
FH4K8,FH4K8
B9Z33,B9Z33
LQU1K,LQU1K
TPYDN,TPYDN
8I8FX,8I8FX
7K9VM,7K9VM
ZV9J9,ZV9J9
XRC4R,XRC4R
9K7AS,9K7AS
Y2N1N,Y2N1N
XH2F5,XH2F5
J6JWW,J6JWW
FC8TC,FC8TC
QR8VZ,QR8VZ
4T6SI,4T6SI
B7YEX,B7YEX
TR7MR,TR7MR
WDMIV,WDMIV
62LQF,62LQF
341SQ,341SQ
ANN6G,ANN6G
RXUHX,RXUHX
OYK9K,OYK9K
4X09Z,4X09Z
KRL9L,KRL9L
DZWTQ,DZWTQ
VJ64J,VJ64J
FUMD3,FUMD3
ZV5ZR,ZV5ZR
N3SP6,N3SP6
VUOFX,VUOFX
7F5B5,7F5B5
8X961,8X961
YLYNY,YLYNY
DV8AV,DV8AV
IWBLE,IWBLE
DZKOO,DZKOO
9OFAJ,9OFAJ
N4YW1,N4YW1
W5A58,W5A58
C66RV,C66RV
VQ7G8,VQ7G8
4HKH8,4HKH8
O317A,O317A
WV325,WV325
4IZ9N,4IZ9N
H2DKC,H2DKC
E72XQ,E72XQ
8SFEL,8SFEL
2KTAD,2KTAD
9Z83M,9Z83M
LGRBT,LGRBT
V89XY,V89XY
0WJFT,0WJFT
Q1OIL,Q1OIL
O0OWI,O0OWI
05BV6,05BV6
WVHID,WVHID
9F2KU,9F2KU
ZU5WK,ZU5WK
UXWR8,UXWR8
0T55I,0T55I
VN0VB,VN0VB
I4EC7,I4EC7
XJNZI,XJNZI
2FFMY,2FFMY
JER72,JER72
MY2SL,MY2SL
N95BT,N95BT
OINT7,OINT7
A9DAJ,A9DAJ
ANIT9,ANIT9
JCPL4,JCPL4
KXPWR,KXPWR
PFKCT,PFKCT
9GMM1,9GMM1
ZVII9,ZVII9
Y670B,Y670B
FEJ1F,FEJ1F
AM0W8,AM0W8
R483G,R483G
9GS8G,9GS8G
15AMN,15AMN
X3PKP,X3PKP
K1SLK,K1SLK
F99NI,F99NI
EGSSB,EGSSB
2OPHE,2OPHE
XD2TQ,XD2TQ
DARDK,DARDK
BEB4A,BEB4A
0I2CP,0I2CP
NECUN,NECUN
OR5X2,OR5X2
OW9L9,OW9L9
E0YQ0,E0YQ0
466HT,466HT
7D1ZU,7D1ZU
FO6PH,FO6PH
4CA5D,4CA5D
HMZAX,HMZAX
9E8WJ,9E8WJ
4NT8G,4NT8G
DUYUH,DUYUH
KFK0P,KFK0P
0HLY0,0HLY0
KSG9J,KSG9J
34RIR,34RIR
IBWXT,IBWXT
32I3V,32I3V
NIJJ5,NIJJ5
S7HIY,S7HIY
CQTC8,CQTC8
QXLJX,QXLJX
CMQT8,CMQT8
DIMWN,DIMWN
5BYBU,5BYBU
HP2FK,HP2FK
S2Y1H,S2Y1H
3AKUR,3AKUR
PFC4W,PFC4W
LFWWQ,LFWWQ
U3Z2N,U3Z2N
UPB0K,UPB0K
02P3D,02P3D
5ZRE4,5ZRE4
NYQ4O,NYQ4O
86765,86765
8EI1D,8EI1D
5242H,5242H
QHCE0,QHCE0
OIHR0,OIHR0
K81ID,K81ID
TNLJ2,TNLJ2
ZRE57,ZRE57
438VM,438VM
TX2GO,TX2GO
62OM4,62OM4
ED4P2,ED4P2
SILXN,SILXN
BCT90,BCT90
H7DIG,H7DIG
1Y53J,1Y53J
X8JK7,X8JK7
NA8VY,NA8VY
ML63V,ML63V
BTQB8,BTQB8
EWYOS,EWYOS
FT67R,FT67R
T2U9J,T2U9J
8AOSX,8AOSX
MGMN1,MGMN1
1689Q,1689Q
T707L,T707L
EY4M3,EY4M3
LBG7B,LBG7B
YRX22,YRX22
SDWOM,SDWOM
OKDR4,OKDR4
1LAK4,1LAK4
U8WYA,U8WYA
N3OT7,N3OT7
Z5UHN,Z5UHN
J8O1J,J8O1J
VKK43,VKK43
ZWNWL,ZWNWL
TIV2G,TIV2G
9SVLE,9SVLE
V8DG7,V8DG7
7A3SQ,7A3SQ
TJI4F,TJI4F
WSLIF,WSLIF
GQ29N,GQ29N
TNXTY,TNXTY
PR5D9,PR5D9
XBP5W,XBP5W
PLARJ,PLARJ
S0A3D,S0A3D
ERCG9,ERCG9
K8KP3,K8KP3
WE8DA,WE8DA
3YDHQ,3YDHQ
EARG7,EARG7
BC8EZ,BC8EZ
ZQML4,ZQML4
KB2HT,KB2HT
1O0I2,1O0I2
0M8V8,0M8V8
74NVG,74NVG
ZUD1B,ZUD1B
VZM10,VZM10
GPRXH,GPRXH
H7S0Y,H7S0Y
LZ5V3,LZ5V3
1S1QO,1S1QO
8XIGF,8XIGF
0ITOX,0ITOX
COC8Q,COC8Q
KI58Z,KI58Z
RG9ZX,RG9ZX
R9HDO,R9HDO
GFFPP,GFFPP
XHJIX,XHJIX
EYEXT,EYEXT
C0A4I,C0A4I
YC75T,YC75T
I61LS,I61LS
NZNYP,NZNYP
X5YF7,X5YF7
51PQX,51PQX
PH89E,PH89E
72VJN,72VJN
Q8XBQ,Q8XBQ
32DF0,32DF0
TRS0A,TRS0A
GNICB,GNICB
DUFLP,DUFLP
M6WOJ,M6WOJ
WM2G1,WM2G1
OWGRZ,OWGRZ
M935F,M935F
3914H,3914H
HPFII,HPFII
W7O56,W7O56
7YWD0,7YWD0
V8VOL,V8VOL
601D9,601D9
MV5WM,MV5WM
1ZLXG,1ZLXG
NFF08,NFF08
44T6H,44T6H
ZXO8Y,ZXO8Y
F80GE,F80GE
SIFCD,SIFCD
K69OT,K69OT
XGEKQ,XGEKQ
XMV7W,XMV7W
L2C4S,L2C4S
KHGFC,KHGFC
EHA9P,EHA9P
OSG3H,OSG3H
5Z3NZ,5Z3NZ
UYV7J,UYV7J
1OZNL,1OZNL
TWPWF,TWPWF
3R2PP,3R2PP
Y1W1O,Y1W1O
5Y6TW,5Y6TW
JOSQY,JOSQY
UTOHT,UTOHT
MH7GB,MH7GB
LWJSE,LWJSE
0AW89,0AW89
AWFQ1,AWFQ1
XX7W7,XX7W7
V6GW9,V6GW9
3VHIF,3VHIF
XXYD6,XXYD6
3U8VH,3U8VH
GU4KX,GU4KX
RQOY3,RQOY3
L57I5,L57I5
0WTSF,0WTSF
J9D9Y,J9D9Y
PUNFP,PUNFP
COJ9V,COJ9V
KNNW1,KNNW1
QO553,QO553
FZC0X,FZC0X
U6U4H,U6U4H
D3OKR,D3OKR
M7WBM,M7WBM
0M7JS,0M7JS
IJBI0,IJBI0
OE0P3,OE0P3
F24OK,F24OK
E9KM4,E9KM4
2QHEJ,2QHEJ
EZTTN,EZTTN
1P9Z8,1P9Z8
JYVWC,JYVWC
LJOVT,LJOVT
DFFF5,DFFF5
C4Z27,C4Z27
591PI,591PI
XAJLC,XAJLC
QUTIU,QUTIU
W5DSZ,W5DSZ
AA2J2,AA2J2
VIIVV,VIIVV
0TOR2,0TOR2
WS2ZB,WS2ZB
6GSQ6,6GSQ6
36L58,36L58
SSD8S,SSD8S
EIY6X,EIY6X
W9J4U,W9J4U
8DCM5,8DCM5
7FRFJ,7FRFJ
M7UTJ,M7UTJ
2AU8S,2AU8S
R7WDA,R7WDA
U3X2W,U3X2W
5HK19,5HK19
YOOVM,YOOVM
RM9PF,RM9PF
QTY1U,QTY1U
OCGSB,OCGSB
9Y4EL,9Y4EL
AD64Z,AD64Z
T629Q,T629Q
BC69Y,BC69Y
PHDDU,PHDDU
RPGOA,RPGOA
IN9G0,IN9G0
FGDIE,FGDIE
HHY2B,HHY2B
MBU0I,MBU0I
YWWLD,YWWLD
J2LSO,J2LSO
NKEIL,NKEIL
IWLBI,IWLBI
YL9RC,YL9RC
GB1CP,GB1CP
Z5FJE,Z5FJE
UXHSR,UXHSR
2TN5Y,2TN5Y
LQWOM,LQWOM
NMKT1,NMKT1
L9XKC,L9XKC
4ZJRQ,4ZJRQ
X6EWM,X6EWM
4SSW2,4SSW2
8ZTJ6,8ZTJ6
LP3M6,LP3M6
I63TJ,I63TJ
3KKUV,3KKUV
W5IXB,W5IXB
VUQTV,VUQTV
RHHNG,RHHNG
TSMD8,TSMD8
IC500,IC500
103LB,103LB
W82P6,W82P6
4VZHV,4VZHV
37AY3,37AY3
IUHT9,IUHT9
R1U2C,R1U2C
XTAXN,XTAXN
CJBVI,CJBVI
QX1XA,QX1XA
NL39F,NL39F
JITET,JITET
WG6NI,WG6NI
BH5GU,BH5GU
6WDBW,6WDBW
MLTVK,MLTVK
G9S5U,G9S5U
GQ1UE,GQ1UE
OGIXR,OGIXR
C59CK,C59CK
8KTI3,8KTI3
SCVNQ,SCVNQ
ZNNBZ,ZNNBZ
3X5AQ,3X5AQ
7DJDT,7DJDT
EHBZX,EHBZX
T5DFR,T5DFR
NJMVB,NJMVB
6C8HP,6C8HP
F47VP,F47VP
0DLXP,0DLXP
NCONW,NCONW
R6NW9,R6NW9
C8KGU,C8KGU
DNKB2,DNKB2
NBJ6R,NBJ6R
PCKDB,PCKDB
WF1TI,WF1TI
DBYDR,DBYDR
EVAA7,EVAA7
9EVY0,9EVY0
H4Z47,H4Z47
N4GVO,N4GVO
1IX6N,1IX6N
1M00S,1M00S
QDQFQ,QDQFQ
2B2DR,2B2DR
99MMM,99MMM
7L70I,7L70I
3HESP,3HESP
HPOTG,HPOTG
EZVIK,EZVIK
2LJFD,2LJFD
W71CI,W71CI
CFXLA,CFXLA
74GP3,74GP3
AUNB6,AUNB6
PVHB8,PVHB8
74XBE,74XBE
99DQO,99DQO
8VGOY,8VGOY
DHN0U,DHN0U
4LS7J,4LS7J
23R7K,23R7K
EJFSP,EJFSP
8I4ZO,8I4ZO
Y32KZ,Y32KZ
R8RZA,R8RZA
FHSE7,FHSE7
ZYKBY,ZYKBY
JIPH4,JIPH4
4BI9X,4BI9X
I4KID,I4KID
IKUC4,IKUC4
XKXIW,XKXIW
FD2RC,FD2RC
UB8J5,UB8J5
T9K7F,T9K7F
9VSNS,9VSNS
20B5Q,20B5Q
TR50Q,TR50Q
H4FWH,H4FWH
SH4GG,SH4GG
1ZO9E,1ZO9E
SYK2P,SYK2P
RB5R4,RB5R4
CE0X2,CE0X2
20KA4,20KA4
7ANN5,7ANN5
GANGQ,GANGQ
29A51,29A51
WCJ1I,WCJ1I
OQ7Q7,OQ7Q7
KM7NJ,KM7NJ
N64J6,N64J6
QK7Z3,QK7Z3
0S6PQ,0S6PQ
HZBMA,HZBMA
BL22R,BL22R
SAPB2,SAPB2
UVCHP,UVCHP
48U5H,48U5H
0PV12,0PV12
7FE81,7FE81
S8LSE,S8LSE
KHCOF,KHCOF
M357S,M357S
0R9MP,0R9MP
19PRL,19PRL
6JD46,6JD46
1O9XV,1O9XV
YRXF2,YRXF2
R5R77,R5R77
SQXUE,SQXUE
N9O82,N9O82
0IXWJ,0IXWJ
1PJ5C,1PJ5C
VX14N,VX14N
CDUGL,CDUGL
STB2G,STB2G
2IJ4I,2IJ4I
7DH2U,7DH2U
3AR7R,3AR7R
JYXS0,JYXS0
65YP4,65YP4
51DH7,51DH7
BDTM3,BDTM3
4D11Z,4D11Z
EJI8R,EJI8R
7K145,7K145
65JYR,65JYR
IDJDQ,IDJDQ
N30VQ,N30VQ
ZE9R0,ZE9R0
1TK9X,1TK9X
UXAIM,UXAIM
S8J7C,S8J7C
4QBOZ,4QBOZ
GZ5G3,GZ5G3
OBUJ9,OBUJ9
0UKXD,0UKXD
4GJFA,4GJFA
3V1Q7,3V1Q7
UNKS9,UNKS9
52TIW,52TIW
HJ08L,HJ08L
7ERJL,7ERJL
67VET,67VET
94O6Y,94O6Y
VFN1W,VFN1W
UCXXV,UCXXV
KRHI4,KRHI4
CR7C2,CR7C2
GU5NH,GU5NH
6U5NS,6U5NS
DKAVQ,DKAVQ
0WSYF,0WSYF
57WV8,57WV8
X12XP,X12XP
MA91G,MA91G
U7IYY,U7IYY
GM0TJ,GM0TJ
NB399,NB399
QPSSG,QPSSG
BSCA1,BSCA1
JH9K5,JH9K5
Z1K1Q,Z1K1Q
48F3U,48F3U
8X31R,8X31R
ULUR1,ULUR1
SV799,SV799
MWUFS,MWUFS
EVVF1,EVVF1
VPJ8B,VPJ8B
Y07H2,Y07H2
349ZD,349ZD
R5J4A,R5J4A
JPX9E,JPX9E
ZPM8N,ZPM8N
606Q0,606Q0
1C5HQ,1C5HQ
WODFH,WODFH
1UMQA,1UMQA
P4VQV,P4VQV
BF1H2,BF1H2
CXK19,CXK19
46I4R,46I4R
551S4,551S4
9MY0F,9MY0F
RSAZI,RSAZI
HA8H8,HA8H8
HFXTB,HFXTB
02ZC2,02ZC2
8XRTK,8XRTK
GGFYH,GGFYH
IOUVJ,IOUVJ
OMNPT,OMNPT
FL4W4,FL4W4
WVCNF,WVCNF
5RWZQ,5RWZQ
SD94B,SD94B
992OH,992OH
FTBBY,FTBBY
4FOLN,4FOLN
15R12,15R12
D2GUP,D2GUP
S6F39,S6F39
PXRHQ,PXRHQ
PL1NU,PL1NU
F8S06,F8S06
8VCJO,8VCJO
14OVO,14OVO
RAV3U,RAV3U
4NXL7,4NXL7
T8AJU,T8AJU
9NFYP,9NFYP
3LQLB,3LQLB
I1TPT,I1TPT
EN5I3,EN5I3
NHED4,NHED4
1331D,1331D
2HPC4,2HPC4
HQ3WZ,HQ3WZ
OFAJU,OFAJU
ZMD72,ZMD72
MKIIA,MKIIA
IL13V,IL13V
EUESK,EUESK
GXPY9,GXPY9
G56C7,G56C7
TES62,TES62
SWM30,SWM30
LUVP4,LUVP4
6AX1V,6AX1V
3M1J1,3M1J1
ULT1S,ULT1S
YY3Y5,YY3Y5
EWTTG,EWTTG
E8Q3H,E8Q3H
M9FCA,M9FCA
13AHV,13AHV
88X3U,88X3U
WX1LU,WX1LU
O6OT9,O6OT9
8XQOW,8XQOW
I6SOT,I6SOT
PQTWK,PQTWK
EAMUA,EAMUA
Q7YPE,Q7YPE
K40G6,K40G6
XA7B8,XA7B8
2B7TV,2B7TV
51HBI,51HBI
D2H7R,D2H7R
N226W,N226W
9JYNF,9JYNF
ONXP9,ONXP9
O6VF4,O6VF4
DVXX1,DVXX1
7QRIT,7QRIT
WGW1J,WGW1J
J3NRA,J3NRA
L5077,L5077
9PQGJ,9PQGJ
DJYED,DJYED
6X0FF,6X0FF
IRBJ1,IRBJ1
JPXK4,JPXK4
EX86V,EX86V
QP812,QP812
28TAI,28TAI
5G1Y7,5G1Y7
5XBZR,5XBZR
AWEI4,AWEI4
CGY4T,CGY4T
KAOUU,KAOUU
F12R7,F12R7
LZ7TG,LZ7TG
NCTZH,NCTZH
FQ22M,FQ22M
I93B0,I93B0
L5TMB,L5TMB
7757N,7757N
GME0A,GME0A
V9SWI,V9SWI
KXMHD,KXMHD
6V89L,6V89L
6ZG4W,6ZG4W
A5GWZ,A5GWZ
WODPF,WODPF
5Q81W,5Q81W
TOMFX,TOMFX
NJ3JK,NJ3JK
CRCXP,CRCXP
CFKVW,CFKVW
8E4SI,8E4SI
MHG6U,MHG6U
96VRS,96VRS
A6Y4R,A6Y4R
UFSQ4,UFSQ4
P4ODY,P4ODY
C8BIQ,C8BIQ
ERKRA,ERKRA
IRRCD,IRRCD
XIYXF,XIYXF
CT9LE,CT9LE
HLE2X,HLE2X
GFKV6,GFKV6
FJKEK,FJKEK
X4SB2,X4SB2
24TDF,24TDF
17593,17593
THM2V,THM2V
BDZZT,BDZZT
3EG2T,3EG2T
JZGEP,JZGEP
CMU1V,CMU1V
NCXD4,NCXD4
XNHTR,XNHTR
U5FQD,U5FQD
BXS3H,BXS3H
TFDTN,TFDTN
A43A8,A43A8
A9KWO,A9KWO
KTOBG,KTOBG
A1PCX,A1PCX
KARX8,KARX8
6QCCB,6QCCB
2773N,2773N
BW5EQ,BW5EQ
MYPRB,MYPRB
9DFNM,9DFNM
GK8OU,GK8OU
ORO0T,ORO0T
JUOBA,JUOBA
Y9F38,Y9F38
DBM15,DBM15
WR5TG,WR5TG
V636D,V636D
KT62G,KT62G
G79UO,G79UO
WIGVZ,WIGVZ
QTEAK,QTEAK
ZF9Y4,ZF9Y4
IIB4X,IIB4X
3ZJJ8,3ZJJ8
FZA91,FZA91
DY7W9,DY7W9
UC16D,UC16D
Z7WJJ,Z7WJJ
JBELB,JBELB
2FALW,2FALW
GX4V5,GX4V5
CRI21,CRI21
FLV1R,FLV1R
4C6N8,4C6N8
XU4U0,XU4U0
R6XZ0,R6XZ0
9S1MX,9S1MX
HPCZQ,HPCZQ
D4AZI,D4AZI
BWEDN,BWEDN
60KK3,60KK3
JJ7CN,JJ7CN
K4HYX,K4HYX
CB05Z,CB05Z
ILIL4,ILIL4
55VTR,55VTR
HQN9N,HQN9N
7M7JF,7M7JF
8SEKF,8SEKF
I38J7,I38J7
1043Y,1043Y
95LGR,95LGR
IIVK3,IIVK3
9WOFB,9WOFB
6LT1O,6LT1O
GJ4SK,GJ4SK
R4WIF,R4WIF
GB9R4,GB9R4
KSCAL,KSCAL
61LXW,61LXW
95U7F,95U7F
H6CST,H6CST
NOA33,NOA33
IQOGS,IQOGS
FZ2BW,FZ2BW
ADKGY,ADKGY
7TEEB,7TEEB
8AIMO,8AIMO
P2X9V,P2X9V
2858H,2858H
VLOGP,VLOGP
1MOHC,1MOHC
7566N,7566N
IBFHM,IBFHM
WLGTR,WLGTR
INCF3,INCF3
QV2TQ,QV2TQ
87Y0M,87Y0M
Y1KP9,Y1KP9
14BLY,14BLY
7ALWH,7ALWH
HB2QI,HB2QI
O2M9D,O2M9D
8B5OP,8B5OP
IEBBW,IEBBW
OYAH2,OYAH2
U7085,U7085
NJEA3,NJEA3
2QBVO,2QBVO
OTFA5,OTFA5
YCXGV,YCXGV
CDJSZ,CDJSZ
3WIB2,3WIB2
3JF8I,3JF8I
37C3N,37C3N
NNH9Z,NNH9Z
JXK2J,JXK2J
17X6J,17X6J
3RBIX,3RBIX
GQNSH,GQNSH
T3B7S,T3B7S
FNW25,FNW25
LG1EB,LG1EB
U94ED,U94ED
47FUF,47FUF
T75NK,T75NK
2WBM1,2WBM1
P6320,P6320
YLVPG,YLVPG
I609B,I609B
DPQNI,DPQNI
YJ6CK,YJ6CK
ZGZZE,ZGZZE
O890O,O890O
SC84A,SC84A
9H4Y0,9H4Y0
W8I4O,W8I4O
MLEI8,MLEI8
5PE4D,5PE4D
LSR2M,LSR2M
HPSSM,HPSSM
08NMN,08NMN
XJWBG,XJWBG
YPE6U,YPE6U
N06N1,N06N1
K7WCR,K7WCR
EOGK5,EOGK5
0OT7R,0OT7R
1EYR4,1EYR4
1354R,1354R
5OKY8,5OKY8
6GC1R,6GC1R
WK55D,WK55D
RTKE2,RTKE2
UDOYN,UDOYN
4I3EI,4I3EI
LISUW,LISUW
0CWSR,0CWSR
BPNZE,BPNZE
X5F3D,X5F3D
N30FH,N30FH
HXQQK,HXQQK
83WVU,83WVU
PJI9F,PJI9F
36OAB,36OAB
096VN,096VN
QC8NI,QC8NI
NIIK2,NIIK2
Q119I,Q119I
F3CKI,F3CKI
7T8JI,7T8JI
0FFRG,0FFRG
FSQLZ,FSQLZ
TGVGD,TGVGD
93JC2,93JC2
PYOY8,PYOY8
CIMMQ,CIMMQ
C9ZI6,C9ZI6
JGJF2,JGJF2
KC0ZY,KC0ZY
P7PZ3,P7PZ3
33U1E,33U1E
I82ZH,I82ZH
YVZQ5,YVZQ5
LI32Z,LI32Z
NDCC4,NDCC4
DCGUP,DCGUP
DUB36,DUB36
B97IH,B97IH
JUANK,JUANK
9QS3L,9QS3L
COGCW,COGCW
M5KNG,M5KNG
587VB,587VB
AAKNS,AAKNS
7K9HJ,7K9HJ
XBJRW,XBJRW
KZ834,KZ834
O66YQ,O66YQ
UQ4NB,UQ4NB
O0EJR,O0EJR
459GR,459GR
J38FQ,J38FQ
E3Y88,E3Y88
OC23U,OC23U
PHQ28,PHQ28
OPDSS,OPDSS
XQASX,XQASX
O94W3,O94W3
J5XRJ,J5XRJ
O3JS9,O3JS9
037TY,037TY
W5T86,W5T86
XG6ZP,XG6ZP
EYONM,EYONM
X19RT,X19RT
NBBP9,NBBP9
OG759,OG759
BF2MB,BF2MB
U0TN4,U0TN4
DJUM7,DJUM7
BWPC4,BWPC4
TK9MK,TK9MK
N059S,N059S
2N5D2,2N5D2
4VK27,4VK27
SGG5C,SGG5C
BIK21,BIK21
4L922,4L922
GY4CZ,GY4CZ
9V2AJ,9V2AJ
2JC23,2JC23
SUW7V,SUW7V
6I8HP,6I8HP
8KR0P,8KR0P
VODY8,VODY8
3LUMY,3LUMY
YBIY3,YBIY3
ERIEJ,ERIEJ
D21QZ,D21QZ
MDMSX,MDMSX
C6Y75,C6Y75
1UEJ4,1UEJ4
5LBO8,5LBO8
Q8A0M,Q8A0M
Q266K,Q266K
25X8V,25X8V
VXPFW,VXPFW
8J011,8J011
11YR9,11YR9
OVBVA,OVBVA
612IT,612IT
SI46E,SI46E
6FD98,6FD98
MJM2D,MJM2D
D4RBH,D4RBH
HDATL,HDATL
O3608,O3608
R0VI0,R0VI0
4AWBQ,4AWBQ
JKOVE,JKOVE
N8H5A,N8H5A
ZYW5E,ZYW5E
8DO1K,8DO1K
K8WNM,K8WNM
JTG4R,JTG4R
L7S4M,L7S4M
ZDZFP,ZDZFP
6Y598,6Y598
VI4RM,VI4RM
KSTGK,KSTGK
KXCRC,KXCRC
WBEKQ,WBEKQ
TWR4M,TWR4M
LD50N,LD50N
Z6K2M,Z6K2M
0XEUS,0XEUS
NSRIZ,NSRIZ
5J045,5J045
PZYUB,PZYUB
BWN79,BWN79
R51Y1,R51Y1
NHA52,NHA52
TC5W4,TC5W4
AKVC2,AKVC2
S2N5L,S2N5L
XAU65,XAU65
AAF1O,AAF1O
8MIXL,8MIXL
MYRR0,MYRR0
5EJJD,5EJJD
R485E,R485E
RMAM5,RMAM5
57V3O,57V3O
69V70,69V70
5N4DZ,5N4DZ
ZVKMX,ZVKMX
Q7CIH,Q7CIH
DYZ79,DYZ79
CVFWF,CVFWF
QM8HY,QM8HY
LL0E6,LL0E6
TS7NZ,TS7NZ
9Q5ZW,9Q5ZW
LFFMM,LFFMM
GRLNC,GRLNC
ZTUTL,ZTUTL
96OJR,96OJR
N6X79,N6X79
ZIFAN,ZIFAN
3YWBW,3YWBW
TZ7KT,TZ7KT
AMAIB,AMAIB
0RNIC,0RNIC
UYGK2,UYGK2
K7P7R,K7P7R
A9GUS,A9GUS
81KHM,81KHM
C9C0M,C9C0M
OY0N1,OY0N1
ACUUD,ACUUD
KNAAT,KNAAT
H4PAV,H4PAV
T072H,T072H
48E0A,48E0A
N5HR7,N5HR7
UYN4M,UYN4M
LTBT9,LTBT9
4EVB4,4EVB4
JOQJK,JOQJK
HJFCM,HJFCM
ORZAD,ORZAD
12FNM,12FNM
BG9X9,BG9X9
64ER2,64ER2
NNQXG,NNQXG
N8YZO,N8YZO
X8GMQ,X8GMQ
KH0G0,KH0G0
XX397,XX397
DMC1X,DMC1X
1VQPM,1VQPM
ZI5HJ,ZI5HJ
U2S69,U2S69
4DEPU,4DEPU
EOUE2,EOUE2
GJGSC,GJGSC
Z44DD,Z44DD
BI8AZ,BI8AZ
DOPXH,DOPXH
FVS42,FVS42
W5F3J,W5F3J
L2W4B,L2W4B
A5N1L,A5N1L
BWBJ5,BWBJ5
6APBG,6APBG
NDAID,NDAID
RAEU1,RAEU1
MJZYI,MJZYI
1PZK0,1PZK0
XROQ1,XROQ1
3AM9V,3AM9V
Q21VL,Q21VL
D6ASQ,D6ASQ
YHR4L,YHR4L
QBFRA,QBFRA
ULEOU,ULEOU
4T10D,4T10D
YX587,YX587
23TM0,23TM0
VHOVC,VHOVC
YGLIR,YGLIR
PTV6Z,PTV6Z
KGXWC,KGXWC
8G1YB,8G1YB
NB11R,NB11R
ACVVK,ACVVK
LFIDG,LFIDG
SDNGF,SDNGF
4GJV6,4GJV6
W0FDC,W0FDC
8XBAA,8XBAA
H9BNB,H9BNB
QBKTM,QBKTM
Y1QXZ,Y1QXZ
LO13C,LO13C
KVMW1,KVMW1
D7GB0,D7GB0
8SH24,8SH24
3H5LA,3H5LA
YSOFL,YSOFL
KC93V,KC93V
BXRCA,BXRCA
G16J7,G16J7
KLRZW,KLRZW
K7HVI,K7HVI
KSC76,KSC76
YESIF,YESIF
18QAQ,18QAQ
GBZKF,GBZKF
BJI6J,BJI6J
ETXP4,ETXP4
JEDMV,JEDMV
PPBOZ,PPBOZ
GVARB,GVARB
FVGBA,FVGBA
SKY8X,SKY8X
G23T7,G23T7
9TATS,9TATS
47C8F,47C8F
R1U6F,R1U6F
ES1PN,ES1PN
UQYKE,UQYKE
K72PX,K72PX
HVRF6,HVRF6
UUNPG,UUNPG
8ZSAK,8ZSAK
C0D4S,C0D4S
RCZIC,RCZIC
4W4SR,4W4SR
MHXA5,MHXA5
9ASI8,9ASI8
ZVAZF,ZVAZF
OX566,OX566
05CDX,05CDX
U7YR2,U7YR2
ZANE5,ZANE5
1U7I7,1U7I7
WUVFO,WUVFO
L4SY9,L4SY9
F7HS7,F7HS7
AF46A,AF46A
7LLF7,7LLF7
D69X4,D69X4
R2YML,R2YML
VRXZP,VRXZP
ARE5R,ARE5R
DJCHM,DJCHM
W16SB,W16SB
XQATA,XQATA
6ZNI2,6ZNI2
IQC2F,IQC2F
TLE3N,TLE3N
J10SQ,J10SQ
YUF2L,YUF2L
BTWHK,BTWHK
ASN97,ASN97
JLL0G,JLL0G
O2OVY,O2OVY
GMQL3,GMQL3
DDF3M,DDF3M
JJIA9,JJIA9
N848H,N848H
ICVD8,ICVD8
6G78D,6G78D
C0KAF,C0KAF
HR55K,HR55K
40EEB,40EEB
1OV6P,1OV6P
AD6WM,AD6WM
MSC7Y,MSC7Y
WDUVS,WDUVS
VXVHJ,VXVHJ
B6DS4,B6DS4
R072G,R072G
HOL2Q,HOL2Q
AFUFS,AFUFS
CU8TT,CU8TT
M75CW,M75CW
3Y2UV,3Y2UV
SVHVS,SVHVS
FBXLJ,FBXLJ
88ER8,88ER8
CNRDE,CNRDE
EP995,EP995
IDMNL,IDMNL
7CV9T,7CV9T
IV2D5,IV2D5
9OWO8,9OWO8
ZNYGF,ZNYGF
4WWDL,4WWDL
FMNIE,FMNIE
YL4XX,YL4XX
O27OI,O27OI
7AZHD,7AZHD
R4EOV,R4EOV
3QQWF,3QQWF
T84HP,T84HP
M2V5J,M2V5J
PLXJP,PLXJP
HEK3G,HEK3G
2OENJ,2OENJ
5A7U8,5A7U8
ZJYD7,ZJYD7
Q57ML,Q57ML
FCTQ4,FCTQ4
FCNXU,FCNXU
ECVF3,ECVF3
FKUOP,FKUOP
IVSX9,IVSX9
OB3NL,OB3NL
MNGQ5,MNGQ5
0VPLD,0VPLD
BI4BG,BI4BG
ZZ4S0,ZZ4S0
EXKU0,EXKU0
I6LPW,I6LPW
MW5TP,MW5TP
PJAXO,PJAXO
PEJZ1,PEJZ1
5ITCG,5ITCG
ZZ6OY,ZZ6OY
YJAJ1,YJAJ1
9FN0Q,9FN0Q
7W801,7W801
R8V71,R8V71
IXLJ7,IXLJ7
VE5XH,VE5XH
2H3SS,2H3SS
RHSYL,RHSYL
GUXK3,GUXK3
31BMO,31BMO
5PWX9,5PWX9
3EH98,3EH98
7BR5Y,7BR5Y
T40S8,T40S8
B6V8Y,B6V8Y
I9M3S,I9M3S
ZSCB5,ZSCB5
SZ7XD,SZ7XD
7QCGF,7QCGF
F5N98,F5N98
MEJ6O,MEJ6O
E70H8,E70H8
E031J,E031J
FIBTR,FIBTR
V0GBK,V0GBK
RL6XS,RL6XS
743X7,743X7
7TKIV,7TKIV
MZTRJ,MZTRJ
GJV2L,GJV2L
1W6Y7,1W6Y7
T821G,T821G
PMX45,PMX45
LP9P3,LP9P3
J30TE,J30TE
8LMFW,8LMFW
XLZ8E,XLZ8E
ZIJYL,ZIJYL
2UCJW,2UCJW
7UMS6,7UMS6
MVZ72,MVZ72
8MJ53,8MJ53
PCDPZ,PCDPZ
BV8T5,BV8T5
AY2DC,AY2DC
VSXH5,VSXH5
2JFXG,2JFXG
MBT32,MBT32
CUBAJ,CUBAJ
WE2XW,WE2XW
5JHS0,5JHS0
VIAXX,VIAXX
D22YR,D22YR
SVQWP,SVQWP
HR0KY,HR0KY
GMY83,GMY83
UI58G,UI58G
56VK2,56VK2
SOUFH,SOUFH
XR9DC,XR9DC
HUVDU,HUVDU
9WO14,9WO14
WB6BV,WB6BV
9NF70,9NF70
ZP2AU,ZP2AU
W9VLE,W9VLE
SZR4E,SZR4E
NDVXC,NDVXC
61AAI,61AAI
03M0E,03M0E
JAUSL,JAUSL
36MZW,36MZW
B1O73,B1O73
KCUYC,KCUYC
JWRB4,JWRB4
G0UG2,G0UG2
ZFQM7,ZFQM7
9IFWH,9IFWH
CRGQK,CRGQK
O4E0O,O4E0O
BP238,BP238
DSYAV,DSYAV
5SUOM,5SUOM
Z8IQ3,Z8IQ3
NWF6B,NWF6B
AIEP5,AIEP5
92EHU,92EHU
J3EGD,J3EGD
5HEZQ,5HEZQ
H9JOK,H9JOK
UMLUZ,UMLUZ
NU1LH,NU1LH
B8YP5,B8YP5
Z2FTJ,Z2FTJ
IZU5V,IZU5V
XT5F3,XT5F3
ZVJ5X,ZVJ5X
O2WNO,O2WNO
YHZOT,YHZOT
6GUR2,6GUR2
753TZ,753TZ
I2OER,I2OER
CARPW,CARPW
SJF2F,SJF2F
UGLFZ,UGLFZ
7J2GP,7J2GP
5B9AZ,5B9AZ
EB3VS,EB3VS
II6FZ,II6FZ
1FP5C,1FP5C
LBUKC,LBUKC
FXSO1,FXSO1
WUYMP,WUYMP
5ZQ1K,5ZQ1K
30GDC,30GDC
T2ZMU,T2ZMU
9KWPY,9KWPY
ADSKJ,ADSKJ
FE877,FE877
9RK9A,9RK9A
Z5E28,Z5E28
U0QFK,U0QFK
JP7L5,JP7L5
ZLGHO,ZLGHO
BP0KK,BP0KK
D9PM2,D9PM2
7W7VU,7W7VU
S5AMY,S5AMY
UR7FR,UR7FR
Z2FLF,Z2FLF
E37IJ,E37IJ
6S2YO,6S2YO
ITWB7,ITWB7
RMBE9,RMBE9
U10HA,U10HA
K8M1Z,K8M1Z
F0NE5,F0NE5
AEBM2,AEBM2
NC2KV,NC2KV
QSOM5,QSOM5
SVYHQ,SVYHQ
SEXJ1,SEXJ1
GVSUI,GVSUI
8T2CG,8T2CG
MX164,MX164
LH84M,LH84M
5X8OA,5X8OA
AKB9J,AKB9J
Z4EXH,Z4EXH
P5Q7R,P5Q7R
3X2F4,3X2F4
TDHSW,TDHSW
774FM,774FM
C2GQO,C2GQO
96HXH,96HXH
K61VJ,K61VJ
8Q9LU,8Q9LU
KH819,KH819
3ISGC,3ISGC
M2P1I,M2P1I
S0NPN,S0NPN
XCUR1,XCUR1
HO213,HO213
YW9CH,YW9CH
RYY42,RYY42
T3HR5,T3HR5
6AJHX,6AJHX
4JIGF,4JIGF
JAQGP,JAQGP
U33UU,U33UU
HPA09,HPA09
AQZKN,AQZKN
SEKC8,SEKC8
CT5UY,CT5UY
Y9RFW,Y9RFW
W4RCU,W4RCU
ETY6B,ETY6B
SEFVN,SEFVN
NYHIY,NYHIY
2T4RN,2T4RN
KMVJY,KMVJY
QTMJ1,QTMJ1
EYOPD,EYOPD
IBVY9,IBVY9
LY31Z,LY31Z
FYYTE,FYYTE
KI1TZ,KI1TZ
S15IJ,S15IJ
C7SZ4,C7SZ4
YVUJD,YVUJD
JCYG7,JCYG7
SLHM7,SLHM7
T52SE,T52SE
GZP0D,GZP0D
RSSZD,RSSZD
108UB,108UB
J5828,J5828
E9S84,E9S84
VK05U,VK05U
ZCPPP,ZCPPP
YX3QI,YX3QI
G537M,G537M
2CPCI,2CPCI
ULWG6,ULWG6
QN6IN,QN6IN
BLWYT,BLWYT
IFSM9,IFSM9
0T5XI,0T5XI
CQJXM,CQJXM
6G3BM,6G3BM
K3WPU,K3WPU
KWLYN,KWLYN
ZOA4O,ZOA4O
FUICU,FUICU
SHLZM,SHLZM
OC3U4,OC3U4
ZV3ML,ZV3ML
53YNK,53YNK
A95Q0,A95Q0
Z8ZCL,Z8ZCL
E8JA6,E8JA6
S169C,S169C
RBYQK,RBYQK
GF9E0,GF9E0
SG0ZC,SG0ZC
S4W6H,S4W6H
218X2,218X2
6FS1J,6FS1J
AVJZW,AVJZW
PYUEU,PYUEU
44J3L,44J3L
IJ7H0,IJ7H0
AH58W,AH58W
RI0ZT,RI0ZT
M9KD1,M9KD1
PFY0Z,PFY0Z
H5SZ7,H5SZ7
M89CF,M89CF
NQDA8,NQDA8
9UMWE,9UMWE
HB32U,HB32U
3M7N6,3M7N6
RZBBE,RZBBE
WRRSO,WRRSO
VNM5S,VNM5S
7JRTK,7JRTK
K842P,K842P
ZAY60,ZAY60
5Y8RB,5Y8RB
XZ9O5,XZ9O5
N9GKG,N9GKG
HL2EZ,HL2EZ
MOF08,MOF08
K22FC,K22FC
MSYOS,MSYOS
IL1SM,IL1SM
4QKLY,4QKLY
VE7F9,VE7F9
VKQ11,VKQ11
P2MW6,P2MW6
LV8XT,LV8XT
HNHOR,HNHOR
JFPWO,JFPWO
NTIHT,NTIHT
SCSFL,SCSFL
TC08H,TC08H
O61ON,O61ON
A73TD,A73TD
BMHU3,BMHU3
I9PZ5,I9PZ5
K0OAV,K0OAV
HNG13,HNG13
I610F,I610F
VVDWZ,VVDWZ
08QBL,08QBL
WT6GI,WT6GI
GOT8D,GOT8D
MA6QX,MA6QX
I34LJ,I34LJ
45H7G,45H7G
TZA0D,TZA0D
WO3JM,WO3JM
4ZHKC,4ZHKC
DSUUR,DSUUR
VLJOK,VLJOK
61O2O,61O2O
6TNRS,6TNRS
IAQY6,IAQY6
TJT7V,TJT7V
1O4LH,1O4LH
HSL2Z,HSL2Z
VHR51,VHR51
FQMB2,FQMB2
DSKMX,DSKMX
W3SJY,W3SJY
O58RF,O58RF
2ZTFW,2ZTFW
OT7MI,OT7MI
TIDR4,TIDR4
XMTFQ,XMTFQ
DANF3,DANF3
BERN3,BERN3
F3OCC,F3OCC
4PPXJ,4PPXJ
VH2UT,VH2UT
OGDEC,OGDEC
PJHC9,PJHC9
DP6D3,DP6D3
QF08V,QF08V
1K1GB,1K1GB
7RUNP,7RUNP
50VRY,50VRY
B3HQF,B3HQF
1GJYK,1GJYK
XHMSI,XHMSI
XJDL5,XJDL5
NG6VF,NG6VF
QZJOJ,QZJOJ
Z4CGS,Z4CGS
IIRPA,IIRPA
LSYBW,LSYBW
R7U32,R7U32
BQQ2X,BQQ2X
8UWOK,8UWOK
BUIKM,BUIKM
HQ26I,HQ26I
BBWXQ,BBWXQ
T1INY,T1INY
XJ4RG,XJ4RG
FIRJF,FIRJF
ZF66B,ZF66B
IXXT0,IXXT0
RIZX7,RIZX7
34IKZ,34IKZ
8RP0B,8RP0B
6O9L2,6O9L2
5TBWD,5TBWD
A7E79,A7E79
UI704,UI704
DIB7Y,DIB7Y
L0R5A,L0R5A
801EJ,801EJ
464RG,464RG
59VPB,59VPB
W78E1,W78E1
2WHQ2,2WHQ2
PTZVR,PTZVR
92NWL,92NWL
LHZ18,LHZ18
XMXPW,XMXPW
DY91Q,DY91Q
5N9LY,5N9LY
TGRWV,TGRWV
HZWN1,HZWN1
GJCQT,GJCQT
IWI52,IWI52
G16XO,G16XO
BZPXR,BZPXR
7USNR,7USNR
4IXZY,4IXZY
28CPZ,28CPZ
XSV4X,XSV4X
YABZT,YABZT
JKK8U,JKK8U
M15E9,M15E9
OX6ME,OX6ME
USVGZ,USVGZ
6M9L7,6M9L7
VIPO9,VIPO9
SZZQS,SZZQS
9CCV4,9CCV4
1KIPM,1KIPM
1LOJF,1LOJF
R69LE,R69LE
NESWE,NESWE
ZEQYV,ZEQYV
YCF3A,YCF3A
VDWU7,VDWU7
T0CVS,T0CVS
CZXDW,CZXDW
3XO3Y,3XO3Y
BY0ZJ,BY0ZJ
RDS2M,RDS2M
CWVWM,CWVWM
NUQJS,NUQJS
8H6NF,8H6NF
W81UV,W81UV
5290W,5290W
AO372,AO372
CT6K3,CT6K3
II8MH,II8MH
4MX6I,4MX6I
K5WKK,K5WKK
IYHR4,IYHR4
MGPZV,MGPZV
U9M0Z,U9M0Z
ICXW7,ICXW7
N01R6,N01R6
S8RQO,S8RQO
L6OEM,L6OEM
0SCBL,0SCBL
AXL75,AXL75
26IWG,26IWG
O0IVD,O0IVD
9DAB1,9DAB1
SA392,SA392
5W73D,5W73D
90YOR,90YOR
L2DGU,L2DGU
30WRT,30WRT
N20FD,N20FD
GXA46,GXA46
YGLF3,YGLF3
CTMQS,CTMQS
67BUN,67BUN
YMXGX,YMXGX
1TJ62,1TJ62
2CJW3,2CJW3
ZPUFD,ZPUFD
TJTHF,TJTHF
VDAMC,VDAMC
QBF1B,QBF1B
GMADB,GMADB
PHAQ2,PHAQ2
W843O,W843O
2Q7XV,2Q7XV
YUACU,YUACU
VCWMH,VCWMH
4FXMR,4FXMR
RLNZA,RLNZA
47YM9,47YM9
QF5GZ,QF5GZ
5ZOAN,5ZOAN
M5EP9,M5EP9
7SVWV,7SVWV
U7UN5,U7UN5
EUJZX,EUJZX
C15PR,C15PR
QDIO1,QDIO1
YH07K,YH07K
1NWH8,1NWH8
EGIC7,EGIC7
QNMRQ,QNMRQ
W6JZ8,W6JZ8
4YK7O,4YK7O
CQGU7,CQGU7
7XTR1,7XTR1
SUGZW,SUGZW
U44FM,U44FM
1J6PJ,1J6PJ
8OZP1,8OZP1
XPMTA,XPMTA
JRMJH,JRMJH
V5YI7,V5YI7
7W659,7W659
W3R79,W3R79
PP9MQ,PP9MQ
LGPA2,LGPA2
SKO6V,SKO6V
1848L,1848L
XA61E,XA61E
CNZ0B,CNZ0B
Z8KA3,Z8KA3
KPSSL,KPSSL
X7IEY,X7IEY
D0D64,D0D64
R1Y9A,R1Y9A
7RH4K,7RH4K
SNJLW,SNJLW
4UCND,4UCND
HMBYV,HMBYV
05I30,05I30
407OC,407OC
PTS4W,PTS4W
GYC4V,GYC4V
OAYP8,OAYP8
XC4XD,XC4XD
8ZUEC,8ZUEC
RIFI7,RIFI7
5JSMO,5JSMO
YSQU7,YSQU7
BBN86,BBN86
W2PHU,W2PHU
1NNGM,1NNGM
LZ0X6,LZ0X6
SIPBR,SIPBR
IDEJ4,IDEJ4
DG2AQ,DG2AQ
0LNC4,0LNC4
2NJXT,2NJXT
KLVUM,KLVUM
TUQO8,TUQO8
HDATG,HDATG
OTRRI,OTRRI
6YDC9,6YDC9
H4RWB,H4RWB
59J5X,59J5X
NVJOW,NVJOW
DWI0Q,DWI0Q
YY90T,YY90T
3F342,3F342
S6TBM,S6TBM
6HE2Y,6HE2Y
737VK,737VK
2POJ7,2POJ7
VHZS2,VHZS2
OWXB9,OWXB9
E7J2A,E7J2A
V88OY,V88OY
I391C,I391C
5PP34,5PP34
IELAQ,IELAQ
G3OIE,G3OIE
HM6CJ,HM6CJ
HDSO3,HDSO3
J1OLI,J1OLI
MWX6I,MWX6I
K986O,K986O
5TWRW,5TWRW
9RU3I,9RU3I
9N4WU,9N4WU
7X489,7X489
YY2CV,YY2CV
ZT3W9,ZT3W9
HW26Z,HW26Z
39D44,39D44
GKFYV,GKFYV
OZBPW,OZBPW
U6IU5,U6IU5
N1ASD,N1ASD
3KLOB,3KLOB
W3XFK,W3XFK
7NGO9,7NGO9
ZN33F,ZN33F
GW40X,GW40X
AD3VW,AD3VW
HI4R6,HI4R6
Z6HES,Z6HES
SD9HE,SD9HE
57M69,57M69
UYEPL,UYEPL
BD9NR,BD9NR
K0BCS,K0BCS
NDQ9E,NDQ9E
1AMJ3,1AMJ3
QEOC0,QEOC0
QEUW4,QEUW4
5S127,5S127
R20LB,R20LB
PFACW,PFACW
M6UT3,M6UT3
S6LKR,S6LKR
0R7J7,0R7J7
UGQHA,UGQHA
HS7JN,HS7JN
9WARJ,9WARJ
S98QS,S98QS
ZLP8F,ZLP8F
V07O7,V07O7
JRVJT,JRVJT
6ADEE,6ADEE
NI780,NI780
FAM9I,FAM9I
L7L5I,L7L5I
DB7AR,DB7AR
8OXX8,8OXX8
CYYVD,CYYVD
9QG1S,9QG1S
1ICHB,1ICHB
08YVO,08YVO
QBUXM,QBUXM
6XNGE,6XNGE
B846B,B846B
TRQEZ,TRQEZ
KW03O,KW03O
6MVPE,6MVPE
HWUQI,HWUQI
WUAX3,WUAX3
MSUBK,MSUBK
XDV8D,XDV8D
SZH9Y,SZH9Y
CXI13,CXI13
IUO2W,IUO2W
JAVOX,JAVOX
HQ1OS,HQ1OS
U9FUK,U9FUK
7UKGS,7UKGS
HR5MI,HR5MI
DLSCZ,DLSCZ
2OQ2V,2OQ2V
AD6SK,AD6SK
2MA3J,2MA3J
986ON,986ON
A4QLN,A4QLN
FIQX2,FIQX2
AOSQ8,AOSQ8
WHY7P,WHY7P
MDQIK,MDQIK
8W8VQ,8W8VQ
VU10W,VU10W
4943V,4943V
1Z8W3,1Z8W3
QUUY0,QUUY0
51EU3,51EU3
PFE1B,PFE1B
XY3TJ,XY3TJ
WPQUH,WPQUH
D752Y,D752Y
VYLFJ,VYLFJ
4PL05,4PL05
08QZ8,08QZ8
4HR2G,4HR2G
FLF4T,FLF4T
J504Q,J504Q
SNXQG,SNXQG
0G8IK,0G8IK
IE94K,IE94K
O8VJ3,O8VJ3
0GRJJ,0GRJJ
L20NP,L20NP
TIJJ6,TIJJ6
4UW6G,4UW6G
SEIRT,SEIRT
QHEJZ,QHEJZ
H1BPV,H1BPV
OJRB1,OJRB1
9HXNV,9HXNV
F9U8G,F9U8G
MYM8T,MYM8T
XUXC9,XUXC9
4PK1C,4PK1C
CUR2D,CUR2D
D1Z43,D1Z43
AAYZN,AAYZN
MQS9T,MQS9T
M0BEJ,M0BEJ
GHY75,GHY75
XAO27,XAO27
JWXY9,JWXY9
FV6MN,FV6MN
BXWND,BXWND
QBDZO,QBDZO
DQX3P,DQX3P
LZOBH,LZOBH
LIDR9,LIDR9
8NVNR,8NVNR
1AIBO,1AIBO
Z3NQV,Z3NQV
RWPIA,RWPIA
12778,12778
ZOY73,ZOY73
53EGX,53EGX
A24B6,A24B6
CWCSG,CWCSG
1ZL1J,1ZL1J
L5GY4,L5GY4
N6XPV,N6XPV
LZEOD,LZEOD
1H9KR,1H9KR
GP875,GP875
VYAM9,VYAM9
D4L2X,D4L2X
7I1T5,7I1T5
IRD3B,IRD3B
5B0W7,5B0W7
IHS1A,IHS1A
NFV5V,NFV5V
MNCRG,MNCRG
LBHHR,LBHHR
4ERR0,4ERR0
NTQEA,NTQEA
F307V,F307V
T4YTA,T4YTA
ISZ6T,ISZ6T
NAGRX,NAGRX
EJUH5,EJUH5
XF7E0,XF7E0
D0DPW,D0DPW
EACT2,EACT2
9WEYT,9WEYT
T673J,T673J
TPNVC,TPNVC
RCBNT,RCBNT
MFJT3,MFJT3
09U6X,09U6X
5PGDX,5PGDX
HWMCD,HWMCD
55PR9,55PR9
QM5TR,QM5TR
5SKVC,5SKVC
70XKG,70XKG
OXMY1,OXMY1
YGDLE,YGDLE
VSZV8,VSZV8
E79JK,E79JK
YXH2M,YXH2M
N01OF,N01OF
FEE1I,FEE1I
PDA46,PDA46
X6S3V,X6S3V
3M9SZ,3M9SZ
GQI61,GQI61
83RKM,83RKM
OQ5CR,OQ5CR
WII5S,WII5S
7ROTB,7ROTB
5QCXD,5QCXD
T6SER,T6SER
DHM9M,DHM9M
YVSH6,YVSH6
UW6BN,UW6BN
MFTZN,MFTZN
ZM40Y,ZM40Y
7HBPM,7HBPM
Z1J4C,Z1J4C
ADRKO,ADRKO
AYVS8,AYVS8
IQLJ9,IQLJ9
H0115,H0115
ECFE6,ECFE6
8Z9KV,8Z9KV
Q0IU0,Q0IU0
A0Q6P,A0Q6P
NXOVF,NXOVF
OMORA,OMORA
V23TR,V23TR
73VTP,73VTP
RGCEK,RGCEK
QAV5D,QAV5D
S5DHR,S5DHR
YYM0E,YYM0E
DLAGB,DLAGB
D994N,D994N
MSBDL,MSBDL
QSHWJ,QSHWJ
ARI5G,ARI5G
NSP00,NSP00
A2OWT,A2OWT
TM0DP,TM0DP
W73G2,W73G2
U2S05,U2S05
NZMIC,NZMIC
JICN5,JICN5
NWZ45,NWZ45
HPOAK,HPOAK
EKAHQ,EKAHQ
Z7OXL,Z7OXL
DVG9N,DVG9N
IGC4R,IGC4R
M5AQQ,M5AQQ
8MIBE,8MIBE
LI0D3,LI0D3
YGAU0,YGAU0
B4LMS,B4LMS
WYQ2X,WYQ2X
ZIAKS,ZIAKS
I8CXX,I8CXX
M7IOT,M7IOT
WHSU0,WHSU0
AYRI8,AYRI8
HZFHB,HZFHB
HRD9Y,HRD9Y
M7A4B,M7A4B
07PBZ,07PBZ
DD0SQ,DD0SQ
YAYWG,YAYWG
B1Z2R,B1Z2R
GPNFM,GPNFM
VI6MZ,VI6MZ
VGNQY,VGNQY
P0KE1,P0KE1
PW7L5,PW7L5
LA68Y,LA68Y
CGDA9,CGDA9
CV9IC,CV9IC
XZWLV,XZWLV
EKSDM,EKSDM
WF4EL,WF4EL
VWJFX,VWJFX
99RMH,99RMH
3FHNB,3FHNB
9JXCB,9JXCB
XR94A,XR94A
U3G7I,U3G7I
PYE7F,PYE7F
42HHP,42HHP
OE138,OE138
721KH,721KH
HC5PZ,HC5PZ
P30RV,P30RV
34YVO,34YVO
XAFJD,XAFJD
6D0PL,6D0PL
9T66S,9T66S
PIHUH,PIHUH
MTVT3,MTVT3
62YXV,62YXV
HRJ4W,HRJ4W
5VPND,5VPND
JZNRD,JZNRD
FYT8S,FYT8S
P6YRM,P6YRM
NHE2E,NHE2E
9E1IA,9E1IA
K8JLO,K8JLO
2E3BL,2E3BL
LVPHQ,LVPHQ
8PC4D,8PC4D
TBKEJ,TBKEJ
2VHYL,2VHYL
NL3YD,NL3YD
1IXO4,1IXO4
A5GNF,A5GNF
LKCA9,LKCA9
H1M0S,H1M0S
92EL3,92EL3
RLQ3Z,RLQ3Z
UDKM5,UDKM5
Z7VGU,Z7VGU
V64HD,V64HD
7K47E,7K47E
04LTH,04LTH
KDVBR,KDVBR
WUY7Z,WUY7Z
HKWRV,HKWRV
D9VBW,D9VBW
DEGNN,DEGNN
N2HL2,N2HL2
OMMEI,OMMEI
18MPN,18MPN
2V5PU,2V5PU
H9GBE,H9GBE
5RTZ8,5RTZ8
JQ6TY,JQ6TY
J6N1C,J6N1C
3YO4D,3YO4D
E5UW0,E5UW0
9JHTG,9JHTG
D1M6Y,D1M6Y
34QEU,34QEU
G0Z6X,G0Z6X
Q7H9A,Q7H9A
C1482,C1482
DS7OF,DS7OF
OWRQK,OWRQK
1XLMA,1XLMA
V01FT,V01FT
SB3N0,SB3N0
QMVLU,QMVLU
4S6R0,4S6R0
JX4ZG,JX4ZG
3APKN,3APKN
PYY3W,PYY3W
REWBU,REWBU
O7E70,O7E70
64LIK,64LIK
A309J,A309J
69JU6,69JU6
CIODH,CIODH
CLJ5E,CLJ5E
QHIS4,QHIS4
TJE38,TJE38
VXPNW,VXPNW
PV5OV,PV5OV
WNHSQ,WNHSQ
B6U62,B6U62
3YWA4,3YWA4
WF3UI,WF3UI
Z3IYG,Z3IYG
X38D6,X38D6
U62FC,U62FC
DH5F7,DH5F7
4JHSR,4JHSR
XELS0,XELS0
YBQVT,YBQVT
C2EJ8,C2EJ8
D3LDX,D3LDX
JJOWS,JJOWS
A7F4F,A7F4F
M1BNE,M1BNE
Q3L43,Q3L43
3GFE0,3GFE0
ZDGUX,ZDGUX
NH5R5,NH5R5
BT0C7,BT0C7
LMMD6,LMMD6
9BF59,9BF59
EEROS,EEROS
8GQ74,8GQ74
0AZ1Y,0AZ1Y
XG4TD,XG4TD
4TTD3,4TTD3
VF817,VF817
UHHCV,UHHCV
UNYBQ,UNYBQ
Z4SQ6,Z4SQ6
3TPUX,3TPUX
7F5CS,7F5CS
L8FND,L8FND
ULM4Q,ULM4Q
5YVQ5,5YVQ5
B0B50,B0B50
ZXI8K,ZXI8K
X6WMD,X6WMD
KSR0R,KSR0R
H72MB,H72MB
QIIK7,QIIK7
C4PZ1,C4PZ1
CRNW1,CRNW1
JOY5J,JOY5J
8OOZ2,8OOZ2
PRBIO,PRBIO
OMR48,OMR48
8SQHV,8SQHV
TI1TA,TI1TA
T6DME,T6DME
4LV0C,4LV0C
C6ZZM,C6ZZM
NOI3F,NOI3F
YQ27A,YQ27A
H3KDE,H3KDE
VU6S8,VU6S8
9215R,9215R
L0KIF,L0KIF
9GN94,9GN94
GX4OB,GX4OB
O4AE0,O4AE0
79EK5,79EK5
NKND9,NKND9
V34XF,V34XF
E0HVO,E0HVO
OSQB5,OSQB5
QX9T2,QX9T2
ZYW18,ZYW18
H6HQB,H6HQB
5YQS7,5YQS7
M1G4Q,M1G4Q
8V1SF,8V1SF
L50M3,L50M3
I5C9O,I5C9O
GACAZ,GACAZ
GY1C2,GY1C2
7CH1H,7CH1H
F959B,F959B
WDNES,WDNES
1B8GN,1B8GN
MZN32,MZN32
MLHLB,MLHLB
D741E,D741E
C91UR,C91UR
NGTVO,NGTVO
R82H6,R82H6
J1F6Z,J1F6Z
OE2VI,OE2VI
85AMT,85AMT
57MQY,57MQY
657WB,657WB
EJABR,EJABR
KOLPB,KOLPB
MENWZ,MENWZ
RB5QQ,RB5QQ
0GHUV,0GHUV
UCC4C,UCC4C
SCWN0,SCWN0
E4BHY,E4BHY
10SPP,10SPP
6NSJT,6NSJT
LM1UF,LM1UF
ZZ8EW,ZZ8EW
MPWSV,MPWSV
V0W38,V0W38
S8PHU,S8PHU
CBJZF,CBJZF
OLYJK,OLYJK
Y9SJO,Y9SJO
C3VF5,C3VF5
FVOKU,FVOKU
XSVMR,XSVMR
FWZAA,FWZAA
8HT4P,8HT4P
37QKQ,37QKQ
UKT5F,UKT5F
0L86K,0L86K
B28DI,B28DI
WH6O1,WH6O1
Q47HN,Q47HN
YQ2IS,YQ2IS
4D4C7,4D4C7
2DK8X,2DK8X
661F2,661F2
E8XYZ,E8XYZ
MA9Z6,MA9Z6
ZRZNU,ZRZNU
V2GR7,V2GR7
H9BKF,H9BKF
S8TJA,S8TJA
K7KXA,K7KXA
JF4YT,JF4YT
4FNRV,4FNRV
YXIGI,YXIGI
L8FVE,L8FVE
1N2LM,1N2LM
6IRXO,6IRXO
C4YC3,C4YC3
BIA47,BIA47
69NKI,69NKI
UL74B,UL74B
MHX3U,MHX3U
K8GF0,K8GF0
UIFC0,UIFC0
B8NB3,B8NB3
GULYN,GULYN
KH3L7,KH3L7
4FALH,4FALH
G4PNI,G4PNI
6CXWT,6CXWT
CCM6B,CCM6B
V1HJE,V1HJE
2NRI5,2NRI5
EZUVN,EZUVN
P64TN,P64TN
CKT17,CKT17
IR1V2,IR1V2
KAKSX,KAKSX
YD873,YD873
FF4PU,FF4PU
DNN2X,DNN2X
YBD55,YBD55
Q0FLL,Q0FLL
IPVES,IPVES
YQXY0,YQXY0
1F1GL,1F1GL
U6BVK,U6BVK
00NH1,00NH1
B4KP9,B4KP9
T5AFG,T5AFG
1D9DC,1D9DC
WPP0F,WPP0F
4L4JL,4L4JL
UM5UI,UM5UI
9H2T9,9H2T9
5JUU9,5JUU9
U9PGX,U9PGX
JVMS8,JVMS8
U587G,U587G
YM2T3,YM2T3
8ZC48,8ZC48
FBH76,FBH76
EQYN8,EQYN8
OFARQ,OFARQ
LOOR1,LOOR1
S2OEI,S2OEI
TWAA8,TWAA8
LLDVH,LLDVH
4ARY2,4ARY2
U3Y1L,U3Y1L
E9KR0,E9KR0
KJWT5,KJWT5
R4CC6,R4CC6
T79N2,T79N2
7I9WE,7I9WE
5Z6GR,5Z6GR
KHG02,KHG02
OGE28,OGE28
QFX5O,QFX5O
ENZAA,ENZAA
QL1TR,QL1TR
W2PZT,W2PZT
CY7M1,CY7M1
6N74K,6N74K
A9QK0,A9QK0
Y0MF6,Y0MF6
DJ5M3,DJ5M3
DVS91,DVS91
39P6Q,39P6Q
XWJO2,XWJO2
IYSI4,IYSI4
9C6OQ,9C6OQ
S0ROU,S0ROU
BVJL7,BVJL7
F0AU3,F0AU3
N7YZK,N7YZK
FG1F1,FG1F1
I10U5,I10U5
3EL6R,3EL6R
HLES4,HLES4
1MDOZ,1MDOZ
XGRJ2,XGRJ2
LSXOC,LSXOC
RY2YI,RY2YI
YY66F,YY66F
X1D38,X1D38
QHGHW,QHGHW
8ZV7J,8ZV7J
DDYF9,DDYF9
4SSNC,4SSNC
1Q0WX,1Q0WX
WLB7X,WLB7X
QQKIE,QQKIE
MVCDT,MVCDT
NZAPQ,NZAPQ
YTVY8,YTVY8
TKKE9,TKKE9
3VGFS,3VGFS
LV6C5,LV6C5
OI423,OI423
OC10Q,OC10Q
PG8ZY,PG8ZY
95JNT,95JNT
FPJX2,FPJX2
WD8M3,WD8M3
PLMYI,PLMYI
UQEWK,UQEWK
V81Q6,V81Q6
3CMXR,3CMXR
B7PZU,B7PZU
O6JTH,O6JTH
63QKW,63QKW
2ITBK,2ITBK
MYH9A,MYH9A
EP13O,EP13O
ME0G0,ME0G0
8HB5W,8HB5W
990J1,990J1
YIACQ,YIACQ
DQ9GM,DQ9GM
6RH7U,6RH7U
I8XOH,I8XOH
JEPZE,JEPZE
L29RG,L29RG
3MDVI,3MDVI
8DYEA,8DYEA
9M0MJ,9M0MJ
B0005,B0005
PL9Z9,PL9Z9
A71A4,A71A4
5M42U,5M42U
OKIR4,OKIR4
LGL0Z,LGL0Z
GDOBN,GDOBN
3ZBGI,3ZBGI
XFNL3,XFNL3
90PRF,90PRF
MZ2UG,MZ2UG
96LM2,96LM2
QXFIV,QXFIV
AE1IE,AE1IE
B00MQ,B00MQ
BJXJ8,BJXJ8
UQ4RJ,UQ4RJ
XQTP0,XQTP0
GXCI5,GXCI5
J3O22,J3O22
0DHEC,0DHEC
R98X1,R98X1
GPF8E,GPF8E
MK67Y,MK67Y
NX80P,NX80P
OO9N5,OO9N5
WPDZS,WPDZS
GC1NV,GC1NV
XWXJ2,XWXJ2
FVDCU,FVDCU
PXT4Z,PXT4Z
R6SM2,R6SM2
C9HPB,C9HPB
9H1DU,9H1DU
9X11G,9X11G
4F28I,4F28I
YWMZ6,YWMZ6
33MTJ,33MTJ
8FTJ8,8FTJ8
0299H,0299H
RPP61,RPP61
W4QWK,W4QWK
PVB7Q,PVB7Q
LP7AA,LP7AA
XPBYR,XPBYR
CWM54,CWM54
O6WDF,O6WDF
5MLZ3,5MLZ3
K8GEU,K8GEU
OKDSQ,OKDSQ
BPUOD,BPUOD
P6669,P6669
NUZKQ,NUZKQ
46O5F,46O5F
KGHQO,KGHQO
3YIOP,3YIOP
4MRA5,4MRA5
CWPA9,CWPA9
A49WV,A49WV
PHANQ,PHANQ
DQTCK,DQTCK
M1ID0,M1ID0
9DW1M,9DW1M
4P61L,4P61L
1HXR6,1HXR6
P8K8V,P8K8V
8SIA3,8SIA3
PKI76,PKI76
9STLT,9STLT
1JM4Y,1JM4Y
XBWLA,XBWLA
ISN1I,ISN1I
16D5I,16D5I
KB8HK,KB8HK
RULHI,RULHI
ZTNRF,ZTNRF
465FW,465FW
6U3JZ,6U3JZ
7GSPZ,7GSPZ
UACDU,UACDU
SQAQW,SQAQW
4QUQP,4QUQP
VCEN4,VCEN4
ZR3WT,ZR3WT
0ETWA,0ETWA
GRDXY,GRDXY
J132V,J132V
BUWRT,BUWRT
UMV32,UMV32
MGV0S,MGV0S
4WLH5,4WLH5
EO6K7,EO6K7
WB907,WB907
SL4UM,SL4UM
FTEL3,FTEL3
PRW7Y,PRW7Y
QM3VX,QM3VX
QWXSE,QWXSE
GSDO0,GSDO0
4GY5D,4GY5D
CS7YP,CS7YP
UEL2S,UEL2S
0ZEOR,0ZEOR
C84DB,C84DB
TPWYY,TPWYY
RFPD5,RFPD5
0OGHZ,0OGHZ
2Y1VJ,2Y1VJ
A8WK7,A8WK7
HGBN8,HGBN8
68K8B,68K8B
7VQ4G,7VQ4G
BUIK8,BUIK8
CRPXY,CRPXY
5WFRK,5WFRK
LAAC9,LAAC9
U4G7O,U4G7O
A994G,A994G
T1ZH0,T1ZH0
TC8M7,TC8M7
8PCDI,8PCDI
Z1QEN,Z1QEN
DE9JJ,DE9JJ
8V8W8,8V8W8
2ZVLO,2ZVLO
ADDA0,ADDA0
EHO6O,EHO6O
8O1PT,8O1PT
8GN0F,8GN0F
0ZH38,0ZH38
Z3ZX1,Z3ZX1
MRZMM,MRZMM
MU726,MU726
8VTOM,8VTOM
SJ3YC,SJ3YC
SP55C,SP55C
SIN3O,SIN3O
D6EP3,D6EP3
OXQYV,OXQYV
BPMSF,BPMSF
6T3W1,6T3W1
B14KL,B14KL
RHMVC,RHMVC
C6HFZ,C6HFZ
NO055,NO055
7OBEQ,7OBEQ
ARJI1,ARJI1
8GZFC,8GZFC
PHV7V,PHV7V
60B8Y,60B8Y
FBMOD,FBMOD
COHM1,COHM1
KRDIO,KRDIO
15YOM,15YOM
BF4IF,BF4IF
C2HJP,C2HJP
2N6XW,2N6XW
LWPHS,LWPHS
6KKR8,6KKR8
1QT7L,1QT7L
AXO7O,AXO7O
XC9YE,XC9YE
ENH5N,ENH5N
ORX1I,ORX1I
GJU63,GJU63
ABLYB,ABLYB
OL8ON,OL8ON
R1IBT,R1IBT
WWATZ,WWATZ
WKQB5,WKQB5
H71AO,H71AO
89DU9,89DU9
324W8,324W8
M3LSO,M3LSO
0STO7,0STO7
DFANH,DFANH
HZNZ0,HZNZ0
NNKWP,NNKWP
641RW,641RW
LJP8M,LJP8M
C3J8S,C3J8S
6BAL2,6BAL2
0ISJJ,0ISJJ
OFPJD,OFPJD
FPUEO,FPUEO
49DW4,49DW4
8JV8B,8JV8B
G332V,G332V
HPV6Q,HPV6Q
1H3N9,1H3N9
TK2JN,TK2JN
AU900,AU900
XU4UM,XU4UM
QWPXJ,QWPXJ
FVP1K,FVP1K
XUFT8,XUFT8
8XKR7,8XKR7
9TWSU,9TWSU
JVEK4,JVEK4
XUPKY,XUPKY
7PBWQ,7PBWQ
CS5TX,CS5TX
L8N06,L8N06
DEAFV,DEAFV
I8U54,I8U54
O9K4L,O9K4L
QWPYP,QWPYP
LKWYZ,LKWYZ
11S76,11S76
7U1U3,7U1U3
PCXPD,PCXPD
ZBU34,ZBU34
BYP2I,BYP2I
GU2UE,GU2UE
Q2Y8I,Q2Y8I
73JZS,73JZS
GT7BH,GT7BH
HYZE4,HYZE4
RIQ90,RIQ90
STOVQ,STOVQ
FF75R,FF75R
W6NOE,W6NOE
7U2RX,7U2RX
SJJOO,SJJOO
KWMPO,KWMPO
WLMB9,WLMB9
GE3PJ,GE3PJ
F7XIH,F7XIH
75SNZ,75SNZ
R3SSU,R3SSU
J45US,J45US
2BO4H,2BO4H
A70MY,A70MY
PB2PD,PB2PD
CRZF6,CRZF6
5WL81,5WL81
1LQJB,1LQJB
QZN4I,QZN4I
Z7MQ0,Z7MQ0
O31L9,O31L9
UGYIS,UGYIS
5VJLX,5VJLX
FCRP2,FCRP2
DVQ6P,DVQ6P
75LM9,75LM9
356E7,356E7
BAWSN,BAWSN
2J8GI,2J8GI
QCMXH,QCMXH
NDBGQ,NDBGQ
R7EYA,R7EYA
ZFCPV,ZFCPV
FR5RV,FR5RV
BD0R6,BD0R6
VD034,VD034
ZZVCR,ZZVCR
1OCML,1OCML
4DD8F,4DD8F
WRKH5,WRKH5
XABPF,XABPF
TBZ3Z,TBZ3Z
0Q8B8,0Q8B8
SX3HG,SX3HG
N7397,N7397
WUSL6,WUSL6
6FF9W,6FF9W
DOHXD,DOHXD
09HF8,09HF8
4E4IO,4E4IO
I9ZVO,I9ZVO
74S3F,74S3F
WXYMV,WXYMV
T16HQ,T16HQ
Z39UG,Z39UG
02SUZ,02SUZ
991BY,991BY
XM68A,XM68A
2TTKI,2TTKI
5UPX9,5UPX9
0Z1OW,0Z1OW
TE7X7,TE7X7
EDCM3,EDCM3
IXRC0,IXRC0
813MD,813MD
KMY8V,KMY8V
ZY1HQ,ZY1HQ
OBKMA,OBKMA
BI7IB,BI7IB
03D47,03D47
NSZQT,NSZQT
JW20R,JW20R
LZMK7,LZMK7
Z696V,Z696V
07Y5A,07Y5A
2FY2F,2FY2F
3NBJL,3NBJL
O3HIX,O3HIX
AYWB5,AYWB5
DQFOY,DQFOY
K1GHS,K1GHS
KZISC,KZISC
M20AN,M20AN
AYL9V,AYL9V
80K26,80K26
LGKPO,LGKPO
6JQD3,6JQD3
2OQOV,2OQOV
M3U7A,M3U7A
C0IK4,C0IK4
NINTY,NINTY
1WAFK,1WAFK
P8QQF,P8QQF
02ZTS,02ZTS
V66R5,V66R5
MPQYS,MPQYS
NVK5Z,NVK5Z
DEZ3V,DEZ3V
CXMXD,CXMXD
BM3MI,BM3MI
PRSD2,PRSD2
V8GC5,V8GC5
PLRIR,PLRIR
IERTL,IERTL
0B4Q5,0B4Q5
LN67C,LN67C
2FZ9P,2FZ9P
MQYCJ,MQYCJ
MQX66,MQX66
A3PYD,A3PYD
1AHO0,1AHO0
KP10B,KP10B
M0SAH,M0SAH
AWYXW,AWYXW
DITD0,DITD0
5UXCH,5UXCH
89L8L,89L8L
DKKVW,DKKVW
RPWOL,RPWOL
2U9X1,2U9X1
G7QSR,G7QSR
W78OB,W78OB
GIKZ9,GIKZ9
022NW,022NW
JCKFE,JCKFE
3WQJO,3WQJO
Z62GH,Z62GH
R2HR0,R2HR0
PGCKY,PGCKY
DXAJK,DXAJK
WHOPN,WHOPN
JUQH0,JUQH0
CSTIJ,CSTIJ
WLHOJ,WLHOJ
TNE15,TNE15
1LOZF,1LOZF
HRYX0,HRYX0
OTE41,OTE41
NX9AS,NX9AS
619RV,619RV
U3AVF,U3AVF
X0D8H,X0D8H
QIVH3,QIVH3
LZMSL,LZMSL
PUHEW,PUHEW
E9PDY,E9PDY
8FS58,8FS58
UDWU1,UDWU1
KGFTR,KGFTR
CJ8N9,CJ8N9
7E199,7E199
964L7,964L7
KB3PA,KB3PA
PID65,PID65
YSAT8,YSAT8
RJ2W6,RJ2W6
4YLAG,4YLAG
EJQV0,EJQV0
03DAK,03DAK
PJJ3B,PJJ3B
KIFOL,KIFOL
UD5Y8,UD5Y8
42PEW,42PEW
8O8SH,8O8SH
JLDJ7,JLDJ7
XAA0K,XAA0K
QNS2S,QNS2S
7G31J,7G31J
04NTW,04NTW
7WTOH,7WTOH
OJ036,OJ036
24Q0U,24Q0U
L3UW4,L3UW4
6B5LE,6B5LE
Z98N0,Z98N0
YZNPG,YZNPG
WOUVH,WOUVH
857KU,857KU
6KKEC,6KKEC
MJ56L,MJ56L
VSSK0,VSSK0
EZB27,EZB27
YY91K,YY91K
NBE1K,NBE1K
ZO4CX,ZO4CX
PCCFJ,PCCFJ
7GLLR,7GLLR
JGZJG,JGZJG
3B27F,3B27F
W2NR6,W2NR6
G0PHW,G0PHW
1FDZ0,1FDZ0
29UY5,29UY5
XZZV1,XZZV1
9AIFY,9AIFY
Z322C,Z322C
LTC99,LTC99
D3JQY,D3JQY
KXCX7,KXCX7
HZ89Z,HZ89Z
BXK8D,BXK8D
4GSPN,4GSPN
HBCQC,HBCQC
J8A08,J8A08
RXCSK,RXCSK
3RCP3,3RCP3
KPL1Y,KPL1Y
M5EA9,M5EA9
7UKZC,7UKZC
Q1WCG,Q1WCG
DREWR,DREWR
A03OM,A03OM
56BEA,56BEA
CCDNT,CCDNT
LBZ0D,LBZ0D
88LSV,88LSV
IWR78,IWR78
PJ7XI,PJ7XI
831TR,831TR
4QR5I,4QR5I
Z8915,Z8915
TALUH,TALUH
IFIQA,IFIQA
5AFJV,5AFJV
RLT1V,RLT1V
FPO5Y,FPO5Y
6WYY6,6WYY6
N60BX,N60BX
7Q88P,7Q88P
DMR8I,DMR8I
FROI2,FROI2
4FN8N,4FN8N
F32N5,F32N5
SVBD6,SVBD6
192R3,192R3
NWGWY,NWGWY
I40CH,I40CH
WKS8C,WKS8C
V9UPA,V9UPA
9YRLX,9YRLX
JE6SA,JE6SA
Q503Z,Q503Z
XJW7V,XJW7V
70JOP,70JOP
4V6NM,4V6NM
9Q3OC,9Q3OC
WSP23,WSP23
KPCPH,KPCPH
MVUJ2,MVUJ2
8ZUTS,8ZUTS
F884W,F884W
2ZKAE,2ZKAE
S4JEG,S4JEG
886UX,886UX
XB4CM,XB4CM
BN8Q7,BN8Q7
D57PA,D57PA
5U2U5,5U2U5
I50DC,I50DC
NFMDC,NFMDC
YCDL6,YCDL6
Q6N1B,Q6N1B
8WEBR,8WEBR
83D9R,83D9R
QFQPJ,QFQPJ
6PCB4,6PCB4
MCXBW,MCXBW
SXAM6,SXAM6
CKMT3,CKMT3
ZT523,ZT523
QLJ1N,QLJ1N
DCQ5H,DCQ5H
AX3SZ,AX3SZ
S20K6,S20K6
TDZ68,TDZ68
7MTQ5,7MTQ5
FTHBJ,FTHBJ
Q9TFO,Q9TFO
PQ2ZX,PQ2ZX
KMVWO,KMVWO
SIL2L,SIL2L
K4I5W,K4I5W
9392Z,9392Z
NUE40,NUE40
OWADF,OWADF
GD1TP,GD1TP
7KA02,7KA02
BIRZT,BIRZT
9VWSE,9VWSE
V0A8L,V0A8L
AB6VG,AB6VG
ZUQVC,ZUQVC
N0CRF,N0CRF
DS1K8,DS1K8
4VAPO,4VAPO
OMIIF,OMIIF
7Y4BT,7Y4BT
VZMPK,VZMPK
OL20Q,OL20Q
4KKSX,4KKSX
GSBOW,GSBOW
BU04F,BU04F
3X2BY,3X2BY
SRF35,SRF35
AQ24X,AQ24X
CKUST,CKUST
H0O9K,H0O9K
P4M82,P4M82
YAC2I,YAC2I
IK3PQ,IK3PQ
DDJQ9,DDJQ9
AXHHC,AXHHC
Z92CD,Z92CD
W5IC6,W5IC6
Z2ZHJ,Z2ZHJ
LY7OU,LY7OU
40ODL,40ODL
DAWZZ,DAWZZ
MP9J2,MP9J2
UB69L,UB69L
HGCJY,HGCJY
A82OE,A82OE
10VBK,10VBK
76FFH,76FFH
HU6QP,HU6QP
M4A7O,M4A7O
J0D6K,J0D6K
RHQ13,RHQ13
WUNFR,WUNFR
WD0D5,WD0D5
JFHZ8,JFHZ8
DRTX0,DRTX0
KG576,KG576
U48M4,U48M4
TFQ0W,TFQ0W
JZFAL,JZFAL
58T2C,58T2C
WNVRJ,WNVRJ
22FPB,22FPB
3PDJG,3PDJG
AUJVN,AUJVN
KQ462,KQ462
LI3DE,LI3DE
ZT1HU,ZT1HU
JUAUD,JUAUD
GAB5Z,GAB5Z
CP9GC,CP9GC
LZ71Y,LZ71Y
R6FK2,R6FK2
42FYF,42FYF
72UWA,72UWA
LZUYF,LZUYF
V7Z98,V7Z98
LS1Q0,LS1Q0
CGJI6,CGJI6
TDU3R,TDU3R
DIEFQ,DIEFQ
8FPRW,8FPRW
4TSSI,4TSSI
E1BSV,E1BSV
FAPZB,FAPZB
UHHFV,UHHFV
YMCNP,YMCNP
T9D8B,T9D8B
QU87S,QU87S
TX1GF,TX1GF
28R6K,28R6K
E1GH7,E1GH7
HR4S4,HR4S4
DRUWE,DRUWE
SKT8F,SKT8F
2D7YB,2D7YB
JGV4I,JGV4I
JZB9O,JZB9O
2URZU,2URZU
XISVD,XISVD
1XU70,1XU70
SLBUT,SLBUT
BA0NY,BA0NY
8H0RL,8H0RL
AOUSR,AOUSR
8KN6O,8KN6O
FVIPL,FVIPL
0AB66,0AB66
FCVL0,FCVL0
BVA1S,BVA1S
7SBD7,7SBD7
K4F29,K4F29
ZGSN8,ZGSN8
8C0L2,8C0L2
UD1DT,UD1DT
EKOLE,EKOLE
MKF9S,MKF9S
2MRE8,2MRE8
EF50M,EF50M
E2SFC,E2SFC
B12SV,B12SV
28NLM,28NLM
C2V75,C2V75
UZK11,UZK11
1RHXJ,1RHXJ
94AIN,94AIN
W843X,W843X
6DJOF,6DJOF
V5VXN,V5VXN
JG4O7,JG4O7
T2NU0,T2NU0
27YNA,27YNA
S3UX1,S3UX1
2V64T,2V64T
MRUS7,MRUS7
S1MID,S1MID
H4I0L,H4I0L
CWS2A,CWS2A
05OH0,05OH0
Y2SKB,Y2SKB
4POQA,4POQA
ZP1XD,ZP1XD
TTEMZ,TTEMZ
VWNQU,VWNQU
WIJX9,WIJX9
JUMK1,JUMK1
TDQBP,TDQBP
95EHV,95EHV
75YUY,75YUY
Z66IA,Z66IA
FR3OI,FR3OI
JIKCE,JIKCE
28UKD,28UKD
S737I,S737I
ZY9LI,ZY9LI
8A9UC,8A9UC
789AV,789AV
Q54W5,Q54W5
7N43I,7N43I
RBOOX,RBOOX
UK0OO,UK0OO
21GCY,21GCY
DAGB9,DAGB9
FZPQW,FZPQW
8Q514,8Q514
7IN9Y,7IN9Y
DOHOL,DOHOL
1UA0C,1UA0C
K7V53,K7V53
6TF85,6TF85
KG7QI,KG7QI
W3F63,W3F63
356CW,356CW
VLT1M,VLT1M
LIAXS,LIAXS
Q8Z4E,Q8Z4E
N5Q2G,N5Q2G
6KC8A,6KC8A
KYRTH,KYRTH
9DA2K,9DA2K
F3TTN,F3TTN
B6T0P,B6T0P
8AUVW,8AUVW
4KL9X,4KL9X
4SU4T,4SU4T
38GSX,38GSX
8CN67,8CN67
56DEA,56DEA
1DEER,1DEER
6IPJQ,6IPJQ
MICNQ,MICNQ
3GJU6,3GJU6
UUVG9,UUVG9
VPUPJ,VPUPJ
F3U17,F3U17
5FLZ1,5FLZ1
61MVN,61MVN
1GR9I,1GR9I
GFW6R,GFW6R
RF3XO,RF3XO
0YFST,0YFST
AXCDO,AXCDO
TP1R0,TP1R0
0MDKH,0MDKH
AGERV,AGERV
4UNOC,4UNOC
ILZV2,ILZV2
C0CKL,C0CKL
7BC1B,7BC1B
FKGIX,FKGIX
B7CWS,B7CWS
ZL3BS,ZL3BS
KHKJJ,KHKJJ
VNI7L,VNI7L
VG2FA,VG2FA
IAF2E,IAF2E
DI7VF,DI7VF
K39JP,K39JP
E6K0B,E6K0B
XU45W,XU45W
NIP7A,NIP7A
NRBAC,NRBAC
280E2,280E2
E2Q0H,E2Q0H
JIWZ6,JIWZ6
HJ4WE,HJ4WE
95R7H,95R7H
57KQG,57KQG
ZRJUE,ZRJUE
F1JCT,F1JCT
91R0E,91R0E
HU3A5,HU3A5
QUGAY,QUGAY
XUVJM,XUVJM
8E7EO,8E7EO
UFWEH,UFWEH
5SDVS,5SDVS
0T22X,0T22X
YFJYS,YFJYS
4Z0NO,4Z0NO
Q2K70,Q2K70
IAI00,IAI00
Z0GGV,Z0GGV
BVRQY,BVRQY
NM3F4,NM3F4
X9X92,X9X92
19BA6,19BA6
VH5MY,VH5MY
9IP0I,9IP0I
S2HRS,S2HRS
ZLLHD,ZLLHD
0HZU5,0HZU5
FF3J6,FF3J6
0BK6Z,0BK6Z
GBD2Y,GBD2Y
D448I,D448I
B0F4W,B0F4W
QNA6J,QNA6J
ECIMR,ECIMR
A8NN7,A8NN7
VIT5E,VIT5E
HT851,HT851
KQCCT,KQCCT
D0IJ0,D0IJ0
AXZJO,AXZJO
9Q291,9Q291
N78FG,N78FG
L6UYH,L6UYH
RKXLX,RKXLX
G3BU9,G3BU9
WLJNI,WLJNI
1WCK7,1WCK7
TSRHR,TSRHR
FIXAS,FIXAS
BPMPW,BPMPW
C8IR0,C8IR0
84MJU,84MJU
090QQ,090QQ
Z6THO,Z6THO
48FGN,48FGN
QA2DU,QA2DU
N6U62,N6U62
1W7P2,1W7P2
XN9PL,XN9PL
J278C,J278C
ES2QC,ES2QC
EJLT1,EJLT1
62TCC,62TCC
9R67L,9R67L
80MYN,80MYN
0UFML,0UFML
J94NJ,J94NJ
GDQ6J,GDQ6J
SC36H,SC36H
XDCKK,XDCKK
7TG4W,7TG4W
7P5L9,7P5L9
BTRZB,BTRZB
5QKFB,5QKFB
QF60N,QF60N
51URW,51URW
FXQ3Q,FXQ3Q
2NM9S,2NM9S
M6S7O,M6S7O
APBBA,APBBA
0AOEP,0AOEP
MXXB4,MXXB4
FCGOL,FCGOL
1SEME,1SEME
GNHZH,GNHZH
DK1J7,DK1J7
1I0M7,1I0M7
JH0E1,JH0E1
7Q3DO,7Q3DO
ICJX6,ICJX6
ESCCY,ESCCY
SWSPU,SWSPU
UKB80,UKB80
L32NF,L32NF
YSPTP,YSPTP
XMDRT,XMDRT
O8D3J,O8D3J
F2E4N,F2E4N
8FR3H,8FR3H
4NEQF,4NEQF
RQPW8,RQPW8
M6YKB,M6YKB
XLKE1,XLKE1
WGF4P,WGF4P
SFJPZ,SFJPZ
AUJ2R,AUJ2R
8UGN5,8UGN5
10Z06,10Z06
35O8Z,35O8Z
ZZ5WZ,ZZ5WZ
079LT,079LT
2EV92,2EV92
GN58P,GN58P
9MVOK,9MVOK
7SI7K,7SI7K
AT14G,AT14G
ZX1G1,ZX1G1
5BVNZ,5BVNZ
ZZ9LE,ZZ9LE
FNPZ5,FNPZ5
75FN7,75FN7
7BN4E,7BN4E
QV9ML,QV9ML
9WFYZ,9WFYZ
KDCMC,KDCMC
LR9WU,LR9WU
OAILC,OAILC
R3XSF,R3XSF
22VGH,22VGH
L4X7D,L4X7D
IZ27O,IZ27O
ZJK5V,ZJK5V
7JTG4,7JTG4
7SE9B,7SE9B
II0ZM,II0ZM
250AQ,250AQ
BCB4C,BCB4C
OV1AW,OV1AW
45MKC,45MKC
62Y1F,62Y1F
GPELS,GPELS
ECXXR,ECXXR
7LP3C,7LP3C
H8KQJ,H8KQJ
8EXF2,8EXF2
NQ2P1,NQ2P1
0T6TD,0T6TD
0NDHQ,0NDHQ
PQNZZ,PQNZZ
9MG2U,9MG2U
M8UYY,M8UYY
SI0Y1,SI0Y1
FSG47,FSG47
71OIH,71OIH
RK55Q,RK55Q
2MFDC,2MFDC
APRTN,APRTN
H0DPW,H0DPW
L12I2,L12I2
RUUEI,RUUEI
GJ8N7,GJ8N7
43237,43237
7QZ39,7QZ39
OV7XK,OV7XK
TBTZS,TBTZS
71IEJ,71IEJ
OIW9W,OIW9W
HP734,HP734
AFXCB,AFXCB
0ER5Q,0ER5Q
LPA4D,LPA4D
O33HH,O33HH
MPCN3,MPCN3
TJ00K,TJ00K
9EDZR,9EDZR
J8OSO,J8OSO
ERHLI,ERHLI
KW7RX,KW7RX
EALT8,EALT8
G4J2F,G4J2F
92L86,92L86
8I2WR,8I2WR
Q1WSM,Q1WSM
TIGAS,TIGAS
0RWLG,0RWLG
FQ94S,FQ94S
HMEF8,HMEF8
V56FT,V56FT
QCCSS,QCCSS
PLQ4C,PLQ4C
S4JZ4,S4JZ4
77TQZ,77TQZ
01FBJ,01FBJ
9Y7S9,9Y7S9
BSPDA,BSPDA
JEVQX,JEVQX
ZRPUT,ZRPUT
IYY7F,IYY7F
X1CA7,X1CA7
2B0GH,2B0GH
IETTO,IETTO
NTKBI,NTKBI
OITQC,OITQC
1F4ET,1F4ET
JXVGJ,JXVGJ
EVUZ8,EVUZ8
FSEJM,FSEJM
ZDYQO,ZDYQO
FLHXY,FLHXY
GVB51,GVB51
3DDZT,3DDZT
I856M,I856M
1MWEG,1MWEG
4483K,4483K
CMKQ6,CMKQ6
SFSWS,SFSWS
6LFFV,6LFFV
8SA1H,8SA1H
RWPID,RWPID
4TKNM,4TKNM
DMHX3,DMHX3
GISO2,GISO2
MH3XH,MH3XH
NC52N,NC52N
YMIST,YMIST
1YR0N,1YR0N
SJHUU,SJHUU
NTV0K,NTV0K
7C33B,7C33B
FNGDU,FNGDU
2412R,2412R
RY95D,RY95D
Q3VPG,Q3VPG
6C3QG,6C3QG
SACWH,SACWH
M9MN6,M9MN6
U6Q0I,U6Q0I
52EXN,52EXN
0ODGW,0ODGW
9JPDZ,9JPDZ
5X3XV,5X3XV
LUOUU,LUOUU
QBWRT,QBWRT
USS9D,USS9D
RL5L2,RL5L2
63Y4V,63Y4V
RNNPI,RNNPI
V4V2R,V4V2R
B8CIL,B8CIL
K6YPB,K6YPB
1NMUI,1NMUI
6W9VQ,6W9VQ
C5DX0,C5DX0
0CLML,0CLML
X72GT,X72GT
5Q0R6,5Q0R6
B450H,B450H
1190B,1190B
9P0BR,9P0BR
BTHI6,BTHI6
AZB45,AZB45
TAASI,TAASI
02HNV,02HNV
OQ8FV,OQ8FV
RRU3F,RRU3F
CZEKN,CZEKN
CGZ7S,CGZ7S
YTFRL,YTFRL
61946,61946
LFBDD,LFBDD
4KH1Z,4KH1Z
APWMP,APWMP
9GWTD,9GWTD
BNG0D,BNG0D
7K7GM,7K7GM
9L4TH,9L4TH
O10IO,O10IO
97S41,97S41
KVKQQ,KVKQQ
1LSAT,1LSAT
VZVD6,VZVD6
DIT9J,DIT9J
XNRR0,XNRR0
NU523,NU523
PMUA8,PMUA8
O2MPG,O2MPG
RMCSL,RMCSL
YZRZA,YZRZA
GV30U,GV30U
4AQX4,4AQX4
1IE9I,1IE9I
U8VND,U8VND
9PKJZ,9PKJZ
UWO8Z,UWO8Z
U1CAP,U1CAP
VI0ZK,VI0ZK
JAME8,JAME8
KOQO4,KOQO4
QD6SH,QD6SH
LQVBP,LQVBP
6Y427,6Y427
S4C4K,S4C4K
XQCPZ,XQCPZ
WS1WW,WS1WW
9QU5S,9QU5S
PY4IU,PY4IU
G5SZ9,G5SZ9
U3EMY,U3EMY
V2AIA,V2AIA
M72AG,M72AG
OAUWE,OAUWE
1JN9N,1JN9N
VI2F6,VI2F6
LTOQA,LTOQA
UXJAV,UXJAV
XWIVC,XWIVC
SZYIR,SZYIR
0W04Q,0W04Q
V7W6I,V7W6I
389DG,389DG
W65UQ,W65UQ
SN2EL,SN2EL
47GKB,47GKB
5RAU9,5RAU9
P3QJV,P3QJV
7WQRZ,7WQRZ
TYDZG,TYDZG
MFGBS,MFGBS
MR5N8,MR5N8
XWRUU,XWRUU
XBSB3,XBSB3
34DN3,34DN3
TX9TE,TX9TE
JBFKX,JBFKX
LQFPB,LQFPB
8DCHI,8DCHI
2LXFC,2LXFC
8X5F7,8X5F7
0W82Q,0W82Q
K7A3S,K7A3S
6W3EA,6W3EA
J7QAS,J7QAS
ATLQD,ATLQD
WE4MS,WE4MS
4LQTL,4LQTL
A592N,A592N
O0H2I,O0H2I
B87U7,B87U7
LW51U,LW51U
3WVIM,3WVIM
L4R0P,L4R0P
1GA7N,1GA7N
NJ2O6,NJ2O6
HD8NQ,HD8NQ
HJKWM,HJKWM
I2R3S,I2R3S
N006C,N006C
1L1OG,1L1OG
1MEG1,1MEG1
CJ1CL,CJ1CL
DX4UX,DX4UX
VX2BM,VX2BM
DHTZD,DHTZD
FR6TP,FR6TP
1GFLY,1GFLY
76QF7,76QF7
TVI6N,TVI6N
QE5JT,QE5JT
X8JME,X8JME
Y7TY6,Y7TY6
P2K4A,P2K4A
PMY2M,PMY2M
QKGQ3,QKGQ3
TCMGE,TCMGE
LOAU7,LOAU7
PUWYG,PUWYG
404I9,404I9
48Y1D,48Y1D
IWWW7,IWWW7
YAZUZ,YAZUZ
VNY2M,VNY2M
JN5F8,JN5F8
J1A1O,J1A1O
WQ7LG,WQ7LG
DWNDF,DWNDF
5VERW,5VERW
SI03K,SI03K
3ALB7,3ALB7
9L617,9L617
0XK04,0XK04
RU0M7,RU0M7
P28T2,P28T2
79BE3,79BE3
IR1TQ,IR1TQ
VS0Y2,VS0Y2
EJ8VC,EJ8VC
SC14V,SC14V
M75G4,M75G4
TCPVJ,TCPVJ
QO1YM,QO1YM
QW5CS,QW5CS
9H2IR,9H2IR
GZY51,GZY51
QVRAW,QVRAW
BVK7N,BVK7N
78DHL,78DHL
S6N83,S6N83
1K2OL,1K2OL
8SKN0,8SKN0
0USXF,0USXF
FTRT7,FTRT7
R55GS,R55GS
6ZVRD,6ZVRD
IASON,IASON
WNO3S,WNO3S
HBOG1,HBOG1
6LX36,6LX36
A7HWG,A7HWG
V3XN4,V3XN4
DVT8Y,DVT8Y
SLXGP,SLXGP
O7KZP,O7KZP
KJRDX,KJRDX
XLTF1,XLTF1
TEZ3B,TEZ3B
EF3ET,EF3ET
OBIF8,OBIF8
14TK7,14TK7
9Z354,9Z354
5CA7X,5CA7X
E0TQU,E0TQU
AEGD9,AEGD9
Y8UBO,Y8UBO
WYHXB,WYHXB
IE1V8,IE1V8
7WYJC,7WYJC
IJSQZ,IJSQZ
36UYN,36UYN
RCSS2,RCSS2
JRYTU,JRYTU
BHWZG,BHWZG
WYFGC,WYFGC
M0MH2,M0MH2
L14JD,L14JD
CN2GT,CN2GT
Y59X2,Y59X2
3R8NU,3R8NU
DP0IT,DP0IT
1X40T,1X40T
THPZU,THPZU
2W3G4,2W3G4
OU64Z,OU64Z
QDN21,QDN21
ABAUT,ABAUT
WYLH8,WYLH8
O04D6,O04D6
FPGAU,FPGAU
JSXZJ,JSXZJ
GA3T2,GA3T2
ID6K6,ID6K6
7P1NI,7P1NI
0PX2O,0PX2O
W8FW2,W8FW2
4P9NM,4P9NM
O45HH,O45HH
T9HRQ,T9HRQ
GAK0C,GAK0C
5UXYY,5UXYY
YGW0J,YGW0J
CVPCJ,CVPCJ
3OHSR,3OHSR
0TNBU,0TNBU
7FQ5W,7FQ5W
EMXSP,EMXSP
HIX46,HIX46
INFMN,INFMN
OD6HY,OD6HY
MGEVF,MGEVF
O3036,O3036
RIJC4,RIJC4
V14BK,V14BK
JDY6F,JDY6F
SAAJG,SAAJG
6KRJF,6KRJF
S74KF,S74KF
ZYBP8,ZYBP8
1R2EX,1R2EX
OQIV8,OQIV8
O38R6,O38R6
CL3Y7,CL3Y7
G5SSN,G5SSN
EI71L,EI71L
30XA9,30XA9
TI3BU,TI3BU
9E6Y8,9E6Y8
FPWLT,FPWLT
R23JS,R23JS
NS9UJ,NS9UJ
0RTQ8,0RTQ8
7Q6LX,7Q6LX
S0AFA,S0AFA
NPAM2,NPAM2
H99MY,H99MY
K35AI,K35AI
E8E3O,E8E3O
NMXFX,NMXFX
JLFM4,JLFM4
Q60WN,Q60WN
VUYKS,VUYKS
M1RON,M1RON
RJCQM,RJCQM
69CKN,69CKN
PVYVK,PVYVK
FUNRW,FUNRW
RM355,RM355
2LX2G,2LX2G
A8TYK,A8TYK
F1473,F1473
4F0NI,4F0NI
B6E4S,B6E4S
7GQZ7,7GQZ7
7EO3I,7EO3I
KUEL0,KUEL0
T2P4U,T2P4U
5C7WI,5C7WI
VJFRW,VJFRW
29NHM,29NHM
5YMZ5,5YMZ5
E8C0N,E8C0N
SWOVT,SWOVT
045IE,045IE
8ZODS,8ZODS
1KFPC,1KFPC
8GFSE,8GFSE
SZO13,SZO13
22SRA,22SRA
IS5WJ,IS5WJ
PXPAC,PXPAC
80IAS,80IAS
LHFSO,LHFSO
QJHFA,QJHFA
EWUUI,EWUUI
L5WQE,L5WQE
7AIHN,7AIHN
ILC0Q,ILC0Q
7FDRY,7FDRY
L0PZS,L0PZS
3SMVZ,3SMVZ
LMA5H,LMA5H
8BTCE,8BTCE
HLYTL,HLYTL
MWPWX,MWPWX
TP78B,TP78B
G7YC3,G7YC3
36VVQ,36VVQ
VDOPB,VDOPB
8NN37,8NN37
OJJ32,OJJ32
5N4VF,5N4VF
O2RGW,O2RGW
4PFOQ,4PFOQ
F0HG3,F0HG3
N4BP3,N4BP3
6WWOZ,6WWOZ
U69U2,U69U2
XVHG7,XVHG7
OUCX0,OUCX0
IRWLL,IRWLL
FIEJ7,FIEJ7
4NFTK,4NFTK
N50YG,N50YG
07UVP,07UVP
NU76Y,NU76Y
3LRU1,3LRU1
YNLB8,YNLB8
FOTEX,FOTEX
TYC3N,TYC3N
1RW7J,1RW7J
ASRJH,ASRJH
YYBJH,YYBJH
X9OK6,X9OK6
77Q8X,77Q8X
3DWYG,3DWYG
A0MN3,A0MN3
Z514C,Z514C
91VJ7,91VJ7
PHKUT,PHKUT
8GPNX,8GPNX
2ATBQ,2ATBQ
Q2SBP,Q2SBP
QEPSM,QEPSM
N4M02,N4M02
HQ9AD,HQ9AD
INF9L,INF9L
3B5XC,3B5XC
U4ZZU,U4ZZU
LV2WX,LV2WX
JZFYR,JZFYR
W1YL5,W1YL5
QYO7K,QYO7K
MPLLX,MPLLX
6I3KH,6I3KH
CFPUO,CFPUO
T4WS7,T4WS7
F5AL5,F5AL5
PMOCI,PMOCI
DM69W,DM69W
6HUJD,6HUJD
09I87,09I87
84S91,84S91
FGEMM,FGEMM
4IQ55,4IQ55
WAJSN,WAJSN
XVT1E,XVT1E
3RJEF,3RJEF
GYALF,GYALF
P8FMG,P8FMG
M91D7,M91D7
ZMW66,ZMW66
RKF7D,RKF7D
2TXJ2,2TXJ2
WXN2O,WXN2O
ZWRHE,ZWRHE
FAI83,FAI83
JFLXL,JFLXL
HE3IK,HE3IK
AT7W5,AT7W5
K6QA6,K6QA6
53BT0,53BT0
LSBJO,LSBJO
9903D,9903D
J3KLL,J3KLL
ZARQ6,ZARQ6
FTUTH,FTUTH
SQHV0,SQHV0
LAOD1,LAOD1
NSDY1,NSDY1
QGJJ0,QGJJ0
JVH96,JVH96
WRYKE,WRYKE
D6AMU,D6AMU
2Z20C,2Z20C
V5A4S,V5A4S
RCFMH,RCFMH
ADZPK,ADZPK
MVXEG,MVXEG
EV8X1,EV8X1
OY6W3,OY6W3
JOUK6,JOUK6
AW0TP,AW0TP
D23RJ,D23RJ
HL0RJ,HL0RJ
8F5ZS,8F5ZS
53GPL,53GPL
5EXFW,5EXFW
YG7V0,YG7V0
PXTNR,PXTNR
7FQD8,7FQD8
8BJ5P,8BJ5P
OMIWI,OMIWI
8AHME,8AHME
GBLB3,GBLB3
BTU4U,BTU4U
QZ5EO,QZ5EO
ULSWB,ULSWB
3N0MX,3N0MX
VN93T,VN93T
JEX9V,JEX9V
5F5AS,5F5AS
CVRKC,CVRKC
4CZUB,4CZUB
ZEKP3,ZEKP3
RM4MX,RM4MX
6VQLU,6VQLU
PFUDT,PFUDT
JIGBF,JIGBF
E5OLZ,E5OLZ
MS5TS,MS5TS
KOMK0,KOMK0
SXO57,SXO57
UZHHG,UZHHG
AC7DK,AC7DK
7MVK7,7MVK7
4TLBD,4TLBD
ITYCS,ITYCS
F7HJP,F7HJP
RHJVG,RHJVG
MFCQ6,MFCQ6
CK7LL,CK7LL
LEC2E,LEC2E
MKGBF,MKGBF
ZQNRU,ZQNRU
RIVEQ,RIVEQ
9BZ20,9BZ20
4R8ST,4R8ST
C83MD,C83MD
LJ6GP,LJ6GP
M920H,M920H
MO1AV,MO1AV
P3EF3,P3EF3
GAY5F,GAY5F
2GIPB,2GIPB
QCVBW,QCVBW
8ARK6,8ARK6
VVR1V,VVR1V
SNZ72,SNZ72
ML1J4,ML1J4
3RNFB,3RNFB
FSJ16,FSJ16
11ICI,11ICI
KGNJJ,KGNJJ
4SQJM,4SQJM
A6YYT,A6YYT
GZ0LH,GZ0LH
WNVMU,WNVMU
EO4IR,EO4IR
EBDG2,EBDG2
0PDM1,0PDM1
5DBJR,5DBJR
NA3DE,NA3DE
HU7SP,HU7SP
BQQQZ,BQQQZ
WDR5R,WDR5R
MW9PG,MW9PG
RR5SM,RR5SM
SAYEW,SAYEW
5G48H,5G48H
DEU8U,DEU8U
COVRM,COVRM
D8HZ8,D8HZ8
LEOT8,LEOT8
WI1H9,WI1H9
L3Y2R,L3Y2R
WOGWA,WOGWA
865UW,865UW
WMHC4,WMHC4
FIWQS,FIWQS
WMNLU,WMNLU
OM60J,OM60J
ZDZDO,ZDZDO
Z20CI,Z20CI
4MUKT,4MUKT
F1SSO,F1SSO
6RYG7,6RYG7
T4NZ1,T4NZ1
0KY8L,0KY8L
83TRT,83TRT
OICQP,OICQP
94G9O,94G9O
EYGHZ,EYGHZ
HSFXZ,HSFXZ
PE4KF,PE4KF
QIEDD,QIEDD
S4YS1,S4YS1
AXN6O,AXN6O
KO2JI,KO2JI
B4LYR,B4LYR
DTFZN,DTFZN
JUIFO,JUIFO
68N1I,68N1I
G1E8O,G1E8O
GLJOB,GLJOB
DMRSU,DMRSU
DAQYU,DAQYU
L51T9,L51T9
LSEBB,LSEBB
MSR09,MSR09
BD52H,BD52H
ZEQ8Q,ZEQ8Q
FIWGK,FIWGK
N89F6,N89F6
H9175,H9175
OE6EI,OE6EI
OJ78C,OJ78C
58F6F,58F6F
QZQOW,QZQOW
VK11C,VK11C
6GO1C,6GO1C
3CSLR,3CSLR
BBG7R,BBG7R
WVUQC,WVUQC
RUP0B,RUP0B
6EYZW,6EYZW
BA51K,BA51K
KYUUX,KYUUX
VKHSR,VKHSR
AX4IR,AX4IR
MD3U7,MD3U7
VFJCX,VFJCX
TH95O,TH95O
C7LQ8,C7LQ8
KZ0ZN,KZ0ZN
DGK3A,DGK3A
MVREG,MVREG
F1G1S,F1G1S
QNFWC,QNFWC
DF03T,DF03T
144FQ,144FQ
QBDSY,QBDSY
CWNWC,CWNWC
UI0SH,UI0SH
M2CP5,M2CP5
VV1G6,VV1G6
U3WJE,U3WJE
SDYDO,SDYDO
FTRKS,FTRKS
X9PCP,X9PCP
PEYIB,PEYIB
LQKTC,LQKTC
CKRH4,CKRH4
IZMWR,IZMWR
205C7,205C7
H8BYU,H8BYU
XWFUR,XWFUR
RJ8I6,RJ8I6
P39KS,P39KS
T83UO,T83UO
D1KII,D1KII
4GHIO,4GHIO
YVVFA,YVVFA
C1YWR,C1YWR
YR7IG,YR7IG
NNSUG,NNSUG
L85C6,L85C6
Q5SAM,Q5SAM
SJ3YS,SJ3YS
C6T3G,C6T3G
5UX7L,5UX7L
7ELG4,7ELG4
PECPZ,PECPZ
HDKMK,HDKMK
WA2H8,WA2H8
9CERP,9CERP
TXP31,TXP31
YIP0K,YIP0K
HN4GM,HN4GM
YNECI,YNECI
HCLDH,HCLDH
WG0WF,WG0WF
LAYL5,LAYL5
D8YQ9,D8YQ9
I7MRU,I7MRU
ODX0R,ODX0R
95H7R,95H7R
KWP3I,KWP3I
NNCMV,NNCMV
RU7CZ,RU7CZ
J55KE,J55KE
9UQGX,9UQGX
UJFLE,UJFLE
1L40Y,1L40Y
2LPQ8,2LPQ8
5CUOV,5CUOV
H2W1Y,H2W1Y
BV7HX,BV7HX
CQ1FO,CQ1FO
OKDAB,OKDAB
HPDCA,HPDCA
TOF0Z,TOF0Z
ZQFHF,ZQFHF
JXS56,JXS56
82D7U,82D7U
8OORV,8OORV
1T9ZS,1T9ZS
829AD,829AD
HSM5I,HSM5I
NET00,NET00
JS6AS,JS6AS
1VLFP,1VLFP
LFWSK,LFWSK
ISY7X,ISY7X
T3P7T,T3P7T
9CSS3,9CSS3
C50KP,C50KP
FCH5R,FCH5R
K10M6,K10M6
UWTQU,UWTQU
EJXAP,EJXAP
OW5WI,OW5WI
WRCBZ,WRCBZ
CFDRQ,CFDRQ
HORTM,HORTM
6J55M,6J55M
STPU2,STPU2
W11OJ,W11OJ
ZJ20L,ZJ20L
TBOSS,TBOSS
CDPRL,CDPRL
131YH,131YH
R4JEU,R4JEU
2GLB8,2GLB8
7KZXQ,7KZXQ
FHSL8,FHSL8
GU984,GU984
PD8ZK,PD8ZK
LHNWO,LHNWO
D38WZ,D38WZ
35WBT,35WBT
S1TH3,S1TH3
LJW9N,LJW9N
EVUP7,EVUP7
VPQWW,VPQWW
IDEIH,IDEIH
873BA,873BA
9XS3Y,9XS3Y
LELT1,LELT1
0BYAJ,0BYAJ
FAEOU,FAEOU
QJV1X,QJV1X
69QCH,69QCH
F8Z2S,F8Z2S
TC8V6,TC8V6
SEH2L,SEH2L
SUVF4,SUVF4
P8100,P8100
KY2QD,KY2QD
P6NMA,P6NMA
Y68VV,Y68VV
WZM7C,WZM7C
T2SFB,T2SFB
NSD6I,NSD6I
U5OHL,U5OHL
1ZUND,1ZUND
47WDD,47WDD
VYUN5,VYUN5
CX41H,CX41H
995OM,995OM
4D7JG,4D7JG
9SS6I,9SS6I
JVVI8,JVVI8
UEVEB,UEVEB
JX3JG,JX3JG
TPAVB,TPAVB
SSAOA,SSAOA
KYA8W,KYA8W
AC7ZA,AC7ZA
YRTCN,YRTCN
XMXGB,XMXGB
088HN,088HN
AIYM2,AIYM2
ZL82P,ZL82P
693C7,693C7
M426C,M426C
OWYQV,OWYQV
EWA0E,EWA0E
UETPH,UETPH
1GBJH,1GBJH
LNVHT,LNVHT
1ACWN,1ACWN
MDZD1,MDZD1
CE2AL,CE2AL
72RBY,72RBY
KVDDC,KVDDC
G54GJ,G54GJ
V8OFN,V8OFN
DC7S4,DC7S4
JJN8A,JJN8A
5U6LB,5U6LB
7FKWL,7FKWL
8968,08968
WJ9LK,WJ9LK
XQFGL,XQFGL
I3ZZU,I3ZZU
PMR7K,PMR7K
EXM8R,EXM8R
P6ONJ,P6ONJ
MSCE7,MSCE7
0Z1Y9,0Z1Y9
S11TB,S11TB
XV155,XV155
GRV9Z,GRV9Z
WVAQ2,WVAQ2
69VQ4,69VQ4
RDUUO,RDUUO
CEG3D,CEG3D
7VOPI,7VOPI
ANFQ2,ANFQ2
TALO5,TALO5
02E6U,02E6U
XSJIP,XSJIP
ZPOE4,ZPOE4
75NLU,75NLU
80A2V,80A2V
1TRYS,1TRYS
IZWEP,IZWEP
GYFV2,GYFV2
0RZHZ,0RZHZ
UGXUU,UGXUU
IQBCL,IQBCL
RAVRP,RAVRP
NTTAS,NTTAS
G9YEV,G9YEV
8THMY,8THMY
7B98N,7B98N
KCA6V,KCA6V
OKN9J,OKN9J
111PN,111PN
LGCXS,LGCXS
38WED,38WED
755JU,755JU
4AIU8,4AIU8
6QYSQ,6QYSQ
K66DU,K66DU
I9HZ5,I9HZ5
TIRQY,TIRQY
C62HO,C62HO
AUP0Z,AUP0Z
J6Y72,J6Y72
OL7WS,OL7WS
6PB0B,6PB0B
5KYKT,5KYKT
UCUYO,UCUYO
N5AB8,N5AB8
V47Q3,V47Q3
SI6P6,SI6P6
6D2I7,6D2I7
BVTH6,BVTH6
D4R1O,D4R1O
33WK8,33WK8
DA70C,DA70C
HA0ZA,HA0ZA
DI87H,DI87H
EG3ZV,EG3ZV
H93KU,H93KU
H9P8F,H9P8F
QDD0L,QDD0L
XEXGS,XEXGS
W7NXV,W7NXV
WQZ45,WQZ45
FECY1,FECY1
2G3QS,2G3QS
FTP34,FTP34
Y7WJR,Y7WJR
ACXK4,ACXK4
FF0D5,FF0D5
L1VQ5,L1VQ5
NBD9Z,NBD9Z
IDBPC,IDBPC
ZJ7IU,ZJ7IU
Y08AE,Y08AE
12KZN,12KZN
5NDU4,5NDU4
NTG61,NTG61
I69UU,I69UU
9LTZ5,9LTZ5
LZFEO,LZFEO
V4NYB,V4NYB
06LZ8,06LZ8
VGQJ6,VGQJ6
RD9XQ,RD9XQ
5LOHP,5LOHP
GYNC1,GYNC1
T3B4B,T3B4B
D3RHP,D3RHP
31J1B,31J1B
089FM,089FM
PXBR7,PXBR7
WWROZ,WWROZ
X4OFL,X4OFL
1NNR1,1NNR1
X22W3,X22W3
CU14W,CU14W
LBU8X,LBU8X
KCQ4O,KCQ4O
ZPR8M,ZPR8M
IJXDN,IJXDN
F93LL,F93LL
L30CR,L30CR
81CU8,81CU8
9JI3E,9JI3E
7GH06,7GH06
DN313,DN313
IMYU3,IMYU3
K670Q,K670Q
T54A2,T54A2
83L8A,83L8A
76EHP,76EHP
J428A,J428A
I2GRE,I2GRE
8K2TH,8K2TH
9ZE7T,9ZE7T
QVD74,QVD74
Q3F4Z,Q3F4Z
MHFZZ,MHFZZ
1ULY1,1ULY1
G64M3,G64M3
0KUH7,0KUH7
MG4XT,MG4XT
24HZL,24HZL
AU040,AU040
B8KF8,B8KF8
AUW9G,AUW9G
OM2FR,OM2FR
PJ3C4,PJ3C4
B1M9U,B1M9U
3D1P5,3D1P5
TGC0Q,TGC0Q
CC6MX,CC6MX
1K9E1,1K9E1
AD6LL,AD6LL
B2VDV,B2VDV
1PULI,1PULI
2X87O,2X87O
EP61X,EP61X
QCUNO,QCUNO
F0YXZ,F0YXZ
SR79Q,SR79Q
P29IR,P29IR
SJUUB,SJUUB
L9AFX,L9AFX
R5XW0,R5XW0
7YJZ5,7YJZ5
N2BNL,N2BNL
2FJZ1,2FJZ1
GKS3X,GKS3X
5QVOX,5QVOX
WINWD,WINWD
VOC9N,VOC9N
B5NFJ,B5NFJ
7N9JV,7N9JV
7HZ7J,7HZ7J
X7NF7,X7NF7
CCIAS,CCIAS
NII9F,NII9F
7P30A,7P30A
DL59W,DL59W
TILDH,TILDH
OQQKO,OQQKO
UYA1G,UYA1G
NLGXV,NLGXV
QNCMP,QNCMP
XHBE9,XHBE9
HOALZ,HOALZ
SKVYV,SKVYV
W7WYX,W7WYX
WPRA4,WPRA4
G88HC,G88HC
DG3S2,DG3S2
5OBVK,5OBVK
RPGSU,RPGSU
QUKY7,QUKY7
6ERYJ,6ERYJ
NN2SV,NN2SV
KRUCE,KRUCE
HOGIC,HOGIC
C8O6O,C8O6O
QY4QA,QY4QA
33GIB,33GIB
KUB1O,KUB1O
DM2AZ,DM2AZ
4BHQ1,4BHQ1
OEQY2,OEQY2
G7JOD,G7JOD
1K84T,1K84T
SO75L,SO75L
QJZU0,QJZU0
YLUM3,YLUM3
NUUU5,NUUU5
GSVI3,GSVI3
KVCQW,KVCQW
WVKP2,WVKP2
CKTQE,CKTQE
PB8EK,PB8EK
NZP01,NZP01
FGWGX,FGWGX
JBW33,JBW33
GFC1C,GFC1C
6IAGV,6IAGV
4KU4Q,4KU4Q
1EJPO,1EJPO
TWV7C,TWV7C
FTHFX,FTHFX
376TN,376TN
PNWRK,PNWRK
U9LYN,U9LYN
DS75I,DS75I
WPJ5X,WPJ5X
4LB6O,4LB6O
BNPYD,BNPYD
VRGEC,VRGEC
10UUU,10UUU
VKOXE,VKOXE
KYGS2,KYGS2
TON8C,TON8C
WP6VO,WP6VO
ZXXOF,ZXXOF
EGPAH,EGPAH
45ADV,45ADV
TOQLS,TOQLS
SGOBB,SGOBB
55UNZ,55UNZ
1S9BA,1S9BA
CP9L5,CP9L5
P9TIW,P9TIW
5MM2L,5MM2L
XXC5T,XXC5T
6MAG9,6MAG9
Y0DXA,Y0DXA
E6I71,E6I71
QTZAF,QTZAF
G9HYJ,G9HYJ
J762Z,J762Z
GUAC4,GUAC4
8SV3T,8SV3T
JK59Z,JK59Z
NWR83,NWR83
ZTYXH,ZTYXH
86PLL,86PLL
DG9KE,DG9KE
U9T8V,U9T8V
6F9I1,6F9I1
551LC,551LC
FA0OG,FA0OG
PCF68,PCF68
TGDTE,TGDTE
041LS,041LS
ZBWZ1,ZBWZ1
V1S0Q,V1S0Q
5W835,5W835
1B1DL,1B1DL
ULA8E,ULA8E
2TM2G,2TM2G
RY4P8,RY4P8
C3IXD,C3IXD
0CETK,0CETK
D94CQ,D94CQ
UAF3K,UAF3K
MGU8I,MGU8I
634ZL,634ZL
ZTJ3N,ZTJ3N
RCCP8,RCCP8
PR2PN,PR2PN
POMHK,POMHK
FSHB7,FSHB7
5DWON,5DWON
GTOXU,GTOXU
YT3Z8,YT3Z8
BD0I4,BD0I4
HFYKT,HFYKT
X5WDG,X5WDG
GM5EX,GM5EX
RNNW4,RNNW4
I9NIL,I9NIL
4FLMU,4FLMU
24PCA,24PCA
3BKU6,3BKU6
U5BOF,U5BOF
3WBKG,3WBKG
B6U14,B6U14
EID4K,EID4K
U9HXH,U9HXH
536VL,536VL
5F1CK,5F1CK
P6WIV,P6WIV
TRQ6W,TRQ6W
SDQUU,SDQUU
PZWQT,PZWQT
M2MY4,M2MY4
SMEPW,SMEPW
76W7F,76W7F
QYSCF,QYSCF
9KH7V,9KH7V
PZZ1X,PZZ1X
5U1GX,5U1GX
2WICC,2WICC
B1J55,B1J55
5Q9CZ,5Q9CZ
Z2H6Y,Z2H6Y
5Q029,5Q029
ZY8WI,ZY8WI
XG6CP,XG6CP
7Z8EO,7Z8EO
UBDW4,UBDW4
BGO8U,BGO8U
82BF4,82BF4
4C6W5,4C6W5
XULSK,XULSK
0IQ2A,0IQ2A
BAYZF,BAYZF
J3AAA,J3AAA
GYCU6,GYCU6
QSRC2,QSRC2
NCFGS,NCFGS
BVWMA,BVWMA
9T12L,9T12L
2IHM3,2IHM3
AMDOX,AMDOX
DXLTU,DXLTU
Q3TGN,Q3TGN
H369P,H369P
YJ7RV,YJ7RV
KUMRI,KUMRI
U9ZJL,U9ZJL
RO5CH,RO5CH
WTTRE,WTTRE
LHOOT,LHOOT
KO1O7,KO1O7
62TAZ,62TAZ
W9GQP,W9GQP
8GFFO,8GFFO
I76RA,I76RA
PX011,PX011
AJTN9,AJTN9
88JQ2,88JQ2
YBG2W,YBG2W
F6UIH,F6UIH
2CIFQ,2CIFQ
YVPL2,YVPL2
FLJHI,FLJHI
W8ODN,W8ODN
Z4PB9,Z4PB9
36U5H,36U5H
YU42V,YU42V
SGJ78,SGJ78
KWQM0,KWQM0
SLI9S,SLI9S
8KA9K,8KA9K
IORCH,IORCH
F3O6L,F3O6L
0SAMH,0SAMH
7S4P3,7S4P3
GTO6S,GTO6S
HATL7,HATL7
ROH95,ROH95
KVBVH,KVBVH
CTD57,CTD57
GYBS1,GYBS1
U375M,U375M
XSYIY,XSYIY
HJN2P,HJN2P
GWVG8,GWVG8
5JJVU,5JJVU
SGOMT,SGOMT
3MBRQ,3MBRQ
IWP36,IWP36
WUMWF,WUMWF
2R9ZB,2R9ZB
1ZSBH,1ZSBH
XPUG4,XPUG4
J2I4A,J2I4A
PYLWN,PYLWN
8SLBZ,8SLBZ
JWSOC,JWSOC
VY4W6,VY4W6
97WPB,97WPB
ARAOB,ARAOB
L5ZZW,L5ZZW
975ZY,975ZY
5M7IF,5M7IF
LH0U0,LH0U0
CHB5N,CHB5N
DO657,DO657
UQNZ4,UQNZ4
N77P7,N77P7
OWHUD,OWHUD
NP6A3,NP6A3
VID1X,VID1X
MMIID,MMIID
DFXH6,DFXH6
UWK7Q,UWK7Q
ZNQIY,ZNQIY
A7R9R,A7R9R
UAQVI,UAQVI
U0PIU,U0PIU
NQM5W,NQM5W
C17DZ,C17DZ
YDEHH,YDEHH
LA938,LA938
6TR0W,6TR0W
8LNVR,8LNVR
0N1NA,0N1NA
G536V,G536V
A4E3D,A4E3D
SDD4F,SDD4F
3Y5FT,3Y5FT
4S838,4S838
BVQN0,BVQN0
3MZIN,3MZIN
CA9ZB,CA9ZB
R5LQ8,R5LQ8
5KYFH,5KYFH
GPPJ6,GPPJ6
3YVFX,3YVFX
WDD5W,WDD5W
41XWJ,41XWJ
63MUZ,63MUZ
YV4UZ,YV4UZ
A3X5Y,A3X5Y
2BH2R,2BH2R
6YELM,6YELM
KQ1GS,KQ1GS
7HBDN,7HBDN
3OH3D,3OH3D
AQQ7Q,AQQ7Q
MCYDK,MCYDK
2Q464,2Q464
GRZNV,GRZNV
37UKO,37UKO
0RTES,0RTES
IZ4YJ,IZ4YJ
4Z5FY,4Z5FY
YAZWE,YAZWE
BC3L8,BC3L8
OXMVQ,OXMVQ
L9LYB,L9LYB
18HM0,18HM0
MS8PE,MS8PE
SCTRN,SCTRN
MSTLK,MSTLK
LNBE3,LNBE3
SUFJC,SUFJC
PIUKC,PIUKC
1HVL9,1HVL9
P61FM,P61FM
0HZ2R,0HZ2R
F46N5,F46N5
367G7,367G7
TV2TW,TV2TW
W7HXI,W7HXI
AYN29,AYN29
M4PD4,M4PD4
2WXEY,2WXEY
7M3C0,7M3C0
N7WZW,N7WZW
2B49Q,2B49Q
PSPDU,PSPDU
WCLY5,WCLY5
Q1WUP,Q1WUP
TH6MZ,TH6MZ
J0WQZ,J0WQZ
QYHH4,QYHH4
5I641,5I641
EI2G1,EI2G1
T8KG2,T8KG2
HSQ9C,HSQ9C
M31M9,M31M9
EBJIX,EBJIX
RE2GM,RE2GM
6LBQL,6LBQL
ZYEF6,ZYEF6
GLD3V,GLD3V
FV223,FV223
HVMPU,HVMPU
U73S9,U73S9
Z6FHZ,Z6FHZ
6W321,6W321
OBQ67,OBQ67
I3866,I3866
821ZS,821ZS
JH2P0,JH2P0
PQZYE,PQZYE
1IPGM,1IPGM
6I67N,6I67N
DYKFF,DYKFF
7SME2,7SME2
KT2B2,KT2B2
FKK6S,FKK6S
EDHTN,EDHTN
LWYA9,LWYA9
WWC2K,WWC2K
TB5CS,TB5CS
R0CXW,R0CXW
802KR,802KR
2U08Y,2U08Y
2YBK5,2YBK5
RUPIQ,RUPIQ
HH2WR,HH2WR
ENZHV,ENZHV
CJHXM,CJHXM
2QY9F,2QY9F
RKRS3,RKRS3
4L5EK,4L5EK
GUTXF,GUTXF
5JHGR,5JHGR
NZKDV,NZKDV
EI04F,EI04F
0KJ53,0KJ53
EC370,EC370
3HNHF,3HNHF
COZON,COZON
QD0GB,QD0GB
CJPYA,CJPYA
XCPJJ,XCPJJ
TE36G,TE36G
SBZNP,SBZNP
NFBJ9,NFBJ9
S0HYO,S0HYO
0WG3X,0WG3X
IYHB9,IYHB9
ZRS25,ZRS25
MO6C1,MO6C1
YLG3P,YLG3P
OJXEK,OJXEK
1ERL3,1ERL3
JYDK8,JYDK8
0VCHW,0VCHW
9OV4T,9OV4T
ZIMEG,ZIMEG
NTY8O,NTY8O
COLIX,COLIX
10L3P,10L3P
EAZHW,EAZHW
IZNBG,IZNBG
1LV0J,1LV0J
WJ8RW,WJ8RW
ZTW4J,ZTW4J
UNAFS,UNAFS
LODLL,LODLL
U2BCJ,U2BCJ
W4MBX,W4MBX
G83XM,G83XM
SDUTI,SDUTI
JZZMB,JZZMB
HAQTP,HAQTP
VM7JL,VM7JL
2Y8BK,2Y8BK
JZ3OA,JZ3OA
7U6YS,7U6YS
WRYOF,WRYOF
MKHD8,MKHD8
SIF1E,SIF1E
5ZK6J,5ZK6J
I4BS9,I4BS9
9YUDG,9YUDG
9RS0B,9RS0B
Z57QD,Z57QD
V9WKL,V9WKL
VGBF6,VGBF6
NS4WD,NS4WD
7J977,7J977
I1WS5,I1WS5
4V6V4,4V6V4
TZESS,TZESS
H6AUI,H6AUI
OHRW0,OHRW0
MA21T,MA21T
F8H35,F8H35
ZZL5J,ZZL5J
8E2T7,8E2T7
APMVZ,APMVZ
LYKCD,LYKCD
02LES,02LES
XHZGL,XHZGL
UAH1X,UAH1X
BTSK8,BTSK8
NNCL3,NNCL3
UPITD,UPITD
A33B0,A33B0
TEP5Y,TEP5Y
OPZ5Q,OPZ5Q
C2Y7A,C2Y7A
3F017,3F017
K02KK,K02KK
NDFE5,NDFE5
IQ43R,IQ43R
B77C3,B77C3
YPBWF,YPBWF
F2LZK,F2LZK
OG7W7,OG7W7
PV216,PV216
2L3CZ,2L3CZ
LGJU4,LGJU4
0JFC2,0JFC2
SWYR3,SWYR3
0U1SC,0U1SC
R1B1P,R1B1P
JPXCL,JPXCL
FP3US,FP3US
8DMAU,8DMAU
YM45B,YM45B
RG31T,RG31T
AFYY8,AFYY8
3SRMQ,3SRMQ
IWYQF,IWYQF
MNNUA,MNNUA
CVSTU,CVSTU
XPWEH,XPWEH
OSSX1,OSSX1
W0NUG,W0NUG
OW6PY,OW6PY
8LNSX,8LNSX
X9LLK,X9LLK
K49QZ,K49QZ
F9J81,F9J81
1R1W6,1R1W6
WHTNR,WHTNR
0BUOT,0BUOT
A6R08,A6R08
XF793,XF793
HXOFR,HXOFR
8P1AG,8P1AG
MXAP1,MXAP1
08GVY,08GVY
3PHG6,3PHG6
FZ1FE,FZ1FE
9X749,9X749
ADJSV,ADJSV
KWB0C,KWB0C
Y58VP,Y58VP
032TJ,032TJ
TGI6M,TGI6M
5H4JF,5H4JF
1A2VX,1A2VX
DEQGB,DEQGB
OJYLK,OJYLK
OMZQO,OMZQO
CLLSA,CLLSA
6VC48,6VC48
YWEO2,YWEO2
4WTHS,4WTHS
GCBI0,GCBI0
XF3VX,XF3VX
GBXHL,GBXHL
GF5V1,GF5V1
45Q4I,45Q4I
PHHN2,PHHN2
SN9V2,SN9V2
6RH9O,6RH9O
F3YEU,F3YEU
7BKEL,7BKEL
YFCZT,YFCZT
UPT5V,UPT5V
DA2P0,DA2P0
A851F,A851F
P9VFV,P9VFV
CMWDF,CMWDF
I63AM,I63AM
N8DWI,N8DWI
QDR12,QDR12
8SLCZ,8SLCZ
JF4FE,JF4FE
21SXL,21SXL
M2W5R,M2W5R
7VA0V,7VA0V
PRJ93,PRJ93
V9D48,V9D48
SXJA1,SXJA1
AJAN4,AJAN4
1092L,1092L
66NTE,66NTE
RB8RS,RB8RS
6W2UB,6W2UB
D8LM0,D8LM0
KTKNY,KTKNY
CQ3H7,CQ3H7
D192D,D192D
M8H98,M8H98
3US9M,3US9M
JDANW,JDANW
FXQFI,FXQFI
TBIQE,TBIQE
4V4H1,4V4H1
XDAGO,XDAGO
EDSDT,EDSDT
Y4576,Y4576
9CY2X,9CY2X
BOIU8,BOIU8
PYHCR,PYHCR
7ASAO,7ASAO
QZ7E8,QZ7E8
N4C8S,N4C8S
9DGNN,9DGNN
MVZK4,MVZK4
YBXCJ,YBXCJ
DQ7X2,DQ7X2
0M20M,0M20M
J2R5C,J2R5C
PRT5X,PRT5X
5E7EW,5E7EW
BLV99,BLV99
1A5YI,1A5YI
01II9,01II9
BC0I1,BC0I1
2A0IY,2A0IY
VPNWT,VPNWT
R7JR8,R7JR8
Q7E4R,Q7E4R
U483R,U483R
HRJBS,HRJBS
QFR7B,QFR7B
XBJDU,XBJDU
OY8DY,OY8DY
61JHT,61JHT
CTZTO,CTZTO
4VMW2,4VMW2
E9MSL,E9MSL
FTSRJ,FTSRJ
6VS5W,6VS5W
L61MF,L61MF
HF8LC,HF8LC
JBK54,JBK54
9S0Z3,9S0Z3
4Q3B0,4Q3B0
S5ZHE,S5ZHE
0KOTG,0KOTG
GNUQ5,GNUQ5
NSIQI,NSIQI
48FOT,48FOT
NE3T1,NE3T1
B60N0,B60N0
32J7O,32J7O
TWF7O,TWF7O
2GODJ,2GODJ
TX87H,TX87H
9HLQT,9HLQT
1H3R8,1H3R8
Q46KT,Q46KT
STSBO,STSBO
PWKRD,PWKRD
TVY5C,TVY5C
6VFSG,6VFSG
ZYHGH,ZYHGH
ESD52,ESD52
4WSZC,4WSZC
QO4YB,QO4YB
7S6FG,7S6FG
ZONZP,ZONZP
T3CYD,T3CYD
6GSHH,6GSHH
TLTQD,TLTQD
C68JC,C68JC
IY12S,IY12S
HR3GS,HR3GS
ST16N,ST16N
0QPR2,0QPR2
5XJ01,5XJ01
R8WM0,R8WM0
252FD,252FD
4ID4J,4ID4J
XWOQA,XWOQA
NE4VT,NE4VT
AZP3J,AZP3J
W9339,W9339
DYBKH,DYBKH
P7OYT,P7OYT
F6AMM,F6AMM
QNWPI,QNWPI
RKPSM,RKPSM
4KSXR,4KSXR
SVCSG,SVCSG
TPKA9,TPKA9
CSBUZ,CSBUZ
U0W87,U0W87
WIDKA,WIDKA
FWTKK,FWTKK
U93Y1,U93Y1
BLBQ7,BLBQ7
ARHPZ,ARHPZ
S1BDH,S1BDH
GIWL7,GIWL7
7R1MU,7R1MU
6TZB1,6TZB1
BJQ8Y,BJQ8Y
U7MXY,U7MXY
7LT6I,7LT6I
6MSZH,6MSZH
4RGHZ,4RGHZ
C3P8O,C3P8O
DQKVP,DQKVP
6NZSH,6NZSH
SXQ87,SXQ87
AWJRX,AWJRX
QKOM4,QKOM4
R61OG,R61OG
6R0EV,6R0EV
K0776,K0776
51RLE,51RLE
R1SLI,R1SLI
EKGRL,EKGRL
JZ129,JZ129
9S4WP,9S4WP
FV3HJ,FV3HJ
2JNY7,2JNY7
BHGZH,BHGZH
BWHXR,BWHXR
WPAMZ,WPAMZ
8MDB5,8MDB5
PXV7N,PXV7N
3EU1C,3EU1C
4DOTQ,4DOTQ
PAK1W,PAK1W
RQVWQ,RQVWQ
2S1ZX,2S1ZX
BZ0PD,BZ0PD
IYH7L,IYH7L
ECBIJ,ECBIJ
SOUTE,SOUTE
WGC6E,WGC6E
I2DP5,I2DP5
V58H9,V58H9
BOMC3,BOMC3
Y55TJ,Y55TJ
2QFNG,2QFNG
IN82J,IN82J
V2SVD,V2SVD
SBS64,SBS64
7TOY5,7TOY5
WQUTM,WQUTM
MSIKT,MSIKT
2JQJU,2JQJU
KNM2R,KNM2R
7IZEU,7IZEU
XKV1X,XKV1X
UVWAF,UVWAF
DGCD2,DGCD2
NB2DK,NB2DK
ONFE3,ONFE3
H8TJW,H8TJW
AJKAG,AJKAG
EOYSI,EOYSI
2O2CF,2O2CF
LF202,LF202
IWN73,IWN73
TFG1M,TFG1M
4TT0F,4TT0F
EB9SX,EB9SX
85Q7J,85Q7J
0DBAR,0DBAR
SPLBQ,SPLBQ
8RJ11,8RJ11
9T2H3,9T2H3
5TENJ,5TENJ
UAEC9,UAEC9
4NFR3,4NFR3
0RRRG,0RRRG
Q1O38,Q1O38
GS14P,GS14P
SVFMW,SVFMW
GLB9U,GLB9U
Q12B8,Q12B8
66FM0,66FM0
CG3NQ,CG3NQ
899TY,899TY
UU87S,UU87S
U0JF8,U0JF8
QSRPP,QSRPP
62STK,62STK
OQ8AT,OQ8AT
9EV6U,9EV6U
E6SHD,E6SHD
3CO5I,3CO5I
ELJDG,ELJDG
UMG1J,UMG1J
56O30,56O30
DCK2N,DCK2N
M8YBD,M8YBD
Y7N4C,Y7N4C
9TVK1,9TVK1
SZWZO,SZWZO
PXKB7,PXKB7
AB5MJ,AB5MJ
HMQQQ,HMQQQ
11DKH,11DKH
4NSTE,4NSTE
5HMVN,5HMVN
JIVL0,JIVL0
XQBZ5,XQBZ5
SJVFE,SJVFE
5QNPB,5QNPB
YHNIJ,YHNIJ
81XZM,81XZM
XSUSE,XSUSE
NUWOP,NUWOP
BRBGZ,BRBGZ
X2E8C,X2E8C
4IZMB,4IZMB
3XLD0,3XLD0
CGVFY,CGVFY
8UNTV,8UNTV
47F3M,47F3M
BHMCP,BHMCP
QWU5A,QWU5A
FA574,FA574
2O8IW,2O8IW
9FOX4,9FOX4
RUYH9,RUYH9
QMUGF,QMUGF
CNAJU,CNAJU
2E90Q,2E90Q
BVCIU,BVCIU
V4FSY,V4FSY
UG5VS,UG5VS
POKP7,POKP7
MHCSH,MHCSH
EADH0,EADH0
2YRI9,2YRI9
S4950,S4950
I5X7A,I5X7A
CH0O0,CH0O0
9DILS,9DILS
PS9RP,PS9RP
U99YT,U99YT
H5SW1,H5SW1
HEDQG,HEDQG
A6RCR,A6RCR
298Y7,298Y7
8QJ9F,8QJ9F
KCXFD,KCXFD
OKR27,OKR27
NFE0I,NFE0I
Y14BN,Y14BN
6HB08,6HB08
07PNZ,07PNZ
RWZIJ,RWZIJ
OAVTR,OAVTR
4VNQV,4VNQV
RJ27K,RJ27K
FNSKA,FNSKA
JW7H7,JW7H7
PFU5A,PFU5A
7UX9G,7UX9G
LNZ03,LNZ03
299C8,299C8
UEWL3,UEWL3
BHEZB,BHEZB
560QQ,560QQ
830XB,830XB
K65CQ,K65CQ
3UD3I,3UD3I
NOTPX,NOTPX
9I5AL,9I5AL
A4VTY,A4VTY
C3AOE,C3AOE
2A2B1,2A2B1
SLLZ5,SLLZ5
M0GSX,M0GSX
RJ6LF,RJ6LF
CH9QE,CH9QE
6PEFC,6PEFC
NXKVW,NXKVW
U8FUC,U8FUC
UCPNJ,UCPNJ
9JZ3K,9JZ3K
QU6WA,QU6WA
06ESM,06ESM
74OAH,74OAH
HM4R5,HM4R5
VFVYZ,VFVYZ
CA1UU,CA1UU
8S9NQ,8S9NQ
IBR1Y,IBR1Y
5PVHX,5PVHX
GOLAR,GOLAR
HDPBZ,HDPBZ
2DHF4,2DHF4
X0Z7H,X0Z7H
T6LX5,T6LX5
4ZM1H,4ZM1H
S4PX6,S4PX6
CUQAS,CUQAS
LGRSV,LGRSV
Z56A9,Z56A9
OVRJO,OVRJO
RRQ40,RRQ40
7ZAKA,7ZAKA
9ISO7,9ISO7
QRWJC,QRWJC
JXQBV,JXQBV
LN5L7,LN5L7
RCN56,RCN56
M8F9W,M8F9W
XGJF0,XGJF0
DZ82C,DZ82C
GM8PD,GM8PD
43WVK,43WVK
HBZ3R,HBZ3R
7J19I,7J19I
PHHM1,PHHM1
8MVIT,8MVIT
53TTE,53TTE
BKCU4,BKCU4
Y7XDH,Y7XDH
EU64M,EU64M
17Q06,17Q06
DT8MK,DT8MK
UH6UJ,UH6UJ
E6RJU,E6RJU
B9GFS,B9GFS
XHI07,XHI07
JTGXF,JTGXF
HA0S2,HA0S2
FA0Q3,FA0Q3
1A0H3,1A0H3
WETR4,WETR4
PH31R,PH31R
J5H8F,J5H8F
486EF,486EF
AW0B2,AW0B2
090ZJ,090ZJ
CNA5J,CNA5J
ULTN6,ULTN6
M9ZM1,M9ZM1
EIPZF,EIPZF
H1H0M,H1H0M
6MFU1,6MFU1
FWE9E,FWE9E
J4ZSJ,J4ZSJ
XXXS4,XXXS4
S8EHJ,S8EHJ
4YROS,4YROS
6PC7Y,6PC7Y
2W9UM,2W9UM
2NNR9,2NNR9
4MLZY,4MLZY
PEE1L,PEE1L
U5S8Z,U5S8Z
ZPCI0,ZPCI0
HG98U,HG98U
689Q7,689Q7
8A1ZZ,8A1ZZ
OOLO4,OOLO4
XP9YP,XP9YP
16MPR,16MPR
Z4FPW,Z4FPW
0HA1O,0HA1O
ZG8ES,ZG8ES
O2JOH,O2JOH
UK5ZU,UK5ZU
M6Q0P,M6Q0P
AXZYH,AXZYH
VZ61B,VZ61B
PIV67,PIV67
I47RI,I47RI
P3SM7,P3SM7
OQ9GK,OQ9GK
BK3ML,BK3ML
VMZKI,VMZKI
PTQNJ,PTQNJ
HAV18,HAV18
RBHUE,RBHUE
QDQGB,QDQGB
ZIGIT,ZIGIT
JN9DE,JN9DE
826H4,826H4
S4SXQ,S4SXQ
7VVFF,7VVFF
FY3LU,FY3LU
2P34L,2P34L
8MX47,8MX47
XD5FL,XD5FL
0NXAS,0NXAS
NWNOH,NWNOH
H18QR,H18QR
ZPXZE,ZPXZE
ZNB3T,ZNB3T
GYFMI,GYFMI
R2PEX,R2PEX
46B6P,46B6P
FCZKS,FCZKS
BT5A1,BT5A1
5SN5J,5SN5J
3P70P,3P70P
XVB1T,XVB1T
XG8X5,XG8X5
54VK6,54VK6
2HFA5,2HFA5
MENKH,MENKH
55HQ0,55HQ0
UCI98,UCI98
IB359,IB359
AN8Y7,AN8Y7
1D200,1D200
58OSZ,58OSZ
1OYU0,1OYU0
4J9W6,4J9W6
UAVGZ,UAVGZ
28DRO,28DRO
RO4VI,RO4VI
57JDL,57JDL
FP8LA,FP8LA
XI8JV,XI8JV
5EIUF,5EIUF
NXCBD,NXCBD
8CDR5,8CDR5
3G9LY,3G9LY
Z7O2W,Z7O2W
E0IAM,E0IAM
GTO8H,GTO8H
B0FVL,B0FVL
261P8,261P8
FYJB1,FYJB1
Z3PVW,Z3PVW
MAZ32,MAZ32
UX1VQ,UX1VQ
RJPUG,RJPUG
O6UOM,O6UOM
HPZ1H,HPZ1H
IMZA8,IMZA8
302P9,302P9
SOFGY,SOFGY
M3HFT,M3HFT
J4OXY,J4OXY
5V68W,5V68W
NPCVU,NPCVU
UHQAB,UHQAB
7HDA1,7HDA1
VCV8V,VCV8V
6N7IS,6N7IS
ZKAIO,ZKAIO
LIHPS,LIHPS
IZDXR,IZDXR
R8T6R,R8T6R
JH6BG,JH6BG
HBKGS,HBKGS
NE4RB,NE4RB
6Y0XA,6Y0XA
T390I,T390I
S4JHL,S4JHL
I958F,I958F
T2ESR,T2ESR
OKOYE,OKOYE
OAADH,OAADH
34UOX,34UOX
PC9HA,PC9HA
M7G71,M7G71
U1YCP,U1YCP
622JS,622JS
MC9HW,MC9HW
MG8P3,MG8P3
3Y5R1,3Y5R1
J0V70,J0V70
1I7ON,1I7ON
9WQEF,9WQEF
J83QY,J83QY
LIZPH,LIZPH
LJYEE,LJYEE
UR341,UR341
HMV20,HMV20
3IFDL,3IFDL
U2LDZ,U2LDZ
3HA05,3HA05
DMRIH,DMRIH
PBIEA,PBIEA
A2R0A,A2R0A
ET9QX,ET9QX
T1AFQ,T1AFQ
M5292,M5292
NMOY9,NMOY9
DVD48,DVD48
9PO4J,9PO4J
QWTFO,QWTFO
BX20U,BX20U
ALXKL,ALXKL
KO8VD,KO8VD
CJ990,CJ990
RM4S9,RM4S9
2ELW0,2ELW0
ISF1X,ISF1X
CYK97,CYK97
R7Q6N,R7Q6N
TX1OE,TX1OE
0TBJG,0TBJG
JPK5U,JPK5U
Y9DU7,Y9DU7
LU277,LU277
U3JP4,U3JP4
GR67B,GR67B
540TT,540TT
ZQFKM,ZQFKM
M0Z9T,M0Z9T
3YJ7J,3YJ7J
FNXDS,FNXDS
S1W62,S1W62
JWYRC,JWYRC
H8LTD,H8LTD
15YIL,15YIL
1DI4S,1DI4S
YRZ1F,YRZ1F
NBO63,NBO63
I1IRR,I1IRR
VY9GV,VY9GV
7BNBG,7BNBG
IOHIY,IOHIY
FIN9K,FIN9K
MAXAG,MAXAG
97ZEU,97ZEU
FWNYT,FWNYT
CR0EL,CR0EL
YOB8N,YOB8N
PQRVE,PQRVE
N8AUV,N8AUV
KVVCF,KVVCF
6YXJY,6YXJY
8R38V,8R38V
7DPEI,7DPEI
G44SG,G44SG
QUGL7,QUGL7
OBFRT,OBFRT
HRNQO,HRNQO
664YX,664YX
T5EGM,T5EGM
8GYV0,8GYV0
BV3EI,BV3EI
B7NM8,B7NM8
DLUT1,DLUT1
NGKWI,NGKWI
PRXAK,PRXAK
F35SI,F35SI
2S2IC,2S2IC
OOTPG,OOTPG
VWZQS,VWZQS
22EUP,22EUP
3FHLL,3FHLL
2PHZM,2PHZM
QAAGT,QAAGT
OD3CY,OD3CY
V69ZK,V69ZK
YZJZU,YZJZU
Q2CMA,Q2CMA
4W85N,4W85N
34LVZ,34LVZ
RC5D4,RC5D4
RA0LH,RA0LH
DJLH5,DJLH5
NSMGS,NSMGS
6225L,6225L
1DA1L,1DA1L
3GIEU,3GIEU
2A7FQ,2A7FQ
457T6,457T6
HC9SI,HC9SI
VV7EG,VV7EG
A52UD,A52UD
TGBWZ,TGBWZ
A7G4F,A7G4F
2R7KG,2R7KG
28L3P,28L3P
03AI1,03AI1
E0H47,E0H47
1IH81,1IH81
86JJ1,86JJ1
TN3XY,TN3XY
T37OY,T37OY
Q9ID8,Q9ID8
J70VN,J70VN
WT2A0,WT2A0
RTIJ0,RTIJ0
AFPEL,AFPEL
X4S30,X4S30
WNUZL,WNUZL
2IWH9,2IWH9
926F1,926F1
RLAKT,RLAKT
EP2O5,EP2O5
06VUG,06VUG
RI1VQ,RI1VQ
AA5B7,AA5B7
5TRA7,5TRA7
5DSPM,5DSPM
IB185,IB185
PLYQ0,PLYQ0
YXHLW,YXHLW
RUX8E,RUX8E
TME8N,TME8N
7L22M,7L22M
XST41,XST41
7V599,7V599
6JMVY,6JMVY
7W7G5,7W7G5
SGUED,SGUED
O4YM9,O4YM9
3G7PK,3G7PK
ZAVVK,ZAVVK
OTJRG,OTJRG
7IP0T,7IP0T
WNI74,WNI74
WKZ1Q,WKZ1Q
YKG12,YKG12
P88S2,P88S2
2T8CT,2T8CT
0OJQW,0OJQW
NN8BJ,NN8BJ
LZ49G,LZ49G
BLZBA,BLZBA
0Q480,0Q480
J7K7X,J7K7X
3MLUC,3MLUC
1M5AM,1M5AM
5IOXO,5IOXO
I9DMY,I9DMY
PACMY,PACMY
BYSUW,BYSUW
LVS52,LVS52
PXBY5,PXBY5
XVZ62,XVZ62
3Q4RY,3Q4RY
3I8EQ,3I8EQ
ZFTHW,ZFTHW
2ZLSF,2ZLSF
H8E2F,H8E2F
2RRAU,2RRAU
G3KEP,G3KEP
2WR5L,2WR5L
O6XQR,O6XQR
DYPID,DYPID
9WKUK,9WKUK
83YY6,83YY6
C41XO,C41XO
ZW0OG,ZW0OG
KW4XF,KW4XF
7SL3I,7SL3I
0J1RI,0J1RI
8J4AU,8J4AU
4I7M9,4I7M9
LTRCB,LTRCB
I6I35,I6I35
0Z7Z5,0Z7Z5
XNNAV,XNNAV
M0P7C,M0P7C
T00V3,T00V3
KIDAR,KIDAR
ZOQUO,ZOQUO
TG5R7,TG5R7
9URTF,9URTF
I74M7,I74M7
0EM8F,0EM8F
BS4L9,BS4L9
TUHXI,TUHXI
QCTVA,QCTVA
W2GSI,W2GSI
PCI9D,PCI9D
T533M,T533M
8X84W,8X84W
UA42H,UA42H
5MMOL,5MMOL
PIAYJ,PIAYJ
RPI7V,RPI7V
L9NS9,L9NS9
U6PQS,U6PQS
K7PQ9,K7PQ9
V8MUB,V8MUB
E5ICL,E5ICL
9M8BU,9M8BU
9Z65S,9Z65S
B50TC,B50TC
92X8W,92X8W
ONE8V,ONE8V
NXCDD,NXCDD
7P2JJ,7P2JJ
BBAF5,BBAF5
QKV2T,QKV2T
BRN8V,BRN8V
LTJCN,LTJCN
BN3EF,BN3EF
TNK9Y,TNK9Y
W2PS5,W2PS5
PT43X,PT43X
GJWJ7,GJWJ7
ZH6NO,ZH6NO
TWTP4,TWTP4
W80QY,W80QY
6Q9NB,6Q9NB
FFT2A,FFT2A
ZKFSA,ZKFSA
Y8VVA,Y8VVA
O8TH9,O8TH9
9DB1J,9DB1J
VS0AV,VS0AV
8762Y,8762Y
P0V5E,P0V5E
MTHRZ,MTHRZ
KDG3C,KDG3C
HYFG1,HYFG1
B8YSG,B8YSG
WRJMO,WRJMO
BK8IL,BK8IL
UX041,UX041
UUDH2,UUDH2
VHPV7,VHPV7
K8MJM,K8MJM
6Q3L3,6Q3L3
P44VQ,P44VQ
VZMH9,VZMH9
BEEGP,BEEGP
BZ3YO,BZ3YO
Q7ROL,Q7ROL
WIXOU,WIXOU
TZ9R4,TZ9R4
DVIMZ,DVIMZ
JDMJY,JDMJY
GPS7M,GPS7M
AIW7M,AIW7M
VYJAW,VYJAW
JL43N,JL43N
BOBI7,BOBI7
8XX1A,8XX1A
RHWJM,RHWJM
6AYBU,6AYBU
HYVB8,HYVB8
K8ADN,K8ADN
5581V,5581V
JCCTO,JCCTO
B86JB,B86JB
80R4Z,80R4Z
10EQG,10EQG
0VOHM,0VOHM
FFRR4,FFRR4
SQ6J5,SQ6J5
OW1HD,OW1HD
D18I0,D18I0
LF08A,LF08A
1CS3H,1CS3H
EZDHU,EZDHU
TV6S8,TV6S8
CL7OL,CL7OL
F002L,F002L
QJ76I,QJ76I
AM0L7,AM0L7
XML89,XML89
LHRU2,LHRU2
7X2HX,7X2HX
I76PS,I76PS
QKPLY,QKPLY
H2CXI,H2CXI
7319Z,7319Z
79SIE,79SIE
9RXXZ,9RXXZ
PG32W,PG32W
QRNCK,QRNCK
ILRSY,ILRSY
DTWY9,DTWY9
Z44V4,Z44V4
BAEFM,BAEFM
SHZU1,SHZU1
19XCE,19XCE
4IGIJ,4IGIJ
IW0DV,IW0DV
N9OF7,N9OF7
XON5L,XON5L
XFMTG,XFMTG
IHMZE,IHMZE
NNF93,NNF93
3PKIU,3PKIU
TF85N,TF85N
XQ9K0,XQ9K0
MLAAI,MLAAI
FFPKH,FFPKH
P5LZ7,P5LZ7
4FGYF,4FGYF
T0ITW,T0ITW
5HFZ8,5HFZ8
FY67N,FY67N
XLJ6A,XLJ6A
3T75S,3T75S
J8DQI,J8DQI
UXCMJ,UXCMJ
BYS3B,BYS3B
DCODR,DCODR
LYV2L,LYV2L
JS8VH,JS8VH
DTSJX,DTSJX
PJ33V,PJ33V
IEHHT,IEHHT
189UJ,189UJ
BG9K2,BG9K2
IELCC,IELCC
AU96T,AU96T
HZVQH,HZVQH
T0P7A,T0P7A
B9STA,B9STA
AFKR7,AFKR7
P9AAR,P9AAR
B2YMS,B2YMS
MC7BZ,MC7BZ
WOOI9,WOOI9
VGZ6Z,VGZ6Z
LAW70,LAW70
OCUF7,OCUF7
7VF6V,7VF6V
95D3Y,95D3Y
AC6TY,AC6TY
CY406,CY406
FL2UJ,FL2UJ
ZWWR0,ZWWR0
9CZ08,9CZ08
93ERA,93ERA
F95WM,F95WM
9IEZN,9IEZN
AQFNA,AQFNA
YN316,YN316
Y03VO,Y03VO
Q1FIJ,Q1FIJ
RC6WK,RC6WK
2W65Q,2W65Q
680AP,680AP
WZF8B,WZF8B
Z5Z31,Z5Z31
TN3A2,TN3A2
4X8XV,4X8XV
9DDNL,9DDNL
41TCF,41TCF
6HJZC,6HJZC
PD1H5,PD1H5
XSKDQ,XSKDQ
JI56X,JI56X
DGB83,DGB83
1T23U,1T23U
W9JAF,W9JAF
SGC0Y,SGC0Y
7VJLE,7VJLE
T9BO4,T9BO4
P6H0R,P6H0R
KX5N2,KX5N2
R1OBQ,R1OBQ
VBE68,VBE68
RSRYF,RSRYF
UIMW7,UIMW7
WVW4Z,WVW4Z
KBG22,KBG22
TRCE1,TRCE1
9WKGX,9WKGX
S9OL4,S9OL4
HCZZD,HCZZD
MJYJM,MJYJM
K89PE,K89PE
US1HR,US1HR
R8Z49,R8Z49
H2V4R,H2V4R
ZU3D6,ZU3D6
P8B88,P8B88
5D65Q,5D65Q
VNFK1,VNFK1
INDVR,INDVR
07CM3,07CM3
RA1NN,RA1NN
QF2ZA,QF2ZA
OKV0U,OKV0U
O3WP5,O3WP5
LQ7W3,LQ7W3
JZ1HA,JZ1HA
CE7Q9,CE7Q9
AKBPT,AKBPT
RYEVO,RYEVO
3MRN4,3MRN4
7BDIZ,7BDIZ
OLR8H,OLR8H
1PCVS,1PCVS
QEBOC,QEBOC
78OCF,78OCF
C6XCH,C6XCH
FGP3E,FGP3E
A42L4,A42L4
L3F2Z,L3F2Z
65NX5,65NX5
CF8AC,CF8AC
Y5TFT,Y5TFT
SWY9E,SWY9E
48NWE,48NWE
C585U,C585U
KEPPU,KEPPU
6NAWV,6NAWV
M0AH8,M0AH8
IKAL0,IKAL0
628BQ,628BQ
HB58F,HB58F
5KZ85,5KZ85
DFH50,DFH50
CAAFF,CAAFF
E9R7J,E9R7J
H8SIT,H8SIT
HF6CY,HF6CY
ZJL9U,ZJL9U
NS7XI,NS7XI
2CJT8,2CJT8
FWL33,FWL33
CNREZ,CNREZ
KAZ2J,KAZ2J
FOKRW,FOKRW
OI1QI,OI1QI
AO9DL,AO9DL
TS4T0,TS4T0
P8Z6R,P8Z6R
YOT99,YOT99
75TCD,75TCD
OH8C9,OH8C9
I6NY7,I6NY7
6N82A,6N82A
F6E26,F6E26
7S281,7S281
JXVDP,JXVDP
U2SJ2,U2SJ2
QMFK6,QMFK6
2KSVU,2KSVU
FB6B5,FB6B5
3D8D5,3D8D5
GEFKZ,GEFKZ
P1LH6,P1LH6
XGWGM,XGWGM
GQL6B,GQL6B
ZF6LC,ZF6LC
J0K01,J0K01
CW0PH,CW0PH
2P7RX,2P7RX
MLLMW,MLLMW
0SSQS,0SSQS
WB88G,WB88G
99U5X,99U5X
JBTV5,JBTV5
Z5WG3,Z5WG3
7JWDF,7JWDF
QHFN4,QHFN4
EYW09,EYW09
JKZHB,JKZHB
AKUCB,AKUCB
RMYC2,RMYC2
SOX5I,SOX5I
DEQNR,DEQNR
F6KHG,F6KHG
MO6PY,MO6PY
V6YAR,V6YAR
GA7H3,GA7H3
CGDZ4,CGDZ4
0Y6FV,0Y6FV
KJB0T,KJB0T
2RDGR,2RDGR
CF6GT,CF6GT
CVS1U,CVS1U
ARB3O,ARB3O
VVVQH,VVVQH
MBW7Z,MBW7Z
U2KFJ,U2KFJ
PKR6O,PKR6O
OPYNK,OPYNK
CUVDW,CUVDW
AF5G9,AF5G9
CXKIJ,CXKIJ
9FN3C,9FN3C
LST6C,LST6C
HSJ3N,HSJ3N
5L2OQ,5L2OQ
78J0X,78J0X
GMG76,GMG76
AOXJE,AOXJE
MP0UH,MP0UH
NI5IC,NI5IC
LBGPN,LBGPN
B7UTY,B7UTY
WSJBS,WSJBS
UYITG,UYITG
RU2VG,RU2VG
F6RR3,F6RR3
IA6ZN,IA6ZN
UKSDK,UKSDK
AUVIZ,AUVIZ
8EG7F,8EG7F
SL7GA,SL7GA
7F1UR,7F1UR
7P5DS,7P5DS
3CI1P,3CI1P
NLIDY,NLIDY
SGAQX,SGAQX
JY1L0,JY1L0
QN5L3,QN5L3
HOG22,HOG22
5GV6Z,5GV6Z
4QJVN,4QJVN
I0H1O,I0H1O
AGYVC,AGYVC
NPTXJ,NPTXJ
TJK4I,TJK4I
AL945,AL945
0WL9F,0WL9F
EM7GP,EM7GP
06UER,06UER
8R3RQ,8R3RQ
P3NDU,P3NDU
39QU8,39QU8
M1VO7,M1VO7
1UQSM,1UQSM
MDDE6,MDDE6
IVF77,IVF77
E2WQT,E2WQT
I1MTC,I1MTC
ND8BK,ND8BK
06RYG,06RYG
ERGT4,ERGT4
UVPXU,UVPXU
JBONM,JBONM
UMHR6,UMHR6
RHY5W,RHY5W
V4FRV,V4FRV
H65Y0,H65Y0
MZTS5,MZTS5
O7H0G,O7H0G
14FQM,14FQM
FP6J2,FP6J2
NK8XR,NK8XR
T950V,T950V
WE9K9,WE9K9
3ASWQ,3ASWQ
5QYJV,5QYJV
PP95V,PP95V
1C43U,1C43U
Y0MZY,Y0MZY
LOERL,LOERL
IQX34,IQX34
G3929,G3929
ZY8OE,ZY8OE
3KB1T,3KB1T
LHP3S,LHP3S
VD70L,VD70L
ZQYS0,ZQYS0
2PCN0,2PCN0
B13E0,B13E0
UEBN0,UEBN0
PAK3U,PAK3U
IZRBQ,IZRBQ
KSYDL,KSYDL
NHPD2,NHPD2
TM89D,TM89D
JRNWA,JRNWA
N1Z8X,N1Z8X
NMTW9,NMTW9
5IS3I,5IS3I
BEOQM,BEOQM
MEGBQ,MEGBQ
TGWDS,TGWDS
MBIJ8,MBIJ8
A9BZJ,A9BZJ
YKWZL,YKWZL
XI38V,XI38V
UDCTR,UDCTR
PI2ZA,PI2ZA
AH874,AH874
A5VSG,A5VSG
497QM,497QM
9E8OG,9E8OG
9D4VT,9D4VT
ZVYZU,ZVYZU
X4UL2,X4UL2
77D4G,77D4G
2E8G0,2E8G0
FTBBP,FTBBP
PGAUT,PGAUT
4B3IS,4B3IS
I264Z,I264Z
L0RHY,L0RHY
5RTJB,5RTJB
84287,84287
S63PH,S63PH
09SQK,09SQK
NKQ1O,NKQ1O
0KWSF,0KWSF
DW2V8,DW2V8
0HGQS,0HGQS
Y5ERC,Y5ERC
Y5QNR,Y5QNR
WF4FJ,WF4FJ
HQ2NZ,HQ2NZ
R0L4D,R0L4D
3C58F,3C58F
HRTZG,HRTZG
ZA7ML,ZA7ML
XWVVQ,XWVVQ
XNCJV,XNCJV
AUXS5,AUXS5
KCYK2,KCYK2
OS7AC,OS7AC
GOJ38,GOJ38
MJMCE,MJMCE
I8MRK,I8MRK
L6W9T,L6W9T
1I6XD,1I6XD
O20KN,O20KN
1AOKX,1AOKX
D7ONJ,D7ONJ
4XZLZ,4XZLZ
K4ZCO,K4ZCO
JMRBA,JMRBA
JN7J4,JN7J4
IX4ZE,IX4ZE
QX6WC,QX6WC
MQWIE,MQWIE
84AZI,84AZI
DUNA3,DUNA3
J7X61,J7X61
QJ7RY,QJ7RY
0F60S,0F60S
Y83QK,Y83QK
5I8QH,5I8QH
WHCNB,WHCNB
YHY5F,YHY5F
JOORF,JOORF
6DM6X,6DM6X
5CV87,5CV87
JNUTK,JNUTK
UHYLB,UHYLB
9VRNR,9VRNR
IS2E8,IS2E8
BC8Y2,BC8Y2
6XXN9,6XXN9
GP00P,GP00P
HUQQR,HUQQR
USFWK,USFWK
Y4KC3,Y4KC3
0BC80,0BC80
PU5UC,PU5UC
LTII6,LTII6
VKEME,VKEME
YVHOZ,YVHOZ
OT8XN,OT8XN
2GJ70,2GJ70
QW5W5,QW5W5
JM8GA,JM8GA
JAVAA,JAVAA
WSZ2Y,WSZ2Y
5VT76,5VT76
1LGRD,1LGRD
QCAUY,QCAUY
FZPPN,FZPPN
BI3RU,BI3RU
LI498,LI498
JHQHC,JHQHC
TJCFR,TJCFR
NK4PE,NK4PE
YP2TS,YP2TS
X4NYZ,X4NYZ
MGPU5,MGPU5
RFLCQ,RFLCQ
W1PAS,W1PAS
QFABC,QFABC
E9U7I,E9U7I
ZAO4Q,ZAO4Q
VCUUP,VCUUP
ICICP,ICICP
S4HZU,S4HZU
6DWMW,6DWMW
6WF3G,6WF3G
B2LZV,B2LZV
JVE1Z,JVE1Z
3K1EZ,3K1EZ
FIAJX,FIAJX
VXDDI,VXDDI
1V9LZ,1V9LZ
G4THJ,G4THJ
T6WJO,T6WJO
4U5OH,4U5OH
0QE10,0QE10
HG928,HG928
CF6HQ,CF6HQ
SUACV,SUACV
M5WPM,M5WPM
5Z03I,5Z03I
Z5BZB,Z5BZB
I07K3,I07K3
COYIJ,COYIJ
8YC17,8YC17
A2ZP7,A2ZP7
6UJZ1,6UJZ1
Q4P31,Q4P31
6OUUY,6OUUY
8FDJA,8FDJA
I7XJ0,I7XJ0
2NUX2,2NUX2
TO16X,TO16X
JKXLG,JKXLG
FW7B4,FW7B4
95U24,95U24
KJ7I0,KJ7I0
W6AHF,W6AHF
05LPW,05LPW
XJ0IY,XJ0IY
P48FP,P48FP
RN195,RN195
D1Z7V,D1Z7V
7H2PY,7H2PY
2XNDM,2XNDM
8L1KF,8L1KF
ECUOX,ECUOX
QDU4T,QDU4T
5U51T,5U51T
3GFI7,3GFI7
3CCL8,3CCL8
G20DH,G20DH
R1U2D,R1U2D
VFXH9,VFXH9
EYX1Z,EYX1Z
T9BH5,T9BH5
7F6HX,7F6HX
4TEQJ,4TEQJ
XCD0W,XCD0W
O1ORV,O1ORV
YDN77,YDN77
LCJ8Y,LCJ8Y
3EJYW,3EJYW
RJKKV,RJKKV
YMTRI,YMTRI
XW623,XW623
X4BBD,X4BBD
H8B6M,H8B6M
V8LLE,V8LLE
BJVU4,BJVU4
BZ5S6,BZ5S6
YV4PQ,YV4PQ
84BPX,84BPX
LQ1EZ,LQ1EZ
FW048,FW048
BWKOA,BWKOA
XM92Y,XM92Y
07HME,07HME
USK6Q,USK6Q
X1ZHZ,X1ZHZ
ZXXT7,ZXXT7
KFGPX,KFGPX
TH1HU,TH1HU
FDDQD,FDDQD
R8XGI,R8XGI
HLVK8,HLVK8
T23YX,T23YX
I37VZ,I37VZ
WG3KR,WG3KR
XH93H,XH93H
TZ6T1,TZ6T1
QNUQ4,QNUQ4
NNRR6,NNRR6
DXBN4,DXBN4
XDD87,XDD87
707SZ,707SZ
BHAX9,BHAX9
DOIUQ,DOIUQ
FODLJ,FODLJ
YJBMB,YJBMB
7VSY3,7VSY3
FOWNU,FOWNU
JDFAG,JDFAG
BEUAM,BEUAM
K81DM,K81DM
8SVWA,8SVWA
319MA,319MA
TX36W,TX36W
GFJ39,GFJ39
OPC6Z,OPC6Z
OQO5Z,OQO5Z
25UTJ,25UTJ
02L12,02L12
A5AEN,A5AEN
4VJI1,4VJI1
N4L9G,N4L9G
7QB6G,7QB6G
JFPTL,JFPTL
USZWD,USZWD
3LZN9,3LZN9
FAMXB,FAMXB
8UCRP,8UCRP
WV5NJ,WV5NJ
YFPYN,YFPYN
4A7G8,4A7G8
G0BJZ,G0BJZ
1XYPP,1XYPP
OSY4L,OSY4L
DDETB,DDETB
LOAQ0,LOAQ0
TZXTE,TZXTE
55W8J,55W8J
RQZ0I,RQZ0I
KOLK5,KOLK5
W303U,W303U
SDO61,SDO61
0OHQF,0OHQF
WO8AN,WO8AN
W5A8K,W5A8K
7H5M0,7H5M0
9JGED,9JGED
93FN7,93FN7
MF511,MF511
ZIIOA,ZIIOA
BAWEP,BAWEP
I66A2,I66A2
81O6F,81O6F
K7BN8,K7BN8
5MLU2,5MLU2
30CPT,30CPT
RHGGC,RHGGC
WUVKA,WUVKA
MPLHT,MPLHT
QP0JH,QP0JH
R2PJG,R2PJG
LQ4SD,LQ4SD
HP50N,HP50N
69S73,69S73
5TLHD,5TLHD
DZ9UL,DZ9UL
H5ZL2,H5ZL2
MQ1SE,MQ1SE
0PZEG,0PZEG
B1O9N,B1O9N
041CB,041CB
ICB91,ICB91
U8G09,U8G09
HHROO,HHROO
XZ418,XZ418
CREX8,CREX8
8YDA5,8YDA5
PNUUW,PNUUW
Q9X3S,Q9X3S
DE4UE,DE4UE
JDMXD,JDMXD
BGEMI,BGEMI
QAR1B,QAR1B
TPWX6,TPWX6
TMYU2,TMYU2
5N4CQ,5N4CQ
4L000,4L000
3L2SI,3L2SI
1J1KF,1J1KF
BAYV3,BAYV3
ZJQLC,ZJQLC
BHWJ4,BHWJ4
9IH1M,9IH1M
EV4MT,EV4MT
6EPDZ,6EPDZ
JO55B,JO55B
OD17M,OD17M
OBBSL,OBBSL
E5XAX,E5XAX
DKF48,DKF48
5JD31,5JD31
BXBM0,BXBM0
5IS4G,5IS4G
PCA1M,PCA1M
Y2ZN3,Y2ZN3
TY7TU,TY7TU
XJZIS,XJZIS
OV4Y5,OV4Y5
4VXJ7,4VXJ7
CH9OP,CH9OP
B4PZL,B4PZL
44GE8,44GE8
I65L2,I65L2
2L8MJ,2L8MJ
WQDQN,WQDQN
0WX2I,0WX2I
RMBZU,RMBZU
SFDIS,SFDIS
FR61E,FR61E
K0MFE,K0MFE
634QU,634QU
T927U,T927U
Z8TF0,Z8TF0
DB5F6,DB5F6
X45UR,X45UR
5DBZ9,5DBZ9
5M72G,5M72G
KNNWP,KNNWP
MDV5U,MDV5U
OAR8X,OAR8X
ODPPH,ODPPH
SKB62,SKB62
4G48B,4G48B
RBEIN,RBEIN
IF1HZ,IF1HZ
G6JAC,G6JAC
V9CP2,V9CP2
ACO9W,ACO9W
QA86W,QA86W
1VHBQ,1VHBQ
QAXUH,QAXUH
RTRUP,RTRUP
JZXA1,JZXA1
Y4IVF,Y4IVF
SQP91,SQP91
F9KO8,F9KO8
U81W3,U81W3
8NHWE,8NHWE
WWQXA,WWQXA
QA4T3,QA4T3
EX7JH,EX7JH
WUPG7,WUPG7
BGMEF,BGMEF
E1H03,E1H03
BE0QM,BE0QM
VG0U5,VG0U5
3O0FI,3O0FI
3FO25,3FO25
8TVZ5,8TVZ5
V7RXK,V7RXK
ETHKB,ETHKB
RDQYD,RDQYD
ZQTNY,ZQTNY
45D20,45D20
T61NN,T61NN
AO1CU,AO1CU
EBABA,EBABA
R9XSM,R9XSM
B6AWP,B6AWP
ZF52D,ZF52D
US07D,US07D
5TZQX,5TZQX
04DC0,04DC0
WEJ2Z,WEJ2Z
O69QH,O69QH
6E36Z,6E36Z
TN2Z4,TN2Z4
G2VH9,G2VH9
98KIV,98KIV
V5L9D,V5L9D
0A8D9,0A8D9
FHLAE,FHLAE
J8Q8M,J8Q8M
B07OF,B07OF
JAFC1,JAFC1
HZG3E,HZG3E
563CE,563CE
3LGCE,3LGCE
VOW98,VOW98
SKEDY,SKEDY
K42CO,K42CO
AJM6M,AJM6M
M3QVW,M3QVW
9S2KV,9S2KV
QDHPV,QDHPV
71EXW,71EXW
UV6U2,UV6U2
9UGH7,9UGH7
X48MQ,X48MQ
2IJ9O,2IJ9O
Z0JAN,Z0JAN
LABIT,LABIT
OH3SL,OH3SL
2E6IH,2E6IH
AAPXO,AAPXO
M4XKC,M4XKC
Y2VC7,Y2VC7
S6ZCA,S6ZCA
HS60U,HS60U
SUUCH,SUUCH
KGKEZ,KGKEZ
YD2UW,YD2UW
9G5RP,9G5RP
UEEE0,UEEE0
95KP9,95KP9
7WX9O,7WX9O
LY074,LY074
P7AUX,P7AUX
UGBD0,UGBD0
0Y2JZ,0Y2JZ
7I8MD,7I8MD
MOEPO,MOEPO
5I2AZ,5I2AZ
XE1YJ,XE1YJ
MG4Y1,MG4Y1
XC6V3,XC6V3
LPVWG,LPVWG
UDCYU,UDCYU
TSBY2,TSBY2
JGI8Z,JGI8Z
E05EH,E05EH
PFJ5S,PFJ5S
673L6,673L6
WWEL4,WWEL4
QO11W,QO11W
HNQK7,HNQK7
44OVG,44OVG
E181Q,E181Q
9N24N,9N24N
9QFGD,9QFGD
W2R5C,W2R5C
WTA55,WTA55
623QU,623QU
BIQX3,BIQX3
6VG44,6VG44
NS14G,NS14G
RCERI,RCERI
BPYV7,BPYV7
O98XY,O98XY
E9S2C,E9S2C
YHQLS,YHQLS
OBDJA,OBDJA
PES9T,PES9T
CJAX0,CJAX0
VCVYB,VCVYB
RMTYA,RMTYA
LLRTW,LLRTW
1Q1CJ,1Q1CJ
1WAYP,1WAYP
ZBQ7D,ZBQ7D
TOSOL,TOSOL
V9WT1,V9WT1
49L7N,49L7N
K0YOJ,K0YOJ
NF2TF,NF2TF
6A5FU,6A5FU
E4BMS,E4BMS
I4MLU,I4MLU
QI69D,QI69D
294KT,294KT
WSO3Z,WSO3Z
STI3S,STI3S
E2Z0I,E2Z0I
XYIC2,XYIC2
OCZVX,OCZVX
YCWKQ,YCWKQ
6591,06591
RPBC0,RPBC0
BWRMH,BWRMH
U76QC,U76QC
C21AO,C21AO
9ASBF,9ASBF
WM6HK,WM6HK
78BS8,78BS8
516UC,516UC
8CAW3,8CAW3
3DOXW,3DOXW
NQO9W,NQO9W
USHES,USHES
ZTVCH,ZTVCH
QJ1CZ,QJ1CZ
7SPSS,7SPSS
VJU07,VJU07
KRVO6,KRVO6
6VWM3,6VWM3
C6CCB,C6CCB
TCINM,TCINM
6TTJ2,6TTJ2
WU74W,WU74W
68MZ2,68MZ2
IY5E0,IY5E0
CM4GX,CM4GX
WF903,WF903
AWY9S,AWY9S
B58L0,B58L0
OKYJS,OKYJS
OYCIF,OYCIF
CDIMC,CDIMC
S5LBJ,S5LBJ
JIHSY,JIHSY
BB2UX,BB2UX
ETLDD,ETLDD
86JOL,86JOL
UV0YC,UV0YC
U8NTQ,U8NTQ
3VHO8,3VHO8
ZBGI0,ZBGI0
LIUQS,LIUQS
EQ1WV,EQ1WV
F71WQ,F71WQ
ELV4T,ELV4T
7SMRZ,7SMRZ
P85ZI,P85ZI
CXC2Q,CXC2Q
2VZCB,2VZCB
21OCD,21OCD
NV5Y7,NV5Y7
CP2CJ,CP2CJ
6TD17,6TD17
RXOUY,RXOUY
9AOLX,9AOLX
MD9SA,MD9SA
MH9K5,MH9K5
T522O,T522O
QMVBF,QMVBF
VDOS3,VDOS3
GXRUL,GXRUL
CUW0K,CUW0K
1WH7Z,1WH7Z
9EO5J,9EO5J
E6C3H,E6C3H
IUIWV,IUIWV
JWRFO,JWRFO
TYIPB,TYIPB
755MJ,755MJ
W4Z25,W4Z25
9M832,9M832
8U9PJ,8U9PJ
H5XLB,H5XLB
VFA7E,VFA7E
CLD6L,CLD6L
XR1QV,XR1QV
FWZ9B,FWZ9B
AZMUD,AZMUD
2OW65,2OW65
YS9SK,YS9SK
ASV1H,ASV1H
VEX0V,VEX0V
MV7LO,MV7LO
S7FNU,S7FNU
42DD4,42DD4
R3V6A,R3V6A
CA1WV,CA1WV
SDF0B,SDF0B
4Z3EX,4Z3EX
L4U3H,L4U3H
8REZE,8REZE
EOLNG,EOLNG
SXUUX,SXUUX
C52XA,C52XA
HORE9,HORE9
8ZRXK,8ZRXK
JOHZ5,JOHZ5
1JIZN,1JIZN
T6CC3,T6CC3
U7W2I,U7W2I
5202T,5202T
OLSTY,OLSTY
R4NMY,R4NMY
E5Y50,E5Y50
8MZ3Q,8MZ3Q
G70TT,G70TT
5NEVD,5NEVD
W7467,W7467
TMAN2,TMAN2
33YZ1,33YZ1
H56XN,H56XN
JSRWV,JSRWV
UYE2M,UYE2M
1FJDH,1FJDH
YF9PT,YF9PT
QBVRE,QBVRE
68ZWD,68ZWD
O5PMD,O5PMD
4EKX1,4EKX1
3B6HY,3B6HY
SSYZD,SSYZD
W1P9U,W1P9U
8IOCK,8IOCK
T0HVH,T0HVH
GZ2QS,GZ2QS
UEBQK,UEBQK
CST0A,CST0A
TVFMZ,TVFMZ
7GTPE,7GTPE
G2H5J,G2H5J
Z6WCB,Z6WCB
5N5VY,5N5VY
X71QE,X71QE
8YR80,8YR80
GW0EX,GW0EX
A4HII,A4HII
A5TUP,A5TUP
4J89L,4J89L
0TGGA,0TGGA
M6QJ4,M6QJ4
PYG41,PYG41
4YEOB,4YEOB
GKE0R,GKE0R
X7D9O,X7D9O
V29A4,V29A4
86M2O,86M2O
DZT8G,DZT8G
Q4Z31,Q4Z31
4QE3Y,4QE3Y
S9WJ2,S9WJ2
28YMN,28YMN
GTSUP,GTSUP
EDMVE,EDMVE
6EPWP,6EPWP
HKO9P,HKO9P
4I4N2,4I4N2
T5NM3,T5NM3
VOE2B,VOE2B
IA4CE,IA4CE
FBCB4,FBCB4
GJMB3,GJMB3
I5C0I,I5C0I
R7BNX,R7BNX
H562X,H562X
DPAQE,DPAQE
JS36F,JS36F
TLCNY,TLCNY
TY9NX,TY9NX
X9FEV,X9FEV
Q8E7M,Q8E7M
K3DZX,K3DZX
3PRHJ,3PRHJ
HRZAB,HRZAB
STDIK,STDIK
MIJ6I,MIJ6I
IJPTL,IJPTL
B0LIP,B0LIP
QV4WA,QV4WA
IE6A4,IE6A4
TI392,TI392
W71PD,W71PD
G7J2Z,G7J2Z
EYT0P,EYT0P
21HVR,21HVR
U36HA,U36HA
R9OUP,R9OUP
ISEDR,ISEDR
VTJB5,VTJB5
2YGN6,2YGN6
ZJ0JX,ZJ0JX
YSXJM,YSXJM
9MRM1,9MRM1
J3L1N,J3L1N
J96VF,J96VF
M6XK5,M6XK5
X9NZR,X9NZR
82XB9,82XB9
5X1LB,5X1LB
LPPRI,LPPRI
Y2SQY,Y2SQY
YAALQ,YAALQ
KPM8C,KPM8C
LZY2K,LZY2K
1BAN6,1BAN6
ZV1ID,ZV1ID
PSWHK,PSWHK
DVE43,DVE43
RVF9X,RVF9X
0TANP,0TANP
2P65X,2P65X
X7FD6,X7FD6
R1FC6,R1FC6
ZJ9J6,ZJ9J6
80FAA,80FAA
4O8M8,4O8M8
189XK,189XK
056BP,056BP
1MUYB,1MUYB
NDNN7,NDNN7
R0PD3,R0PD3
TCWGK,TCWGK
NIB0K,NIB0K
GZY3V,GZY3V
H707H,H707H
7YAMI,7YAMI
BZXY4,BZXY4
PNN1I,PNN1I
975DF,975DF
MU66K,MU66K
APBF4,APBF4
CH6OW,CH6OW
9CKIF,9CKIF
M9LSQ,M9LSQ
5BV8T,5BV8T
PDMY4,PDMY4
IZGFV,IZGFV
SLEPG,SLEPG
IXXBD,IXXBD
8YBRQ,8YBRQ
EX6LR,EX6LR
K18TK,K18TK
2TLWU,2TLWU
MC512,MC512
O8CMF,O8CMF
5TP9G,5TP9G
DY9WX,DY9WX
LQMC0,LQMC0
ZTGCY,ZTGCY
DNRCG,DNRCG
DXWVD,DXWVD
LPFDM,LPFDM
C6Z25,C6Z25
U4RRF,U4RRF
NUT0V,NUT0V
V0194,V0194
HIYTB,HIYTB
UXKN4,UXKN4
1S4NF,1S4NF
5ILU9,5ILU9
50T1L,50T1L
L25JZ,L25JZ
OAFDR,OAFDR
79SGZ,79SGZ
964RP,964RP
JKSLZ,JKSLZ
BD6NI,BD6NI
CHVMY,CHVMY
GTKFJ,GTKFJ
QZDVH,QZDVH
RFAAS,RFAAS
GATQ8,GATQ8
5FOS8,5FOS8
C7Z0S,C7Z0S
XA8BG,XA8BG
K8A2I,K8A2I
48AX6,48AX6
41HUJ,41HUJ
U9LR9,U9LR9
U1MPF,U1MPF
N9PH2,N9PH2
V7M3W,V7M3W
1K3EK,1K3EK
PCWO7,PCWO7
25I6D,25I6D
PUO1A,PUO1A
WIQUN,WIQUN
CF5WM,CF5WM
4FASO,4FASO
TOC7I,TOC7I
D4F6Z,D4F6Z
UBOBY,UBOBY
ILGOJ,ILGOJ
J08K8,J08K8
U5U54,U5U54
30AD4,30AD4
HZ5LD,HZ5LD
5DGOQ,5DGOQ
7OGC6,7OGC6
WIL9X,WIL9X
4QUNZ,4QUNZ
G6RQA,G6RQA
BIOYI,BIOYI
0K48T,0K48T
D4Y8X,D4Y8X
2SORG,2SORG
XH02X,XH02X
KXKAG,KXKAG
75LQX,75LQX
BKY90,BKY90
9DKVJ,9DKVJ
XC27K,XC27K
2YCAC,2YCAC
WCXKT,WCXKT
XR400,XR400
EOZGR,EOZGR
4L3NM,4L3NM
PXNB5,PXNB5
3QO37,3QO37
686BW,686BW
IG69K,IG69K
ASTGY,ASTGY
H90K5,H90K5
GKW21,GKW21
GSFET,GSFET
XUCIU,XUCIU
T2YMU,T2YMU
BSEMW,BSEMW
P33AF,P33AF
5YHPS,5YHPS
0RJ08,0RJ08
ZKC3W,ZKC3W
MYFEN,MYFEN
KHPL2,KHPL2
TSK6L,TSK6L
9GRMD,9GRMD
0W7CL,0W7CL
ZDQOP,ZDQOP
DDX81,DDX81
75448,75448
2SW91,2SW91
LC9QF,LC9QF
PP4Q6,PP4Q6
AR9NF,AR9NF
AH4ZJ,AH4ZJ
6GKEK,6GKEK
AJ2OG,AJ2OG
4QQY6,4QQY6
KZRWU,KZRWU
CD93O,CD93O
35UA2,35UA2
YYW5Y,YYW5Y
1HKGB,1HKGB
2LV5Q,2LV5Q
DHG45,DHG45
TUQOZ,TUQOZ
1GRMR,1GRMR
5P464,5P464
HGU8G,HGU8G
62N2U,62N2U
493ES,493ES
6DOBK,6DOBK
P21F2,P21F2
007C3,007C3
03C84,03C84
N1EKO,N1EKO
OSLV0,OSLV0
ONOU1,ONOU1
T0RBN,T0RBN
9MO2Y,9MO2Y
KL680,KL680
QKJPJ,QKJPJ
I66VD,I66VD
ZI5LS,ZI5LS
T9DGA,T9DGA
R361W,R361W
9MQUS,9MQUS
2Q0ZO,2Q0ZO
GITMJ,GITMJ
2Q0G7,2Q0G7
G6M0T,G6M0T
4X8R6,4X8R6
DQBPO,DQBPO
DRB58,DRB58
FK9PF,FK9PF
UFKTB,UFKTB
QJ5O3,QJ5O3
EI3C2,EI3C2
6Q7JT,6Q7JT
XO8AM,XO8AM
358K3,358K3
6YKTB,6YKTB
I83LM,I83LM
CWA84,CWA84
HWTNA,HWTNA
CJIGG,CJIGG
LEQG9,LEQG9
ZY101,ZY101
W0IQ5,W0IQ5
ZGC81,ZGC81
WFM7K,WFM7K
2DS2Q,2DS2Q
33VQD,33VQD
VMJ89,VMJ89
HE40S,HE40S
MQPRP,MQPRP
OMRAI,OMRAI
5AZFF,5AZFF
QLHEI,QLHEI
6YOP7,6YOP7
WELBP,WELBP
1PNDS,1PNDS
ZPGLG,ZPGLG
U60NR,U60NR
8GGAW,8GGAW
K5JYR,K5JYR
DK72B,DK72B
IK7JZ,IK7JZ
SHI8U,SHI8U
RALDS,RALDS
YIMMT,YIMMT
A0B2C,A0B2C
718XR,718XR
S2M0Y,S2M0Y
1SDSR,1SDSR
TDLVG,TDLVG
XJND8,XJND8
PERY0,PERY0
VQ61V,VQ61V
3T0SZ,3T0SZ
TZ545,TZ545
T4VK7,T4VK7
CMIRB,CMIRB
VR7N9,VR7N9
0BMUQ,0BMUQ
SHOML,SHOML
WLEGC,WLEGC
RBULQ,RBULQ
ES35G,ES35G
INQ5C,INQ5C
J3G0Y,J3G0Y
PIC79,PIC79
QOKXO,QOKXO
4PLJY,4PLJY
IIROE,IIROE
2XS9H,2XS9H
M06A6,M06A6
JKWZE,JKWZE
HF71V,HF71V
8X3SL,8X3SL
B1C6X,B1C6X
B5KTW,B5KTW
F6105,F6105
O30Z5,O30Z5
VDWRL,VDWRL
2O84D,2O84D
TC32I,TC32I
FJ7R7,FJ7R7
HPUEN,HPUEN
WNZNW,WNZNW
59AR5,59AR5
R4JR1,R4JR1
FIMSZ,FIMSZ
GXHJG,GXHJG
JMVNK,JMVNK
VMEDG,VMEDG
MBKCD,MBKCD
SF5ZF,SF5ZF
7ZGWY,7ZGWY
P7IE8,P7IE8
VKVLZ,VKVLZ
7CY29,7CY29
DD9YQ,DD9YQ
1TYBW,1TYBW
0ZHP7,0ZHP7
FI4KL,FI4KL
QXJV2,QXJV2
OC7RX,OC7RX
QYAAF,QYAAF
DDMKW,DDMKW
NI4U7,NI4U7
318TT,318TT
61YMF,61YMF
JPXP8,JPXP8
CNTZ5,CNTZ5
W0CD2,W0CD2
VZA30,VZA30
CO1X7,CO1X7
6V6N9,6V6N9
T7N64,T7N64
SAF5L,SAF5L
0JYYO,0JYYO
5HTFU,5HTFU
CC5PK,CC5PK
YQJMX,YQJMX
7UXSL,7UXSL
OPLW7,OPLW7
BDHQY,BDHQY
NFHHO,NFHHO
B7N1Z,B7N1Z
YRMZB,YRMZB
OKCKW,OKCKW
PN0VW,PN0VW
UVYZY,UVYZY
69PCY,69PCY
W4YIN,W4YIN
A8IQP,A8IQP
KNU7Q,KNU7Q
JX4DI,JX4DI
VICKO,VICKO
IWNY9,IWNY9
LN3MT,LN3MT
OLJ7X,OLJ7X
8WJF6,8WJF6
8C9GZ,8C9GZ
ZH7ZP,ZH7ZP
60TBO,60TBO
YO07N,YO07N
67ZO3,67ZO3
OLBWQ,OLBWQ
1KKQ7,1KKQ7
MJ43Z,MJ43Z
A2V7R,A2V7R
2I311,2I311
P4SA8,P4SA8
FKGC2,FKGC2
SY02Z,SY02Z
0XTN3,0XTN3
W6JLX,W6JLX
GW857,GW857
P4IIL,P4IIL
USU4E,USU4E
5DO6U,5DO6U
S6YJM,S6YJM
SQ15Q,SQ15Q
CSF7X,CSF7X
ZVF2S,ZVF2S
QS8DH,QS8DH
8EH6Y,8EH6Y
I3RVV,I3RVV
KIZYN,KIZYN
7XW7M,7XW7M
X18YX,X18YX
KWR3T,KWR3T
PFRF7,PFRF7
EBQZY,EBQZY
AGKS5,AGKS5
NT3LT,NT3LT
PHQGF,PHQGF
0HV1S,0HV1S
QQYC3,QQYC3
6P4G1,6P4G1
M4XXU,M4XXU
U9N3Q,U9N3Q
HRVXZ,HRVXZ
4P0JH,4P0JH
U1LZT,U1LZT
HMDYE,HMDYE
ABOAP,ABOAP
DLLYX,DLLYX
79HDY,79HDY
B7SY5,B7SY5
KTETW,KTETW
TVB7C,TVB7C
HNMMF,HNMMF
EJERR,EJERR
ZYAMO,ZYAMO
K6PDA,K6PDA
VD7CZ,VD7CZ
792JN,792JN
XJAAK,XJAAK
WQ7RX,WQ7RX
UFVKN,UFVKN
VDX2Z,VDX2Z
8D9NV,8D9NV
DEKYU,DEKYU
U1GDU,U1GDU
9NX2Q,9NX2Q
BI978,BI978
NN1SH,NN1SH
T8CP0,T8CP0
XWFEJ,XWFEJ
U0CFP,U0CFP
D4U46,D4U46
VQXNX,VQXNX
E0WET,E0WET
VGPKJ,VGPKJ
GO9H1,GO9H1
B48CT,B48CT
NXONL,NXONL
LFF6P,LFF6P
2CP56,2CP56
WZA25,WZA25
S0QZ7,S0QZ7
GRFYO,GRFYO
5SI42,5SI42
2EQPX,2EQPX
Y3A6F,Y3A6F
FK1SH,FK1SH
PGX1N,PGX1N
WJYMP,WJYMP
LV7NJ,LV7NJ
73DUJ,73DUJ
Z7MP8,Z7MP8
6MC4A,6MC4A
H7MYD,H7MYD
F9Q5Y,F9Q5Y
WS6HS,WS6HS
6OO2L,6OO2L
0JM95,0JM95
J2YVF,J2YVF
CE5YK,CE5YK
3Y6HX,3Y6HX
ZDLBN,ZDLBN
DHTC5,DHTC5
3SZKE,3SZKE
WFB2G,WFB2G
F5QVI,F5QVI
R44MQ,R44MQ
FG55U,FG55U
2UTJV,2UTJV
7BFY3,7BFY3
TQN7G,TQN7G
8K8TF,8K8TF
5BAZN,5BAZN
ROC9Z,ROC9Z
ACL1O,ACL1O
ZXARD,ZXARD
QQSJF,QQSJF
QE8LR,QE8LR
XP3U3,XP3U3
HJ8DR,HJ8DR
NEILY,NEILY
0QPYA,0QPYA
FALIX,FALIX
9TJDC,9TJDC
WQ1HS,WQ1HS
DI0Q9,DI0Q9
17GIT,17GIT
ET86Z,ET86Z
K8JGZ,K8JGZ
6FBB5,6FBB5
9WQM5,9WQM5
9MZLN,9MZLN
1HZL1,1HZL1
QM7K8,QM7K8
LWKOQ,LWKOQ
E7ZTF,E7ZTF
4G85D,4G85D
0NWR6,0NWR6
JN9ZK,JN9ZK
H7J7M,H7J7M
1Q6H9,1Q6H9
11BK1,11BK1
GGXNX,GGXNX
PGEYY,PGEYY
K5B7D,K5B7D
3VPPE,3VPPE
2SAAK,2SAAK
FVQQD,FVQQD
XNY69,XNY69
EZF3X,EZF3X
20TXE,20TXE
A8SS4,A8SS4
ZFHP2,ZFHP2
TAKFG,TAKFG
9XB1X,9XB1X
BUMND,BUMND
60EPD,60EPD
LSG4J,LSG4J
3FMG1,3FMG1
1C95O,1C95O
Q674J,Q674J
FY7FX,FY7FX
31H1G,31H1G
AY0C6,AY0C6
VGPCR,VGPCR
9CW10,9CW10
TJX4W,TJX4W
AJK4E,AJK4E
FXHXG,FXHXG
KSSMX,KSSMX
5YF0W,5YF0W
MMUB8,MMUB8
WE1NX,WE1NX
PG588,PG588
WVHM8,WVHM8
JFOGR,JFOGR
DTUBG,DTUBG
N24S7,N24S7
Z8OWG,Z8OWG
JLBV7,JLBV7
ZXC0G,ZXC0G
PG1JY,PG1JY
SWFPN,SWFPN
UFIWS,UFIWS
7TGDP,7TGDP
C4MYF,C4MYF
GHLY8,GHLY8
N2YWR,N2YWR
K0UUI,K0UUI
UTLRO,UTLRO
85BGG,85BGG
C6RVI,C6RVI
PBJKE,PBJKE
1XBHZ,1XBHZ
L43U3,L43U3
F5UCU,F5UCU
RS022,RS022
KULLE,KULLE
1NI2Z,1NI2Z
L8LO4,L8LO4
RR8JY,RR8JY
DKU5U,DKU5U
K5CFE,K5CFE
3XT0H,3XT0H
W49M3,W49M3
OJZ8N,OJZ8N
JS97Q,JS97Q
18D18,18D18
87K0M,87K0M
V6B48,V6B48
B0VZL,B0VZL
3E5XB,3E5XB
LJGJD,LJGJD
VJZBW,VJZBW
LGF03,LGF03
ZG6LD,ZG6LD
CE69Q,CE69Q
BPLKT,BPLKT
7JHQM,7JHQM
TU9B1,TU9B1
P6RT4,P6RT4
87IYO,87IYO
FILQS,FILQS
H3J4F,H3J4F
10V6F,10V6F
RWLJW,RWLJW
3LVUG,3LVUG
RNSPJ,RNSPJ
ACW0T,ACW0T
3YRV2,3YRV2
UOPAD,UOPAD
LCNFO,LCNFO
54VQR,54VQR
4F5DY,4F5DY
QXPY2,QXPY2
8A62A,8A62A
ALXHZ,ALXHZ
NR2AU,NR2AU
6GM9N,6GM9N
ETL2V,ETL2V
ZNMC8,ZNMC8
3VF98,3VF98
CTF5I,CTF5I
A5ICJ,A5ICJ
E7RBQ,E7RBQ
9DF5N,9DF5N
GN40W,GN40W
QCQBZ,QCQBZ
PHS6E,PHS6E
VG5I0,VG5I0
DP87F,DP87F
7M534,7M534
18J66,18J66
3XPSK,3XPSK
WWZ5G,WWZ5G
M5YCU,M5YCU
VOGYW,VOGYW
KVGOY,KVGOY
B04R5,B04R5
LGRG2,LGRG2
OM619,OM619
GDH14,GDH14
5LAMN,5LAMN
4CZ1H,4CZ1H
VC5SV,VC5SV
8T3IT,8T3IT
H5PT6,H5PT6
L4655,L4655
K3OM7,K3OM7
LBUOJ,LBUOJ
BADPF,BADPF
D8NPW,D8NPW
0S31S,0S31S
GBMQR,GBMQR
T7KDX,T7KDX
GROMI,GROMI
HDMGI,HDMGI
KX9LR,KX9LR
X8IE1,X8IE1
DS1QJ,DS1QJ
IWV7P,IWV7P
XZQFA,XZQFA
ASH5A,ASH5A
R12QE,R12QE
YH5F9,YH5F9
8TQWK,8TQWK
KUNPN,KUNPN
MOLHJ,MOLHJ
HLKX6,HLKX6
UJU59,UJU59
FYGF6,FYGF6
FZC6W,FZC6W
ZZITW,ZZITW
D5HW6,D5HW6
KHURE,KHURE
1HAQL,1HAQL
I68YF,I68YF
204SG,204SG
ITF2S,ITF2S
2U0KV,2U0KV
UHR3N,UHR3N
IRVA3,IRVA3
AB6BN,AB6BN
MHZ4R,MHZ4R
8VOLA,8VOLA
70J9Y,70J9Y
K0P1Q,K0P1Q
BN07Q,BN07Q
XR90S,XR90S
AH1A8,AH1A8
R8CAV,R8CAV
YIIYE,YIIYE
2WFOD,2WFOD
0IZU9,0IZU9
6V3OL,6V3OL
HH91Q,HH91Q
U2TUU,U2TUU
ZTGJ0,ZTGJ0
F2JPF,F2JPF
XQSV0,XQSV0
EKJUL,EKJUL
7G6A1,7G6A1
WQ3VV,WQ3VV
6C63W,6C63W
WQ6AH,WQ6AH
3DDD1,3DDD1
02H7Y,02H7Y
E4G3B,E4G3B
M911N,M911N
YYY9P,YYY9P
CGCO9,CGCO9
TCKIJ,TCKIJ
6G51D,6G51D
MDX42,MDX42
I7TT3,I7TT3
479F6,479F6
OVTY3,OVTY3
JD9P5,JD9P5
BKN4X,BKN4X
9JQCT,9JQCT
89XOL,89XOL
DL42S,DL42S
HHNAU,HHNAU
4WO99,4WO99
S0KT6,S0KT6
IFJA6,IFJA6
YGA02,YGA02
GRPU8,GRPU8
GMVAN,GMVAN
54AZ7,54AZ7
TPXDE,TPXDE
Z2RK4,Z2RK4
F56PT,F56PT
OOEG6,OOEG6
K7OLF,K7OLF
HGLC4,HGLC4
MT9HR,MT9HR
L9QPJ,L9QPJ
T6DF4,T6DF4
J7MIP,J7MIP
SG00X,SG00X
09T0N,09T0N
JCH75,JCH75
QR9FC,QR9FC
52LTQ,52LTQ
HL5H1,HL5H1
NUCAC,NUCAC
DHCRJ,DHCRJ
HBZ73,HBZ73
NWMVG,NWMVG
7DSK5,7DSK5
42IJU,42IJU
BVH8K,BVH8K
VNTP7,VNTP7
OXD4Y,OXD4Y
96986,96986
L7ZGS,L7ZGS
RRZDU,RRZDU
OM64D,OM64D
GNWDH,GNWDH
DK2XF,DK2XF
5RHJN,5RHJN
IV54U,IV54U
7GLL5,7GLL5
J2E3E,J2E3E
BMPFK,BMPFK
R0UYJ,R0UYJ
LEKCX,LEKCX
Y7QKI,Y7QKI
VYXZK,VYXZK
NNKVQ,NNKVQ
X8DIH,X8DIH
83GX1,83GX1
PR4QR,PR4QR
N9NM3,N9NM3
ZD9U2,ZD9U2
ABMKH,ABMKH
KDOSU,KDOSU
DZ9C6,DZ9C6
N6N0F,N6N0F
VOUKC,VOUKC
2K74B,2K74B
PE6OA,PE6OA
MYDA4,MYDA4
6EYLS,6EYLS
R5O4F,R5O4F
GFNBR,GFNBR
H5QOS,H5QOS
VC7ZX,VC7ZX
AW26X,AW26X
KMGUP,KMGUP
PS9YI,PS9YI
OB36Y,OB36Y
HGYAA,HGYAA
M24B1,M24B1
U1PII,U1PII
3C7CO,3C7CO
4MK2Y,4MK2Y
QZMGL,QZMGL
6WELS,6WELS
ZNQXT,ZNQXT
8U8OC,8U8OC
RBZK1,RBZK1
RFSGL,RFSGL
LLBE6,LLBE6
70PKS,70PKS
R6RXP,R6RXP
BZF9A,BZF9A
3CSX3,3CSX3
3JIAP,3JIAP
22HBH,22HBH
2YZR6,2YZR6
GNQ36,GNQ36
SANXT,SANXT
2RB55,2RB55
UR39B,UR39B
X0ZN1,X0ZN1
GUP38,GUP38
0Z967,0Z967
JIS4Z,JIS4Z
MKFJ6,MKFJ6
W8FKG,W8FKG
X79FY,X79FY
AF1IG,AF1IG
7CPIE,7CPIE
71V1P,71V1P
T49EO,T49EO
LJ6TK,LJ6TK
I0DVB,I0DVB
3KOTJ,3KOTJ
YZZLL,YZZLL
J12JB,J12JB
K2857,K2857
NT7O3,NT7O3
MZECC,MZECC
I91G3,I91G3
RQR4F,RQR4F
ZY90A,ZY90A
JN9ED,JN9ED
3Y7GQ,3Y7GQ
GD285,GD285
B9C0N,B9C0N
ZZNL8,ZZNL8
B0P18,B0P18
OGD0C,OGD0C
9SS1U,9SS1U
U9AKG,U9AKG
4VQA0,4VQA0
Y2R9H,Y2R9H
89JGW,89JGW
FUQP8,FUQP8
YVPNY,YVPNY
R4KCO,R4KCO
W2SG7,W2SG7
1VLF4,1VLF4
ZDLIX,ZDLIX
QVXZP,QVXZP
B40UH,B40UH
P0RBF,P0RBF
1QM0A,1QM0A
N2Y5P,N2Y5P
QMBQD,QMBQD
WG9FY,WG9FY
EPC0W,EPC0W
SSZ76,SSZ76
GCNY7,GCNY7
XBDIX,XBDIX
EHQYP,EHQYP
685SQ,685SQ
S5MYW,S5MYW
JQLX1,JQLX1
JZP5B,JZP5B
8GYRX,8GYRX
SQ2LN,SQ2LN
XEK36,XEK36
A0CB9,A0CB9
4QKA4,4QKA4
BYBCI,BYBCI
WUTGC,WUTGC
FKH65,FKH65
SVI0M,SVI0M
N00MD,N00MD
OMAQU,OMAQU
7JWBO,7JWBO
WN8TV,WN8TV
9FUEQ,9FUEQ
A4A1F,A4A1F
VDB0A,VDB0A
TM3X4,TM3X4
OTXH2,OTXH2
AC3WA,AC3WA
UBRRK,UBRRK
N1A87,N1A87
UTY8B,UTY8B
O56DS,O56DS
3NSC0,3NSC0
MKL8O,MKL8O
M0DIR,M0DIR
UDE5F,UDE5F
WXV33,WXV33
I4FH8,I4FH8
Q4MI9,Q4MI9
RQI3W,RQI3W
GXBGE,GXBGE
KBY3C,KBY3C
DSRYS,DSRYS
HJ69V,HJ69V
P8DGY,P8DGY
FIX37,FIX37
FUTCJ,FUTCJ
ZOAQC,ZOAQC
OJ0BL,OJ0BL
LBNOK,LBNOK
3YO53,3YO53
YNO9N,YNO9N
WP2UA,WP2UA
O18NF,O18NF
MB9T6,MB9T6
XYX27,XYX27
NU0JO,NU0JO
HHK0J,HHK0J
KU0MX,KU0MX
VJ2BX,VJ2BX
0AOTY,0AOTY
K7H23,K7H23
HSCEK,HSCEK
2IIY7,2IIY7
A592E,A592E
9T8CN,9T8CN
MBWX8,MBWX8
WHH5T,WHH5T
I74KR,I74KR
YI8W5,YI8W5
83FFO,83FFO
42ND9,42ND9
MC2M7,MC2M7
OJF4E,OJF4E
OD9GP,OD9GP
8FTLF,8FTLF
JUZS1,JUZS1
PAHP0,PAHP0
0SMHF,0SMHF
1ZREH,1ZREH
BXOWD,BXOWD
GP1VL,GP1VL
B3JQZ,B3JQZ
ZBK2V,ZBK2V
FQ9HJ,FQ9HJ
DB96D,DB96D
GKO3I,GKO3I
NX4TZ,NX4TZ
K50TG,K50TG
83GTD,83GTD
CE79X,CE79X
3MHLK,3MHLK
5KCJX,5KCJX
WRBR5,WRBR5
D3GP1,D3GP1
0P5B5,0P5B5
FZOWM,FZOWM
4EI08,4EI08
KFPN1,KFPN1
84D7R,84D7R
57JQN,57JQN
SYXMD,SYXMD
NQ1F8,NQ1F8
PZLNV,PZLNV
NPDQR,NPDQR
Z4KQA,Z4KQA
5L7FS,5L7FS
LDCL1,LDCL1
0Q7RB,0Q7RB
DZID0,DZID0
P1EQ8,P1EQ8
GFJXX,GFJXX
61133,61133
7OJTW,7OJTW
C0WEI,C0WEI
LWH3F,LWH3F
KWFW0,KWFW0
Z1CXP,Z1CXP
RJGAX,RJGAX
LX4ZG,LX4ZG
61BM0,61BM0
9XANV,9XANV
D8LHC,D8LHC
3MM5W,3MM5W
DOO72,DOO72
F2XU7,F2XU7
H463X,H463X
8J0C9,8J0C9
XUJAG,XUJAG
DLBT7,DLBT7
TCYXX,TCYXX
YGEJW,YGEJW
HMPC4,HMPC4
KMSJA,KMSJA
2BYYW,2BYYW
8SGYO,8SGYO
1DYY9,1DYY9
DSO3S,DSO3S
5V8CP,5V8CP
9RRSQ,9RRSQ
SJ6A4,SJ6A4
I67LE,I67LE
Z9NK8,Z9NK8
8M53M,8M53M
H1H4L,H1H4L
6EYNZ,6EYNZ
0K96G,0K96G
Y08X5,Y08X5
HAPZR,HAPZR
OX3RU,OX3RU
1F6F4,1F6F4
CZ0QI,CZ0QI
NDOQO,NDOQO
2WZES,2WZES
6Z7RB,6Z7RB
0YCCT,0YCCT
4IPBZ,4IPBZ
TOSMB,TOSMB
1FXF5,1FXF5
S9RGT,S9RGT
S7JHI,S7JHI
S8U2T,S8U2T
Z3UA9,Z3UA9
8COL1,8COL1
67U33,67U33
PIY1F,PIY1F
8957N,8957N
V385T,V385T
LLI21,LLI21
FL69D,FL69D
TOQHL,TOQHL
VH0TV,VH0TV
PVG7U,PVG7U
Y74GK,Y74GK
GECQG,GECQG
G0NTH,G0NTH
LH0G0,LH0G0
N5V6C,N5V6C
I878N,I878N
S673Z,S673Z
X8W4A,X8W4A
SJ8DS,SJ8DS
2EYBP,2EYBP
2KC91,2KC91
WANC9,WANC9
BCQ9Q,BCQ9Q
BOC10,BOC10
W5VLP,W5VLP
HQXJJ,HQXJJ
LERZL,LERZL
DBUQN,DBUQN
62VHX,62VHX
K4FDH,K4FDH
7U2SX,7U2SX
RHD15,RHD15
4IYF9,4IYF9
ED8PT,ED8PT
FAJVA,FAJVA
BZQWG,BZQWG
JRE33,JRE33
29B76,29B76
J056S,J056S
ZXQ2Y,ZXQ2Y
T0OQ0,T0OQ0
CJ7NI,CJ7NI
EGJGL,EGJGL
H3W0K,H3W0K
OL5CU,OL5CU
UO8RI,UO8RI
RW6L8,RW6L8
DB0YP,DB0YP
H78SC,H78SC
UO8XM,UO8XM
TZ70M,TZ70M
SQMEA,SQMEA
9R76F,9R76F
9V2DC,9V2DC
1H335,1H335
G25KZ,G25KZ
UWIW4,UWIW4
7MUL8,7MUL8
UNHWH,UNHWH
4J7AG,4J7AG
RIO56,RIO56
04QJZ,04QJZ
TAGFK,TAGFK
1FHUY,1FHUY
TD8G9,TD8G9
HKLYN,HKLYN
C9I5J,C9I5J
LIICQ,LIICQ
MKGU3,MKGU3
25874,25874
2GI59,2GI59
OM3M6,OM3M6
58VCG,58VCG
NTGYH,NTGYH
WJLOW,WJLOW
HG5JJ,HG5JJ
WE4IE,WE4IE
9G59O,9G59O
U44NP,U44NP
EJJLX,EJJLX
U58SY,U58SY
Z8JPK,Z8JPK
FT8YZ,FT8YZ
Z8OJD,Z8OJD
D9RY9,D9RY9
WNO03,WNO03
Z9PTH,Z9PTH
09UOI,09UOI
J8ZIV,J8ZIV
417WR,417WR
UTCU7,UTCU7
8UB0R,8UB0R
RKPYW,RKPYW
6T2IR,6T2IR
LLWSA,LLWSA
8E0NS,8E0NS
90YWY,90YWY
D1V01,D1V01
BEUTS,BEUTS
CZZ48,CZZ48
86C97,86C97
547IK,547IK
WF2D4,WF2D4
AGQ7V,AGQ7V
A8TDO,A8TDO
GIM2F,GIM2F
C1NVB,C1NVB
GVTB7,GVTB7
LIYWN,LIYWN
01WP8,01WP8
ZSK3J,ZSK3J
F443C,F443C
NMKAR,NMKAR
KSHJR,KSHJR
1VDMC,1VDMC
0T9V9,0T9V9
YU5OF,YU5OF
UCVV5,UCVV5
145IE,145IE
ETX8T,ETX8T
NRTT6,NRTT6
MVN8A,MVN8A
HKF05,HKF05
VEGHZ,VEGHZ
BASG0,BASG0
EKTP4,EKTP4
G6GAN,G6GAN
YXACU,YXACU
CNVF7,CNVF7
ZW8T6,ZW8T6
7R0AG,7R0AG
JTSOM,JTSOM
CQE0M,CQE0M
U4OFF,U4OFF
XA53I,XA53I
X53DP,X53DP
J9GGS,J9GGS
UL95G,UL95G
217FN,217FN
PTQT7,PTQT7
EFGUB,EFGUB
97JVC,97JVC
9LQ5X,9LQ5X
N73KZ,N73KZ
OADSB,OADSB
J1Q55,J1Q55
U0UYR,U0UYR
UZ1ZX,UZ1ZX
SXUUI,SXUUI
YSH0C,YSH0C
KX4VX,KX4VX
LDQ2H,LDQ2H
8GYP0,8GYP0
E077Q,E077Q
CZU4G,CZU4G
YVPDN,YVPDN
SB1OJ,SB1OJ
S01LD,S01LD
8UBSX,8UBSX
E3VFK,E3VFK
Q43ZG,Q43ZG
KW31E,KW31E
L7PQL,L7PQL
7U6LY,7U6LY
KI0XF,KI0XF
LYF2C,LYF2C
F3E4I,F3E4I
IP6PW,IP6PW
X0KTP,X0KTP
Q6273,Q6273
AC779,AC779
8AKNS,8AKNS
5YN3U,5YN3U
P5KRW,P5KRW
VGFL5,VGFL5
M60RB,M60RB
WZ340,WZ340
4ARER,4ARER
Y22VX,Y22VX
PZU34,PZU34
1V7HP,1V7HP
FF684,FF684
QCOUX,QCOUX
7GAAK,7GAAK
Q41OS,Q41OS
UUN27,UUN27
XD9O4,XD9O4
P2LAZ,P2LAZ
2BCFZ,2BCFZ
I8NKY,I8NKY
EVNB0,EVNB0
AAQKC,AAQKC
QBDC9,QBDC9
JNDD6,JNDD6
IR01S,IR01S
LGLTH,LGLTH
DLP4K,DLP4K
RISQM,RISQM
JM9H7,JM9H7
WLTY0,WLTY0
0I105,0I105
M0OLB,M0OLB
CY4SZ,CY4SZ
U9GX4,U9GX4
I7IMI,I7IMI
K75ZL,K75ZL
IRN6J,IRN6J
7GUJK,7GUJK
V56B9,V56B9
TY2A4,TY2A4
LDILG,LDILG
F7PNW,F7PNW
XN1MF,XN1MF
V12F1,V12F1
EKSNC,EKSNC
S87QL,S87QL
R9V9F,R9V9F
OJY5D,OJY5D
VHUQU,VHUQU
66Y72,66Y72
K11TY,K11TY
KK0CV,KK0CV
2U9PL,2U9PL
UB0A2,UB0A2
9ECXZ,9ECXZ
KFWVU,KFWVU
9ZGSL,9ZGSL
YFOLO,YFOLO
L6NKA,L6NKA
71DCJ,71DCJ
VWTFX,VWTFX
38MDE,38MDE
5EOJ4,5EOJ4
Q3RBX,Q3RBX
H6GM4,H6GM4
OUYPR,OUYPR
DK0OR,DK0OR
Y5CJS,Y5CJS
BH0TJ,BH0TJ
QH87A,QH87A
49TXA,49TXA
9OKPU,9OKPU
0P4AZ,0P4AZ
ZLSO5,ZLSO5
T5SM4,T5SM4
H0776,H0776
4PQVQ,4PQVQ
V5M4D,V5M4D
HB341,HB341
G3S8A,G3S8A
PN91O,PN91O
1LOW0,1LOW0
YKZZ1,YKZZ1
HIGW4,HIGW4
EUQOS,EUQOS
98Q0S,98Q0S
1TMBD,1TMBD
2YFEU,2YFEU
E6S2A,E6S2A
0I8EQ,0I8EQ
TAUL8,TAUL8
FUKB1,FUKB1
PX1CS,PX1CS
XQ9SJ,XQ9SJ
02QZ6,02QZ6
AYBP5,AYBP5
D2G1G,D2G1G
ADR60,ADR60
4QXSH,4QXSH
J4SSN,J4SSN
OQVQB,OQVQB
V1C5P,V1C5P
PKMZG,PKMZG
WWTP2,WWTP2
ABR2A,ABR2A
540H6,540H6
IH6NL,IH6NL
USKF2,USKF2
D7SK1,D7SK1
PYU1T,PYU1T
7672Y,7672Y
86OGP,86OGP
7Z5SF,7Z5SF
R05XY,R05XY
E65QJ,E65QJ
LCY15,LCY15
9RU1R,9RU1R
BBPT2,BBPT2
760RR,760RR
J2KIV,J2KIV
BZQW2,BZQW2
8T345,8T345
R2I8I,R2I8I
0O0CU,0O0CU
500O8,500O8
XII4G,XII4G
FPYDP,FPYDP
EVPKW,EVPKW
BFG6W,BFG6W
488W4,488W4
2DAMF,2DAMF
JBSH2,JBSH2
1C5D6,1C5D6
FW6P6,FW6P6
WI42W,WI42W
DIOW2,DIOW2
4YBPN,4YBPN
78N2W,78N2W
XJ8NJ,XJ8NJ
OYYHY,OYYHY
BFX31,BFX31
B4613,B4613
K7464,K7464
TRW8F,TRW8F
JAQKZ,JAQKZ
J3E7P,J3E7P
KKH9R,KKH9R
GTZC8,GTZC8
FUK4A,FUK4A
7WRHM,7WRHM
2HN9Y,2HN9Y
59NY2,59NY2
NVPFC,NVPFC
0J214,0J214
BU58J,BU58J
QOAW6,QOAW6
PBFXJ,PBFXJ
1LM31,1LM31
P7YQ8,P7YQ8
22QQE,22QQE
EZMU0,EZMU0
BB45A,BB45A
7RKVU,7RKVU
SIW01,SIW01
F6RQ1,F6RQ1
8KZCS,8KZCS
W9W2I,W9W2I
D3C9Q,D3C9Q
R3G9X,R3G9X
3HL92,3HL92
6W1TU,6W1TU
04MHH,04MHH
LOUOW,LOUOW
ZFRKB,ZFRKB
HICK3,HICK3
T2KHG,T2KHG
ALDO6,ALDO6
YZIOZ,YZIOZ
CZYHX,CZYHX
JUB9V,JUB9V
MYFHK,MYFHK
21QUN,21QUN
S0420,S0420
Z7V0Y,Z7V0Y
GOLMI,GOLMI
2OLI3,2OLI3
RFJFW,RFJFW
DPPW8,DPPW8
LDFLI,LDFLI
TMF36,TMF36
ZI5AZ,ZI5AZ
ZVWR2,ZVWR2
RU7BG,RU7BG
DE6I0,DE6I0
U2YPU,U2YPU
9LFVJ,9LFVJ
DYRKB,DYRKB
VKGTB,VKGTB
21QRK,21QRK
K6YOW,K6YOW
YSF26,YSF26
DMWQM,DMWQM
86MBF,86MBF
QKMD6,QKMD6
Q6DDR,Q6DDR
VGW76,VGW76
R0X6D,R0X6D
69TB8,69TB8
MKXFM,MKXFM
SF1GK,SF1GK
PAZGJ,PAZGJ
51XMM,51XMM
HZTPY,HZTPY
U2L5Z,U2L5Z
6RQPN,6RQPN
YVAPG,YVAPG
1G0E3,1G0E3
RTTZQ,RTTZQ
UP6JD,UP6JD
T31U8,T31U8
4V2LY,4V2LY
0U1IK,0U1IK
8LT8Y,8LT8Y
XUZ2V,XUZ2V
3IFFQ,3IFFQ
7XZ7P,7XZ7P
HVC4S,HVC4S
15YX8,15YX8
WWBOH,WWBOH
MLOY7,MLOY7
M897B,M897B
P72U9,P72U9
O46SP,O46SP
OQIC1,OQIC1
E3AXL,E3AXL
QBD8C,QBD8C
KWGC4,KWGC4
U59K0,U59K0
RC9AX,RC9AX
W6QBT,W6QBT
09P2F,09P2F
K4SSF,K4SSF
PYY34,PYY34
B4WLH,B4WLH
ZNLAD,ZNLAD
0OXQY,0OXQY
QO68L,QO68L
20T9D,20T9D
6TI00,6TI00
UXJBM,UXJBM
0Y707,0Y707
LGK9C,LGK9C
FVZHK,FVZHK
D5ZWB,D5ZWB
SRXYE,SRXYE
01QGV,01QGV
3QVMF,3QVMF
SHNZ4,SHNZ4
TP9UW,TP9UW
JYFIG,JYFIG
C3U8W,C3U8W
IU2LW,IU2LW
TO1DC,TO1DC
FDY1M,FDY1M
VR8JZ,VR8JZ
MM01T,MM01T
JRBQG,JRBQG
PII45,PII45
5EIJY,5EIJY
5N07R,5N07R
F3KLE,F3KLE
P0L0J,P0L0J
DGOUS,DGOUS
AGNXM,AGNXM
PDUDT,PDUDT
P2LAK,P2LAK
2QZPX,2QZPX
26KFZ,26KFZ
XCSE6,XCSE6
I9QBV,I9QBV
U5A63,U5A63
JJ5VM,JJ5VM
T4SUK,T4SUK
WJO9Q,WJO9Q
JI9BQ,JI9BQ
1SNY1,1SNY1
YIECT,YIECT
XNNT9,XNNT9
3BHQM,3BHQM
47L2H,47L2H
EASR2,EASR2
BSICW,BSICW
OFA75,OFA75
M98JI,M98JI
9S8RQ,9S8RQ
5E962,5E962
5EYF3,5EYF3
U3L78,U3L78
4VEDK,4VEDK
8YTK5,8YTK5
ALHI1,ALHI1
62Y4S,62Y4S
JZ4M9,JZ4M9
GXIPK,GXIPK
LREO9,LREO9
UZQH1,UZQH1
Z57RQ,Z57RQ
NN71L,NN71L
TZSN8,TZSN8
87NFF,87NFF
YJC5D,YJC5D
J1NHY,J1NHY
YOSEF,YOSEF
OQXKF,OQXKF
B2EYC,B2EYC
U1X4P,U1X4P
TLT6H,TLT6H
7OLRW,7OLRW
L94L2,L94L2
78VVV,78VVV
GU6Q3,GU6Q3
KT7W6,KT7W6
M6XBE,M6XBE
6XX0G,6XX0G
29WFS,29WFS
KY3PI,KY3PI
68TE8,68TE8
XYQ1S,XYQ1S
ULNUV,ULNUV
MDX54,MDX54
WRM4Y,WRM4Y
K0SPO,K0SPO
FD0RU,FD0RU
6FZJC,6FZJC
SC3ZC,SC3ZC
XT6B6,XT6B6
2FO0Q,2FO0Q
72XQR,72XQR
FT0CC,FT0CC
CC467,CC467
1JXNH,1JXNH
ZZBII,ZZBII
5T522,5T522
YBSSK,YBSSK
0D4AV,0D4AV
YZ6SO,YZ6SO
AT4CE,AT4CE
IKYWT,IKYWT
TUJTF,TUJTF
Y0ILV,Y0ILV
V2O68,V2O68
6RWL3,6RWL3
K36L9,K36L9
F9068,F9068
CR7TA,CR7TA
VZK3P,VZK3P
E5G9A,E5G9A
IFO7B,IFO7B
UDIOK,UDIOK
MUEMO,MUEMO
QM87G,QM87G
6HPJL,6HPJL
3DW6C,3DW6C
WIW4C,WIW4C
4OVJO,4OVJO
DOX2O,DOX2O
C2RQH,C2RQH
QJKVK,QJKVK
A2V2L,A2V2L
EWA9S,EWA9S
KTM9G,KTM9G
VOVX6,VOVX6
9SCIK,9SCIK
24AHJ,24AHJ
L4HKI,L4HKI
5UIDS,5UIDS
RROCW,RROCW
67899,67899
I6TWW,I6TWW
5MYCB,5MYCB
42BDU,42BDU
V9UCD,V9UCD
KRR7J,KRR7J
ASF4K,ASF4K
9X1AC,9X1AC
Z9O1V,Z9O1V
OP801,OP801
FDCQO,FDCQO
Y0RLZ,Y0RLZ
4KHH2,4KHH2
16WT8,16WT8
TGREZ,TGREZ
GY6GO,GY6GO
WVLEK,WVLEK
O1OY4,O1OY4
S539S,S539S
BG6YW,BG6YW
UZ4QZ,UZ4QZ
DSEFG,DSEFG
CG88L,CG88L
QBAA6,QBAA6
TX590,TX590
F8E16,F8E16
JI08O,JI08O
D7NJB,D7NJB
53HXO,53HXO
7OSJW,7OSJW
GRTUN,GRTUN
75NBA,75NBA
C0FIW,C0FIW
D0D0K,D0D0K
Y9CMO,Y9CMO
B5ZDU,B5ZDU
LJC6Q,LJC6Q
IOY5D,IOY5D
PBNX1,PBNX1
2FE2U,2FE2U
NBNKJ,NBNKJ
D32TS,D32TS
TB64E,TB64E
BDBYT,BDBYT
U99RE,U99RE
AUFWK,AUFWK
XNX8L,XNX8L
5WBB3,5WBB3
SYGVE,SYGVE
ZYUBG,ZYUBG
55SYF,55SYF
FYJ8D,FYJ8D
EG44P,EG44P
H73DP,H73DP
OOTKB,OOTKB
4ZFDO,4ZFDO
X2LQW,X2LQW
5081B,5081B
JY20B,JY20B
JW0VQ,JW0VQ
DXEUM,DXEUM
J6UZF,J6UZF
RZ7ZO,RZ7ZO
L3AWV,L3AWV
Z3ENX,Z3ENX
YZ9SQ,YZ9SQ
LIMUD,LIMUD
NK8DT,NK8DT
JP9C2,JP9C2
18B8J,18B8J
M0V6U,M0V6U
VU4GC,VU4GC
0GJTT,0GJTT
KF8H0,KF8H0
O1WQS,O1WQS
GYRH1,GYRH1
HF1E6,HF1E6
CV8KY,CV8KY
T82P5,T82P5
CKTU4,CKTU4
9ZDEE,9ZDEE
Q5WJJ,Q5WJJ
6B1QZ,6B1QZ
W9Z5A,W9Z5A
2HMSA,2HMSA
68JBC,68JBC
GZ1VC,GZ1VC
3QRB3,3QRB3
RRUT3,RRUT3
RFYPL,RFYPL
TRM3F,TRM3F
LVLY7,LVLY7
UZN6C,UZN6C
H2XKC,H2XKC
KGZVC,KGZVC
E7VVJ,E7VVJ
38T1J,38T1J
26Q6S,26Q6S
TNYUO,TNYUO
SNYV1,SNYV1
ZY1UT,ZY1UT
W8V4Q,W8V4Q
MHTCV,MHTCV
MS7U0,MS7U0
STVQA,STVQA
E3K83,E3K83
22VAS,22VAS
GZJN8,GZJN8
9ZNHP,9ZNHP
DTZZ2,DTZZ2
I9CWU,I9CWU
4ZIQ5,4ZIQ5
FN36O,FN36O
84529,84529
0E60N,0E60N
5T1XC,5T1XC
0GN61,0GN61
FQJIL,FQJIL
YOJYA,YOJYA
RR8PX,RR8PX
VIP7K,VIP7K
921MT,921MT
JHB3Y,JHB3Y
1WBSS,1WBSS
D7A6W,D7A6W
T7BKN,T7BKN
MQKW5,MQKW5
869KC,869KC
OTIEG,OTIEG
2X8W4,2X8W4
F86RO,F86RO
CLJVT,CLJVT
5YHG9,5YHG9
XO7GP,XO7GP
3OFBL,3OFBL
WU8ET,WU8ET
ZY2K4,ZY2K4
948PF,948PF
7JHRC,7JHRC
1O5U8,1O5U8
OXG7O,OXG7O
61POH,61POH
IDNQF,IDNQF
YHNKA,YHNKA
ERKO7,ERKO7
JEDE5,JEDE5
V70PL,V70PL
8ESQJ,8ESQJ
YEY4B,YEY4B
3H6UR,3H6UR
4NXSD,4NXSD
R8YZ5,R8YZ5
WCDB7,WCDB7
7LL2R,7LL2R
KHCEO,KHCEO
821BL,821BL
MXY68,MXY68
CKQPV,CKQPV
W8WOK,W8WOK
7TA4N,7TA4N
8BY70,8BY70
IU20V,IU20V
178MA,178MA
27PIC,27PIC
QL8LW,QL8LW
PXD1U,PXD1U
QP50A,QP50A
R72H2,R72H2
H9WI5,H9WI5
SAQO7,SAQO7
S2CK7,S2CK7
6XGA5,6XGA5
RM33G,RM33G
T42UL,T42UL
2Z5VY,2Z5VY
FPMLP,FPMLP
V2P9G,V2P9G
58H7B,58H7B
WZCPK,WZCPK
F35OR,F35OR
WO9E1,WO9E1
PAOZ8,PAOZ8
7ZBXP,7ZBXP
XF9EQ,XF9EQ
ZTPVY,ZTPVY
6ZTWB,6ZTWB
OWKE7,OWKE7
5FQRB,5FQRB
CEBV8,CEBV8
GYTFE,GYTFE
LUM0T,LUM0T
IK4C4,IK4C4
BP67G,BP67G
UPJVY,UPJVY
WCELU,WCELU
R2P3B,R2P3B
QEUXZ,QEUXZ
YH49B,YH49B
QU1J0,QU1J0
RKN5H,RKN5H
3YYYG,3YYYG
F40GO,F40GO
C9XQY,C9XQY
OPICN,OPICN
V9OER,V9OER
68UV2,68UV2
AJBDF,AJBDF
R0ADZ,R0ADZ
HKXJ5,HKXJ5
TAZD6,TAZD6
QMNBS,QMNBS
IPVMZ,IPVMZ
6DOAU,6DOAU
67ONP,67ONP
PKNJC,PKNJC
7U79D,7U79D
VFBN9,VFBN9
E9GVC,E9GVC
FGRCT,FGRCT
Y6OZV,Y6OZV
Y1KRL,Y1KRL
1LTYO,1LTYO
BRCEF,BRCEF
2J66L,2J66L
RY32V,RY32V
N8GED,N8GED
9NWZA,9NWZA
ICA2F,ICA2F
HCPDU,HCPDU
30V9M,30V9M
9LXIC,9LXIC
0UW64,0UW64
J7PRT,J7PRT
YL3D2,YL3D2
82RYG,82RYG
KD3L8,KD3L8
ZROFB,ZROFB
DU1YD,DU1YD
D2PJP,D2PJP
Q03ZH,Q03ZH
QSGB3,QSGB3
K8M4A,K8M4A
WUKQ8,WUKQ8
D2I4Y,D2I4Y
JEZQA,JEZQA
MI0XE,MI0XE
5S22J,5S22J
18Z8Z,18Z8Z
VWFWG,VWFWG
LRV3N,LRV3N
K05JB,K05JB
DMIYS,DMIYS
WVETH,WVETH
L5NSW,L5NSW
QONIU,QONIU
UIPKG,UIPKG
TOUTZ,TOUTZ
4H6VB,4H6VB
KZCGF,KZCGF
UP69C,UP69C
4L72O,4L72O
S3RHY,S3RHY
G7E1L,G7E1L
M090J,M090J
H9LHI,H9LHI
756XN,756XN
SASST,SASST
U7JU3,U7JU3
K7EG7,K7EG7
QQPJN,QQPJN
4C4R6,4C4R6
M0U96,M0U96
OS0OO,OS0OO
95GSR,95GSR
P2G5O,P2G5O
8WI3R,8WI3R
4TXRV,4TXRV
UUQFA,UUQFA
OLU9P,OLU9P
3SJ0E,3SJ0E
OUTHM,OUTHM
R9VVI,R9VVI
OQ5PY,OQ5PY
LWJK8,LWJK8
ADFLQ,ADFLQ
4C1L5,4C1L5
OJC9P,OJC9P
QHWRW,QHWRW
QHVLF,QHVLF
EF0K6,EF0K6
0JENE,0JENE
H6WFM,H6WFM
HXTYL,HXTYL
ZMAUZ,ZMAUZ
XXJ75,XXJ75
C5063,C5063
YDZJV,YDZJV
CWLN4,CWLN4
59LKW,59LKW
SALHF,SALHF
GOJP8,GOJP8
00WN0,00WN0
5X80K,5X80K
61YHQ,61YHQ
V7YSS,V7YSS
BBEO6,BBEO6
QMG3Y,QMG3Y
781EQ,781EQ
0FYG0,0FYG0
2DTCO,2DTCO
WMNUG,WMNUG
PNTRQ,PNTRQ
JV4P3,JV4P3
JDUCU,JDUCU
N3L90,N3L90
IID6J,IID6J
EZLDH,EZLDH
5DZZO,5DZZO
L5RGL,L5RGL
NZ6IG,NZ6IG
DZK1J,DZK1J
NYFEA,NYFEA
Q8PNE,Q8PNE
9JW0V,9JW0V
AZ9KQ,AZ9KQ
8X9WS,8X9WS
JS5QB,JS5QB
D1KLN,D1KLN
S61X7,S61X7
CF78G,CF78G
I4DMY,I4DMY
T5JFS,T5JFS
B2UN6,B2UN6
GQO2N,GQO2N
Y0PKW,Y0PKW
6QA5D,6QA5D
NTFS4,NTFS4
8WPF1,8WPF1
7FUXV,7FUXV
GNALD,GNALD
E6Q5S,E6Q5S
4849N,4849N
DELIS,DELIS
ZD5A2,ZD5A2
VHMLE,VHMLE
IZCDK,IZCDK
JOI8M,JOI8M
2IIHF,2IIHF
B6HFV,B6HFV
T3J73,T3J73
RIUOL,RIUOL
FY8ZJ,FY8ZJ
X5R3V,X5R3V
CXK0C,CXK0C
5IKXF,5IKXF
GE4K6,GE4K6
VM9MR,VM9MR
NOOTP,NOOTP
JRWW2,JRWW2
IWGH6,IWGH6
UW52S,UW52S
LKCXC,LKCXC
XRWGF,XRWGF
F7R53,F7R53
6AMI2,6AMI2
APRTW,APRTW
729MS,729MS
TX2O7,TX2O7
WJN0U,WJN0U
1HT5P,1HT5P
G1SK7,G1SK7
QCUQQ,QCUQQ
7OZMU,7OZMU
V9FBL,V9FBL
T91AB,T91AB
WJ3K3,WJ3K3
5NYAE,5NYAE
GQ2ZR,GQ2ZR
2HLLV,2HLLV
OXSQC,OXSQC
M9IOJ,M9IOJ
EFKA6,EFKA6
2ZUXP,2ZUXP
VUFR1,VUFR1
N4TY4,N4TY4
SK5NP,SK5NP
DKNQR,DKNQR
SIK94,SIK94
CMNB3,CMNB3
RAKFZ,RAKFZ
9X8X6,9X8X6
0CG0Y,0CG0Y
5H3NZ,5H3NZ
78QI1,78QI1
PTSGL,PTSGL
YV7J3,YV7J3
EZI90,EZI90
KQYBV,KQYBV
99DQN,99DQN
V53OJ,V53OJ
DS6UJ,DS6UJ
6UZ1D,6UZ1D
C2MVP,C2MVP
KDOI0,KDOI0
HP82A,HP82A
ILVL3,ILVL3
7N7EL,7N7EL
1P527,1P527
WGRHL,WGRHL
TSPX1,TSPX1
37CGX,37CGX
72CPH,72CPH
RNEZJ,RNEZJ
Y4PH9,Y4PH9
H9BY9,H9BY9
QAA2Q,QAA2Q
F2V0O,F2V0O
5FQWL,5FQWL
2YZBF,2YZBF
2GQVA,2GQVA
YPK20,YPK20
HP7I3,HP7I3
CTLTM,CTLTM
FX0LA,FX0LA
1KJ4U,1KJ4U
SVKDO,SVKDO
D1Q1X,D1Q1X
IFFU7,IFFU7
YTAP4,YTAP4
SOVH7,SOVH7
I4I80,I4I80
BP1UY,BP1UY
GP2YD,GP2YD
EJ69O,EJ69O
K2CJW,K2CJW
BOAQV,BOAQV
2MVBJ,2MVBJ
GAN5W,GAN5W
6H1QV,6H1QV
J9AG6,J9AG6
YNWA7,YNWA7
3C17T,3C17T
K8L9K,K8L9K
K3I1I,K3I1I
IDFMC,IDFMC
K96AS,K96AS
BG6IY,BG6IY
OJH3X,OJH3X
O14AB,O14AB
D91PI,D91PI
G3ZR3,G3ZR3
D7N4H,D7N4H
JXL61,JXL61
FZEI2,FZEI2
6MC3T,6MC3T
EBQOR,EBQOR
21LW8,21LW8
FXZKN,FXZKN
MGXWW,MGXWW
29X72,29X72
WGKRZ,WGKRZ
BNM6S,BNM6S
X1IBZ,X1IBZ
3K1QA,3K1QA
9XF79,9XF79
WRRKO,WRRKO
RLF1F,RLF1F
NOWH9,NOWH9
M6MOT,M6MOT
S2B5G,S2B5G
B9J07,B9J07
X8WKQ,X8WKQ
CSZ85,CSZ85
VYBUJ,VYBUJ
0W0PK,0W0PK
K1K99,K1K99
663LA,663LA
FCU6O,FCU6O
CW293,CW293
4YQW4,4YQW4
YKFP7,YKFP7
O7EDP,O7EDP
X20HC,X20HC
5F9MB,5F9MB
QLTIA,QLTIA
X782M,X782M
ZCPWR,ZCPWR
ORT55,ORT55
KETCK,KETCK
UCQRI,UCQRI
VXJOH,VXJOH
O66HF,O66HF
3BL81,3BL81
MCYQU,MCYQU
4BUSZ,4BUSZ
ALV5M,ALV5M
JH67G,JH67G
ZZQWG,ZZQWG
CGGL4,CGGL4
OYSBI,OYSBI
K2QBO,K2QBO
K6G5N,K6G5N
9HA0A,9HA0A
QHMPA,QHMPA
6NCJL,6NCJL
KSYX5,KSYX5
K3PFG,K3PFG
YHB30,YHB30
N4UAN,N4UAN
3U5LL,3U5LL
DZOGC,DZOGC
RH1OQ,RH1OQ
9AGDV,9AGDV
FZ3HI,FZ3HI
32C6U,32C6U
LN0RC,LN0RC
HKUAY,HKUAY
1JZM0,1JZM0
5OWV2,5OWV2
SAROJ,SAROJ
3NMVB,3NMVB
PL80V,PL80V
QY8OW,QY8OW
0ZVAD,0ZVAD
E5PE6,E5PE6
FB9DU,FB9DU
RITSW,RITSW
R89XS,R89XS
KJ8XX,KJ8XX
1R37B,1R37B
B7K5F,B7K5F
L42TK,L42TK
2UMTH,2UMTH
SL5HQ,SL5HQ
A2N2J,A2N2J
HBP41,HBP41
UZBSY,UZBSY
U90X0,U90X0
LMT0R,LMT0R
2QPIK,2QPIK
66FTE,66FTE
GKXOF,GKXOF
LKEJH,LKEJH
NWB5J,NWB5J
4OFTE,4OFTE
459IT,459IT
NUAAO,NUAAO
P7HU6,P7HU6
QPXY9,QPXY9
2UMF3,2UMF3
0KTOR,0KTOR
U3621,U3621
PRJ3M,PRJ3M
HSZY1,HSZY1
GJ01I,GJ01I
IDK2Q,IDK2Q
ESTPB,ESTPB
FBQKO,FBQKO
YSZUK,YSZUK
KNDNK,KNDNK
284RP,284RP
KJ8S5,KJ8S5
HLYGJ,HLYGJ
6DVSO,6DVSO
9PKH1,9PKH1
0LMCS,0LMCS
K1HUY,K1HUY
ELV65,ELV65
5SKQE,5SKQE
AWEP0,AWEP0
LES6T,LES6T
933GP,933GP
HUXNN,HUXNN
VZV2X,VZV2X
AE9VG,AE9VG
R7P3I,R7P3I
T29S7,T29S7
P8FLH,P8FLH
MYJVS,MYJVS
5KUFL,5KUFL
L5005,L5005
OB9JD,OB9JD
KD7F4,KD7F4
ZIWGJ,ZIWGJ
RJMAA,RJMAA
RLSI6,RLSI6
VVSIJ,VVSIJ
WM5UM,WM5UM
UQ29N,UQ29N
6CJY6,6CJY6
K6HTH,K6HTH
FALQB,FALQB
9BUOU,9BUOU
FYSQL,FYSQL
H107M,H107M
BF7RB,BF7RB
5WGR7,5WGR7
F0YPA,F0YPA
JFGSH,JFGSH
OR6WW,OR6WW
M86NZ,M86NZ
K0X5I,K0X5I
UV06N,UV06N
N0GNR,N0GNR
E3Q6J,E3Q6J
L00CE,L00CE
XIUD5,XIUD5
QKYLX,QKYLX
Y1MRO,Y1MRO
9FXFD,9FXFD
ZUQOC,ZUQOC
BF8MG,BF8MG
HP9WY,HP9WY
LGK2S,LGK2S
XK57Z,XK57Z
O7UEY,O7UEY
M34NF,M34NF
ZGO87,ZGO87
8S9VB,8S9VB
9KFY0,9KFY0
XF7DJ,XF7DJ
MKEVB,MKEVB
IH1HY,IH1HY
QTKA1,QTKA1
DONI8,DONI8
92LXC,92LXC
2EOUB,2EOUB
PMK40,PMK40
E1962,E1962
A3EB3,A3EB3
8EHZW,8EHZW
UXW6W,UXW6W
RGCOD,RGCOD
YHVF6,YHVF6
MY51V,MY51V
4Q7LE,4Q7LE
BSBB1,BSBB1
3G6DC,3G6DC
7IDYM,7IDYM
WWS5A,WWS5A
L3QSL,L3QSL
W5KW5,W5KW5
HBSHU,HBSHU
SQT4G,SQT4G
AW4AX,AW4AX
2GYBJ,2GYBJ
J6MWY,J6MWY
9G86T,9G86T
X8C6Z,X8C6Z
2CSP3,2CSP3
BMKUH,BMKUH
C2MNV,C2MNV
7ZLJ4,7ZLJ4
VORH6,VORH6
W3AZ5,W3AZ5
NKCP2,NKCP2
U4TI3,U4TI3
3RTSK,3RTSK
FT4VC,FT4VC
R2PO8,R2PO8
WMEYY,WMEYY
JOU31,JOU31
1MZE2,1MZE2
Q876I,Q876I
DVW4P,DVW4P
ZQ5ZK,ZQ5ZK
IVD22,IVD22
UWD0F,UWD0F
KI3HM,KI3HM
UFB8R,UFB8R
3GA44,3GA44
6OUKD,6OUKD
S08AX,S08AX
LZN57,LZN57
9N35M,9N35M
Z67UE,Z67UE
GAJW4,GAJW4
J2VZB,J2VZB
KZ1VQ,KZ1VQ
NRWHO,NRWHO
G7PR0,G7PR0
0UU9V,0UU9V
UHCDJ,UHCDJ
NSZ07,NSZ07
HU4PX,HU4PX
GRIJ4,GRIJ4
PCBM1,PCBM1
ZGQNX,ZGQNX
HSY6U,HSY6U
R6MIH,R6MIH
2QNVS,2QNVS
AY6WC,AY6WC
NQRMO,NQRMO
8WEF7,8WEF7
C6P3N,C6P3N
5PSBD,5PSBD
SFNBE,SFNBE
Z7HZ8,Z7HZ8
BLLI3,BLLI3
2OQJ7,2OQJ7
FW1XK,FW1XK
4HLJV,4HLJV
LEH16,LEH16
3RTAV,3RTAV
SQ0DD,SQ0DD
A5KQ7,A5KQ7
ZKS4M,ZKS4M
8G2EJ,8G2EJ
E8G01,E8G01
9MLI9,9MLI9
I0NGQ,I0NGQ
P3BUT,P3BUT
VYCGC,VYCGC
F9H4R,F9H4R
39CED,39CED
6780R,6780R
OFW7D,OFW7D
SYN50,SYN50
Y7Y4A,Y7Y4A
Q40SJ,Q40SJ
XT2PJ,XT2PJ
2PPZ7,2PPZ7
Q15BK,Q15BK
SZUN4,SZUN4
VB9FC,VB9FC
C105M,C105M
AHJLV,AHJLV
IQOIT,IQOIT
RO0YH,RO0YH
4CURD,4CURD
1OSJM,1OSJM
36C74,36C74
S0XMZ,S0XMZ
0RC6B,0RC6B
QTJIU,QTJIU
NIHJH,NIHJH
EPGX6,EPGX6
Y190Y,Y190Y
VI6J4,VI6J4
1WTQ2,1WTQ2
ZOX2V,ZOX2V
XMUJQ,XMUJQ
HO50G,HO50G
30LCR,30LCR
DSKLA,DSKLA
YCI6A,YCI6A
SL06W,SL06W
I0CDK,I0CDK
4L03E,4L03E
9JPRG,9JPRG
OGKI0,OGKI0
ORNW1,ORNW1
Y1K9M,Y1K9M
OT4Q8,OT4Q8
W2CQ1,W2CQ1
NCFMP,NCFMP
HW4OC,HW4OC
WNGA0,WNGA0
NBJ23,NBJ23
JWJ0Z,JWJ0Z
7RUFA,7RUFA
F3K6P,F3K6P
6LFEU,6LFEU
WS4DP,WS4DP
3VC9X,3VC9X
CHAR8,CHAR8
ZGCUT,ZGCUT
YJJLH,YJJLH
WG3L6,WG3L6
6NMOX,6NMOX
D9YA0,D9YA0
RZ3M0,RZ3M0
I4MBN,I4MBN
ITWKF,ITWKF
WF0QC,WF0QC
RU0BA,RU0BA
ADR12,ADR12
108ND,108ND
7X60Y,7X60Y
SEL1X,SEL1X
VWKPL,VWKPL
V0EEE,V0EEE
ECQ6I,ECQ6I
ICAVC,ICAVC
93ZJA,93ZJA
7TBCB,7TBCB
9K35G,9K35G
5E4KZ,5E4KZ
JSN80,JSN80
MXRUU,MXRUU
ELI7R,ELI7R
6F5EA,6F5EA
JEJB6,JEJB6
MB90M,MB90M
H3AFT,H3AFT
5OELD,5OELD
8PQCZ,8PQCZ
CLUVD,CLUVD
H0TWE,H0TWE
A12OR,A12OR
74IOU,74IOU
CL6DO,CL6DO
6C2RL,6C2RL
WTYSS,WTYSS
62E82,62E82
SJ5AC,SJ5AC
98SXP,98SXP
XGQK5,XGQK5
5KJ0A,5KJ0A
DR1BL,DR1BL
D1Z73,D1Z73
M04JS,M04JS
ULCBC,ULCBC
ZP3FO,ZP3FO
CHBTH,CHBTH
RI7EQ,RI7EQ
PRAI3,PRAI3
94JOY,94JOY
KO4PM,KO4PM
28V7M,28V7M
04M6L,04M6L
2UR6F,2UR6F
70JG5,70JG5
UEN9A,UEN9A
O6TZF,O6TZF
1Y2RQ,1Y2RQ
EC4SR,EC4SR
W6EGT,W6EGT
OHP3Z,OHP3Z
PZL97,PZL97
Q682L,Q682L
BURUD,BURUD
HCBUU,HCBUU
IMSEX,IMSEX
CIT9C,CIT9C
9C747,9C747
LIURV,LIURV
9R57O,9R57O
Y1FUO,Y1FUO
Q14L8,Q14L8
LSDZ7,LSDZ7
F57AP,F57AP
9777P,9777P
1NK4K,1NK4K
5K809,5K809
VYFZ9,VYFZ9
F43H6,F43H6
IIEE8,IIEE8
NCKLG,NCKLG
7E1WL,7E1WL
1XFJI,1XFJI
AUQ3A,AUQ3A
FYTUH,FYTUH
WMOHE,WMOHE
02C67,02C67
4WZL1,4WZL1
J2W29,J2W29
2ZR9E,2ZR9E
YCK4W,YCK4W
BXWEY,BXWEY
PPZCM,PPZCM
4H0SI,4H0SI
359H0,359H0
VZ4EO,VZ4EO
YVFT2,YVFT2
X2MTV,X2MTV
UIIPP,UIIPP
W9EB7,W9EB7
ZNVFA,ZNVFA
27IVL,27IVL
DXU6Q,DXU6Q
6MJ8V,6MJ8V
QO5E0,QO5E0
K9712,K9712
L1KR4,L1KR4
2C5DI,2C5DI
YJ04V,YJ04V
UXO9D,UXO9D
YN6TM,YN6TM
TUZT1,TUZT1
OVN43,OVN43
28S5I,28S5I
KVQCL,KVQCL
GNTOI,GNTOI
743W1,743W1
ZCKQU,ZCKQU
7EQH5,7EQH5
QWT6M,QWT6M
7IJOI,7IJOI
CPWTO,CPWTO
OBW9L,OBW9L
T7E74,T7E74
DO7KH,DO7KH
D7OP2,D7OP2
I268H,I268H
BQ4D4,BQ4D4
S1KMU,S1KMU
OCIYZ,OCIYZ
NQ4UE,NQ4UE
K9RZE,K9RZE
OEITV,OEITV
FQF2W,FQF2W
72U5O,72U5O
S02LH,S02LH
OCJ0B,OCJ0B
LFF87,LFF87
LUEPJ,LUEPJ
JCRBE,JCRBE
3UAC2,3UAC2
ACG6F,ACG6F
RS77X,RS77X
DKLU6,DKLU6
5RAHW,5RAHW
GMN2O,GMN2O
O4U71,O4U71
NUNAU,NUNAU
EZD9T,EZD9T
4SR3F,4SR3F
XG37G,XG37G
EQ8DL,EQ8DL
QUWC7,QUWC7
GKHPS,GKHPS
4G40T,4G40T
0LJ6W,0LJ6W
2R74S,2R74S
ON3TI,ON3TI
W2J3J,W2J3J
17O7W,17O7W
EO4H6,EO4H6
OFFTP,OFFTP
KP9U1,KP9U1
GVDG2,GVDG2
QS2QB,QS2QB
D165T,D165T
BG72J,BG72J
CSZR0,CSZR0
CVTJ3,CVTJ3
VN3LI,VN3LI
VUHVL,VUHVL
9VPG7,9VPG7
JEB56,JEB56
C9M5P,C9M5P
2R5IE,2R5IE
BKKV8,BKKV8
6ILDG,6ILDG
3QY4U,3QY4U
VDNNL,VDNNL
7DT3T,7DT3T
YK5NU,YK5NU
STOQW,STOQW
23L3I,23L3I
6WMEI,6WMEI
HCI8C,HCI8C
532Q3,532Q3
0SA39,0SA39
JC7DX,JC7DX
WHLVF,WHLVF
PNGOG,PNGOG
3FSQD,3FSQD
NSDJ7,NSDJ7
8NY0W,8NY0W
XEUDU,XEUDU
VYYD9,VYYD9
SS07W,SS07W
9EDBE,9EDBE
I9U5X,I9U5X
42OYN,42OYN
X3FSG,X3FSG
C29ZL,C29ZL
TPO4D,TPO4D
8G6A9,8G6A9
CFHRC,CFHRC
Z4RH9,Z4RH9
8U7G1,8U7G1
J32QM,J32QM
2NDRM,2NDRM
M1KWB,M1KWB
789IJ,789IJ
2XUBG,2XUBG
WE58T,WE58T
29BPV,29BPV
4G00X,4G00X
6QAC4,6QAC4
654H3,654H3
VSXOI,VSXOI
0KIQ8,0KIQ8
GVDFO,GVDFO
T3R8V,T3R8V
A5AWE,A5AWE
56YGZ,56YGZ
PBNOA,PBNOA
WN6DY,WN6DY
I8UL3,I8UL3
41B0E,41B0E
EC7UD,EC7UD
LZ2ZJ,LZ2ZJ
EF0TY,EF0TY
0726R,0726R
RP6KN,RP6KN
DPOFF,DPOFF
JL1IE,JL1IE
WLNA6,WLNA6
XYOTM,XYOTM
I7GYD,I7GYD
J18T4,J18T4
A0L18,A0L18
8GYDP,8GYDP
DO9WY,DO9WY
1YTF1,1YTF1
SEU8G,SEU8G
A3676,A3676
04FA0,04FA0
5K4I8,5K4I8
NWJU2,NWJU2
VS5G2,VS5G2
CB7V6,CB7V6
O2YVZ,O2YVZ
WZ46J,WZ46J
2L81C,2L81C
CXFAL,CXFAL
ST84U,ST84U
K28W3,K28W3
G72CB,G72CB
A9W4H,A9W4H
OWZXA,OWZXA
ELBHT,ELBHT
RIX4O,RIX4O
3Q0TR,3Q0TR
ZAJBX,ZAJBX
4EBC0,4EBC0
KR0PT,KR0PT
P6LSA,P6LSA
6YHOF,6YHOF
MI497,MI497
LT9W0,LT9W0
WNBG9,WNBG9
HCLBR,HCLBR
6M751,6M751
VUKD6,VUKD6
3H0LP,3H0LP
GYPGK,GYPGK
HAL3S,HAL3S
OP51I,OP51I
9W7XL,9W7XL
MAFS2,MAFS2
PHGKR,PHGKR
BGQ3Z,BGQ3Z
H4CY5,H4CY5
FUWY5,FUWY5
T0AY0,T0AY0
QIFKL,QIFKL
SFZQI,SFZQI
UIZ87,UIZ87
N9M21,N9M21
88FSI,88FSI
HXPIN,HXPIN
VXDPR,VXDPR
XNCT3,XNCT3
77KKV,77KKV
DKX3S,DKX3S
UZO3O,UZO3O
ZS0C0,ZS0C0
BS6PD,BS6PD
XTT0Q,XTT0Q
6Q24H,6Q24H
EPX1K,EPX1K
J87WX,J87WX
JTMO4,JTMO4
MCDPF,MCDPF
AIZ41,AIZ41
QDQZ9,QDQZ9
JD8HG,JD8HG
9IWNG,9IWNG
3MRJA,3MRJA
2H1D9,2H1D9
KEQQ6,KEQQ6
VTVQ7,VTVQ7
KWQUM,KWQUM
4WIRC,4WIRC
5X9WL,5X9WL
CVQ59,CVQ59
5ZRDI,5ZRDI
Y5KKI,Y5KKI
QENH2,QENH2
FLHAF,FLHAF
4DWZN,4DWZN
Q6XCF,Q6XCF
DT4WD,DT4WD
GLTBY,GLTBY
BVV1C,BVV1C
9MEBC,9MEBC
950UQ,950UQ
4904O,4904O
5ZX6W,5ZX6W
50WZI,50WZI
TEQDH,TEQDH
8FV7U,8FV7U
BARPI,BARPI
7008H,7008H
G493Y,G493Y
RF0BF,RF0BF
E0LBC,E0LBC
EHYD9,EHYD9
ZAWJZ,ZAWJZ
GSANF,GSANF
1LM70,1LM70
XCBTS,XCBTS
KUOEY,KUOEY
PVLA9,PVLA9
FM3QB,FM3QB
FC2VU,FC2VU
Y2XMN,Y2XMN
IVT49,IVT49
068RY,068RY
XL4BN,XL4BN
VKT3F,VKT3F
3H9LO,3H9LO
OPJRJ,OPJRJ
J6J0G,J6J0G
N4VCV,N4VCV
X07YC,X07YC
3LZHK,3LZHK
NGONC,NGONC
VZRAK,VZRAK
KMBNY,KMBNY
Q9P98,Q9P98
LVOPH,LVOPH
P6X2Z,P6X2Z
I6OKV,I6OKV
IY9GR,IY9GR
PAOJL,PAOJL
RJWK3,RJWK3
TKPPY,TKPPY
GDEZI,GDEZI
LQBWR,LQBWR
LADOG,LADOG
VUJZ6,VUJZ6
WFOZS,WFOZS
ET01O,ET01O
V23PL,V23PL
O237V,O237V
ZLO4Z,ZLO4Z
GZWHB,GZWHB
T9R4Y,T9R4Y
V08W0,V08W0
9EP7U,9EP7U
3Q5T9,3Q5T9
ZTPQ9,ZTPQ9
OL1KS,OL1KS
3BHH5,3BHH5
610Y9,610Y9
1327Q,1327Q
LX1XT,LX1XT
OHBEH,OHBEH
P8Y7C,P8Y7C
PY2P2,PY2P2
HQWK2,HQWK2
F5BDM,F5BDM
UGKEU,UGKEU
L0S2Y,L0S2Y
1EHHV,1EHHV
R0HQ5,R0HQ5
IWXIP,IWXIP
QHXNL,QHXNL
AOMPV,AOMPV
8ZYQZ,8ZYQZ
YFK8J,YFK8J
HTIHJ,HTIHJ
5QMT1,5QMT1
WQVDQ,WQVDQ
1LD6N,1LD6N
JN8AC,JN8AC
H4YSN,H4YSN
WO9NS,WO9NS
8P5DV,8P5DV
IQRT5,IQRT5
9J8LM,9J8LM
2H052,2H052
D8X17,D8X17
7NRMS,7NRMS
8M2S9,8M2S9
RSOHY,RSOHY
RVZ6O,RVZ6O
ZAWI9,ZAWI9
K7IIR,K7IIR
TIVAY,TIVAY
7LOBG,7LOBG
NZEYU,NZEYU
ELOZ1,ELOZ1
BTZZV,BTZZV
3XAK3,3XAK3
QME3V,QME3V
DS1RH,DS1RH
0T18P,0T18P
K0WTX,K0WTX
1J95T,1J95T
2AH13,2AH13
T6J45,T6J45
H084F,H084F
BAM3W,BAM3W
DE9E8,DE9E8
3X60K,3X60K
YEBT9,YEBT9
K95RT,K95RT
0BV9U,0BV9U
HQPW1,HQPW1
WOS7U,WOS7U
I4QBS,I4QBS
DMOGG,DMOGG
XTROY,XTROY
HYJ6P,HYJ6P
E543V,E543V
NU3ZR,NU3ZR
YGHSX,YGHSX
4DQ08,4DQ08
5C3UB,5C3UB
PWFMS,PWFMS
HUKGX,HUKGX
RTXJS,RTXJS
APKPM,APKPM
V3Q7M,V3Q7M
Z97AE,Z97AE
BT8VY,BT8VY
G4IY4,G4IY4
ENL5L,ENL5L
ORYXL,ORYXL
G5NGS,G5NGS
TXU4Q,TXU4Q
4MTIB,4MTIB
89SJI,89SJI
U0JIW,U0JIW
HMM55,HMM55
3SSGR,3SSGR
W1XIS,W1XIS
7550C,7550C
NXBX4,NXBX4
RI1DA,RI1DA
5HQF6,5HQF6
P5XKZ,P5XKZ
2DD1B,2DD1B
1DQMJ,1DQMJ
WTKWN,WTKWN
DDKXI,DDKXI
WIBIK,WIBIK
565WH,565WH
JKXGT,JKXGT
NW9XU,NW9XU
W4QFR,W4QFR
X6072,X6072
B6G6P,B6G6P
757NR,757NR
1239E,1239E
E0Z9I,E0Z9I
D9YH7,D9YH7
X95GL,X95GL
NCARS,NCARS
LLK4V,LLK4V
OW0HI,OW0HI
O4CAO,O4CAO
1VK4U,1VK4U
E9XRO,E9XRO
TTBJO,TTBJO
DQ221,DQ221
EE7LG,EE7LG
XAVEG,XAVEG
9LAJU,9LAJU
7A5EA,7A5EA
JPGYS,JPGYS
GXOBE,GXOBE
1AZOA,1AZOA
P1D6U,P1D6U
8FWBY,8FWBY
G3AX4,G3AX4
B4DNI,B4DNI
370K4,370K4
MVN5K,MVN5K
ILCFU,ILCFU
K5FIC,K5FIC
6XGZ0,6XGZ0
VLR3W,VLR3W
1PUFF,1PUFF
B49HD,B49HD
7KDIT,7KDIT
EF2PU,EF2PU
KV0A4,KV0A4
39Y6B,39Y6B
26F69,26F69
AXKDL,AXKDL
TDW76,TDW76
JCDUY,JCDUY
Y0A63,Y0A63
JWPZO,JWPZO
IL3SM,IL3SM
I7SWZ,I7SWZ
9HL53,9HL53
2VLG1,2VLG1
E2DSB,E2DSB
YNVTC,YNVTC
ZSIP4,ZSIP4
7S4UQ,7S4UQ
K1JX9,K1JX9
DNBGB,DNBGB
U19BJ,U19BJ
I75BH,I75BH
OJMVB,OJMVB
ZO7AW,ZO7AW
XCF63,XCF63
05UTT,05UTT
P3W0C,P3W0C
D2CP5,D2CP5
48V2R,48V2R
D78IS,D78IS
9NS2V,9NS2V
94IU6,94IU6
NJT92,NJT92
VCGPU,VCGPU
UIYVY,UIYVY
KZBOX,KZBOX
93L3D,93L3D
T3BRJ,T3BRJ
UIUE0,UIUE0
O7WV8,O7WV8
GZUMI,GZUMI
AI91D,AI91D
MOWY6,MOWY6
ON4L6,ON4L6
UEJQK,UEJQK
RRRSC,RRRSC
GO1VJ,GO1VJ
KV62U,KV62U
0RH8Y,0RH8Y
DVEK7,DVEK7
2A7L0,2A7L0
7NTBD,7NTBD
5NW26,5NW26
6R7L5,6R7L5
RJJDR,RJJDR
I298G,I298G
JXKNN,JXKNN
KB7AR,KB7AR
KQ019,KQ019
QK45T,QK45T
QBKV1,QBKV1
44AL6,44AL6
RHOP8,RHOP8
3432T,3432T
N2PYP,N2PYP
NR7ND,NR7ND
68YJ1,68YJ1
4YCES,4YCES
SPR97,SPR97
6SRGX,6SRGX
ZKNXC,ZKNXC
PY4ZE,PY4ZE
MZKXT,MZKXT
6ZTIT,6ZTIT
D438X,D438X
MB3VU,MB3VU
51HMB,51HMB
9VZFY,9VZFY
IK39D,IK39D
RS0DO,RS0DO
6MG89,6MG89
87ZMD,87ZMD
SQDM1,SQDM1
1N35N,1N35N
K45VQ,K45VQ
WJ9B7,WJ9B7
ZW1VM,ZW1VM
AY7ZK,AY7ZK
9ZORB,9ZORB
3D0BI,3D0BI
QOWL3,QOWL3
2JFJG,2JFJG
EFH1F,EFH1F
SMX53,SMX53
FGO8T,FGO8T
IIWI0,IIWI0
19G1K,19G1K
G271M,G271M
2X6H6,2X6H6
2EDQ0,2EDQ0
AB96B,AB96B
ZTCA3,ZTCA3
3FF5H,3FF5H
SDCAC,SDCAC
W578J,W578J
6I839,6I839
XF0T9,XF0T9
IVXAY,IVXAY
37YEQ,37YEQ
0HP76,0HP76
288AM,288AM
DO2ID,DO2ID
LHZU4,LHZU4
9O9R7,9O9R7
ZN3ZB,ZN3ZB
45LAJ,45LAJ
A3UZO,A3UZO
RO2NW,RO2NW
HMIME,HMIME
OF0HU,OF0HU
5OGLH,5OGLH
4MI6F,4MI6F
S9VLK,S9VLK
78QFX,78QFX
26Q7U,26Q7U
4QRZ9,4QRZ9
LL3OW,LL3OW
9753X,9753X
XZPH8,XZPH8
8XE0S,8XE0S
ETDGQ,ETDGQ
R2ELI,R2ELI
LJBVJ,LJBVJ
JPSNY,JPSNY
P99L6,P99L6
RMDGA,RMDGA
1K9XA,1K9XA
O7YG9,O7YG9
SRDUN,SRDUN
C1XS1,C1XS1
A5IWX,A5IWX
LPQZT,LPQZT
2N4M6,2N4M6
TZF4V,TZF4V
RRPFG,RRPFG
Q9VYE,Q9VYE
J1XLT,J1XLT
VQ7EL,VQ7EL
WZALP,WZALP
CF0PO,CF0PO
3RR6J,3RR6J
Z61BV,Z61BV
VRASX,VRASX
929YH,929YH
D9YGO,D9YGO
U2HDP,U2HDP
H9Y3R,H9Y3R
6YJMF,6YJMF
IUZJJ,IUZJJ
IPUQN,IPUQN
5DBXU,5DBXU
CHE9W,CHE9W
OM2UO,OM2UO
017WX,017WX
W5CU4,W5CU4
G86JI,G86JI
3QKYX,3QKYX
1YOSO,1YOSO
K7OSK,K7OSK
VVGG6,VVGG6
USYA4,USYA4
OMM6H,OMM6H
NB2TE,NB2TE
CE2RN,CE2RN
N7U9O,N7U9O
BYXRS,BYXRS
7A1YY,7A1YY
4RD7E,4RD7E
MS00K,MS00K
0LCGW,0LCGW
8WUGE,8WUGE
TBVFW,TBVFW
NV824,NV824
X9N8I,X9N8I
VANE5,VANE5
VLSEE,VLSEE
TCMKO,TCMKO
I48FN,I48FN
YNJQS,YNJQS
0OL50,0OL50
11KLA,11KLA
MQ4O9,MQ4O9
REX5F,REX5F
LBMYF,LBMYF
4812I,4812I
EMXRV,EMXRV
8G6CO,8G6CO
NUJPJ,NUJPJ
2A1KI,2A1KI
QOL7O,QOL7O
C4FRR,C4FRR
LP22I,LP22I
PR3B0,PR3B0
T2VYB,T2VYB
5I6WF,5I6WF
ZWXZ1,ZWXZ1
HK27N,HK27N
B1ROI,B1ROI
O454A,O454A
SZJAD,SZJAD
2YW3N,2YW3N
ZPDDC,ZPDDC
NQUY6,NQUY6
3E05V,3E05V
6GC1Z,6GC1Z
0ZTZP,0ZTZP
0IGGD,0IGGD
ONADO,ONADO
1RLUA,1RLUA
316YP,316YP
LBVL7,LBVL7
SP1UJ,SP1UJ
OOXN5,OOXN5
WHEU9,WHEU9
2V3NC,2V3NC
DV0QM,DV0QM
BOLZ9,BOLZ9
2P850,2P850
ANF8X,ANF8X
LN1NS,LN1NS
EQ777,EQ777
3672T,3672T
9MXRQ,9MXRQ
NUY6U,NUY6U
JOXQL,JOXQL
JNULP,JNULP
ZLYW6,ZLYW6
5JUET,5JUET
2037E,2037E
WYK7E,WYK7E
EGWOI,EGWOI
IFUQZ,IFUQZ
694MF,694MF
U04NE,U04NE
JN44H,JN44H
5QBVQ,5QBVQ
3XJNQ,3XJNQ
PA64C,PA64C
OWK6X,OWK6X
7EQ3E,7EQ3E
MRJ6M,MRJ6M
0LHU4,0LHU4
J0Q05,J0Q05
O6ALX,O6ALX
NMCPX,NMCPX
3742L,3742L
8L192,8L192
J5BO1,J5BO1
YW1T3,YW1T3
ORP9A,ORP9A
H4KTY,H4KTY
ZRMU8,ZRMU8
D5VDZ,D5VDZ
0RONN,0RONN
ZTXEC,ZTXEC
DIVLV,DIVLV
Z0FG4,Z0FG4
GQ5NZ,GQ5NZ
20ANR,20ANR
BA6KX,BA6KX
TEGW7,TEGW7
1HPBK,1HPBK
PMAIC,PMAIC
W4ML7,W4ML7
K1MJX,K1MJX
BE9CR,BE9CR
DQQ8G,DQQ8G
VTPNU,VTPNU
JX3DK,JX3DK
EEWJX,EEWJX
PGIJ2,PGIJ2
YR4CC,YR4CC
VCLDG,VCLDG
XLYGX,XLYGX
PA8NS,PA8NS
5F3GW,5F3GW
OUYKY,OUYKY
8YL1Z,8YL1Z
46HXJ,46HXJ
CWN8F,CWN8F
NTWLB,NTWLB
VZC2C,VZC2C
V3CS0,V3CS0
UTUFV,UTUFV
ODJ39,ODJ39
Q6WUU,Q6WUU
FKVWP,FKVWP
53MY2,53MY2
83VXT,83VXT
G2BS0,G2BS0
BE1L1,BE1L1
IS5TJ,IS5TJ
ZXLVR,ZXLVR
OOT3S,OOT3S
8VI2P,8VI2P
CHFB2,CHFB2
Q3U6Q,Q3U6Q
0F5FM,0F5FM
1OEC4,1OEC4
OQO1M,OQO1M
W1VAM,W1VAM
5HJ8Q,5HJ8Q
PY0QX,PY0QX
Z4WPO,Z4WPO
J526C,J526C
EZDUH,EZDUH
N4TOJ,N4TOJ
V91FD,V91FD
T6R39,T6R39
VJBK9,VJBK9
385WL,385WL
9E89D,9E89D
MOAJ5,MOAJ5
3Q22R,3Q22R
2CW0O,2CW0O
AHEMB,AHEMB
8XRSC,8XRSC
L5LC0,L5LC0
2AIVQ,2AIVQ
F2806,F2806
JNX7S,JNX7S
KOU31,KOU31
IMPG3,IMPG3
OZMAT,OZMAT
US2IP,US2IP
W72UA,W72UA
KP0V0,KP0V0
6KK6D,6KK6D
F8WL0,F8WL0
LT1JM,LT1JM
GI4P6,GI4P6
ZNOKA,ZNOKA
XL6QP,XL6QP
03OHT,03OHT
SJUO1,SJUO1
VNZDU,VNZDU
S1BKL,S1BKL
D4TLS,D4TLS
IZCFC,IZCFC
TWLF2,TWLF2
UWCRQ,UWCRQ
5B2I6,5B2I6
7F9WW,7F9WW
WMRBF,WMRBF
4AIAC,4AIAC
PF8YY,PF8YY
VFOFQ,VFOFQ
L0HZK,L0HZK
PXI6P,PXI6P
0OXWU,0OXWU
U4NTJ,U4NTJ
0T0MJ,0T0MJ
73JOV,73JOV
F7Q6B,F7Q6B
DL09O,DL09O
ZJ3QG,ZJ3QG
UDNPW,UDNPW
JVMQ9,JVMQ9
UMGVN,UMGVN
UBLK4,UBLK4
0RPB2,0RPB2
8KCPA,8KCPA
EVDUV,EVDUV
NTYJ3,NTYJ3
FEKDX,FEKDX
WAERI,WAERI
O4GNR,O4GNR
VD27Q,VD27Q
4J84H,4J84H
MD57R,MD57R
160UU,160UU
JAQ5Z,JAQ5Z
NI0VZ,NI0VZ
PYTRH,PYTRH
5177S,5177S
TCMR7,TCMR7
XXG0D,XXG0D
B1JBO,B1JBO
DUXN4,DUXN4
6UAV2,6UAV2
TZ0BD,TZ0BD
WVH28,WVH28
ONMQ6,ONMQ6
4SB3I,4SB3I
6H5F5,6H5F5
WN5RO,WN5RO
NVQJS,NVQJS
KTL21,KTL21
IE03E,IE03E
G44UN,G44UN
47GQM,47GQM
NL1OH,NL1OH
BPU5M,BPU5M
U1475,U1475
T1ULK,T1ULK
H80J8,H80J8
VSUN3,VSUN3
CG72W,CG72W
J833S,J833S
9AWT0,9AWT0
45V3B,45V3B
NO9UC,NO9UC
FGGIQ,FGGIQ
5METI,5METI
0FUEX,0FUEX
KD1IQ,KD1IQ
U4RY0,U4RY0
VKTCR,VKTCR
4TD80,4TD80
OEJ4R,OEJ4R
4EGOQ,4EGOQ
VDNTW,VDNTW
45N53,45N53
Z6O0R,Z6O0R
QJCJX,QJCJX
VADTW,VADTW
8SR99,8SR99
EAF69,EAF69
KPDZK,KPDZK
M7GOK,M7GOK
8ZGV9,8ZGV9
11D4Z,11D4Z
A8UD6,A8UD6
4JMXD,4JMXD
KSVC8,KSVC8
EJ1FF,EJ1FF
7JW9D,7JW9D
EA3S1,EA3S1
ZBG9R,ZBG9R
HKN8U,HKN8U
X85NO,X85NO
N1MN8,N1MN8
HN37I,HN37I
ELYAM,ELYAM
9953P,9953P
LSMG5,LSMG5
8E32V,8E32V
EE3RV,EE3RV
1O4A5,1O4A5
YGJIL,YGJIL
HYA2Z,HYA2Z
KWDFM,KWDFM
CX2MK,CX2MK
TF4AR,TF4AR
DU5TF,DU5TF
ITT5M,ITT5M
CLFA9,CLFA9
73NI7,73NI7
EJM4P,EJM4P
ZWHYB,ZWHYB
QPBTM,QPBTM
JMPBP,JMPBP
BX7QP,BX7QP
Y2INW,Y2INW
5XNQO,5XNQO
BFQ9F,BFQ9F
2RMBM,2RMBM
O6195,O6195
Z0MH2,Z0MH2
L1ZCZ,L1ZCZ
PINJA,PINJA
MYY5I,MYY5I
VZXQN,VZXQN
5MLYN,5MLYN
OZNRY,OZNRY
AU7PU,AU7PU
6PL8M,6PL8M
JDOM2,JDOM2
5CBXV,5CBXV
S2DFQ,S2DFQ
A97JH,A97JH
I5RD0,I5RD0
K3OFV,K3OFV
9O158,9O158
0BN07,0BN07
0CDSI,0CDSI
ECOF6,ECOF6
LG22S,LG22S
5LMBH,5LMBH
6H324,6H324
QCA90,QCA90
NU5F0,NU5F0
SI4FX,SI4FX
EJNMI,EJNMI
6LN6W,6LN6W
95PU1,95PU1
2RFSV,2RFSV
B5NPZ,B5NPZ
8KNL0,8KNL0
463TO,463TO
4150M,4150M
NK74S,NK74S
BUAP1,BUAP1
7T0J4,7T0J4
YP5EF,YP5EF
Q1YAZ,Q1YAZ
6ZLUA,6ZLUA
PC636,PC636
8UHOE,8UHOE
O0U4C,O0U4C
BZRH4,BZRH4
0LN7G,0LN7G
L8TLU,L8TLU
2EADZ,2EADZ
2OX1W,2OX1W
9BJLS,9BJLS
FH1IU,FH1IU
DMTSH,DMTSH
IQBI0,IQBI0
7BXT9,7BXT9
LE59S,LE59S
A0449,A0449
FEPJR,FEPJR
XYN9M,XYN9M
YKNSH,YKNSH
ZEI3Z,ZEI3Z
434GI,434GI
J4FH6,J4FH6
BQIB0,BQIB0
44RKQ,44RKQ
O4DPV,O4DPV
1E1PR,1E1PR
KUD41,KUD41
DPDGY,DPDGY
UN0D4,UN0D4
BZ0SF,BZ0SF
A4G2E,A4G2E
GKHPG,GKHPG
WUZ46,WUZ46
3NKL2,3NKL2
6CI1G,6CI1G
L52P5,L52P5
C1XBE,C1XBE
7641F,7641F
XV4JC,XV4JC
7MLW7,7MLW7
F3DF7,F3DF7
AU6WC,AU6WC
G67VH,G67VH
QMDQ3,QMDQ3
IWJ9E,IWJ9E
YX6OD,YX6OD
EI30P,EI30P
DYRFS,DYRFS
BDWRW,BDWRW
7FU9F,7FU9F
LMFRM,LMFRM
AYWAH,AYWAH
AT9B0,AT9B0
H7RX9,H7RX9
53VEW,53VEW
U3PKI,U3PKI
08TPR,08TPR
WHZQ8,WHZQ8
V8ZCJ,V8ZCJ
ODRDZ,ODRDZ
TJOO8,TJOO8
HJWDO,HJWDO
SZ9HZ,SZ9HZ
A9O54,A9O54
FXARO,FXARO
SVD3R,SVD3R
BBTYH,BBTYH
M3PUZ,M3PUZ
48XHN,48XHN
4YX21,4YX21
O3SJ4,O3SJ4
4YF1V,4YF1V
AL6DZ,AL6DZ
OHUXT,OHUXT
OKYU1,OKYU1
5DRON,5DRON
VVULP,VVULP
1ELC1,1ELC1
ACIRI,ACIRI
Y9GGL,Y9GGL
M8JZS,M8JZS
63CT2,63CT2
EU59B,EU59B
JOZRV,JOZRV
9101,09101
GIAEQ,GIAEQ
6XGEO,6XGEO
8AYY0,8AYY0
W1KZB,W1KZB
YIIA1,YIIA1
Q8OO3,Q8OO3
R5IB7,R5IB7
K0O4O,K0O4O
K9DVU,K9DVU
WATKC,WATKC
8BCND,8BCND
2WFIF,2WFIF
W4WYX,W4WYX
CZZ0P,CZZ0P
WEU66,WEU66
HVZDJ,HVZDJ
MWBBW,MWBBW
Y26G6,Y26G6
JSSC4,JSSC4
WO2UO,WO2UO
9IP3A,9IP3A
L7XDX,L7XDX
LU2XD,LU2XD
0B81G,0B81G
97NQK,97NQK
8M1IM,8M1IM
IHSWZ,IHSWZ
WQQ7T,WQQ7T
VGK36,VGK36
96AOJ,96AOJ
NSB3D,NSB3D
FGVJD,FGVJD
W0IUM,W0IUM
15CII,15CII
IL6WP,IL6WP
HUH2T,HUH2T
F90ZI,F90ZI
P4E3X,P4E3X
IZNQS,IZNQS
197O3,197O3
XUVA8,XUVA8
X5NEP,X5NEP
WA22H,WA22H
NZUC9,NZUC9
NDPR4,NDPR4
IATSJ,IATSJ
20RU4,20RU4
0KTC5,0KTC5
NH8CO,NH8CO
9T1AZ,9T1AZ
PQGRQ,PQGRQ
7GE0U,7GE0U
S3TE1,S3TE1
UG3VZ,UG3VZ
MS9KR,MS9KR
OVANO,OVANO
ZQ85D,ZQ85D
6IF9K,6IF9K
H1YJE,H1YJE
PBYIP,PBYIP
32H2Z,32H2Z
N1WQU,N1WQU
VL3SD,VL3SD
50DUP,50DUP
SO6Z6,SO6Z6
JSCPD,JSCPD
8QDNK,8QDNK
X6SQ7,X6SQ7
QJVRT,QJVRT
QUZPB,QUZPB
WQL5T,WQL5T
AQ8UC,AQ8UC
9JDAQ,9JDAQ
ZQK66,ZQK66
XDAXT,XDAXT
70I8C,70I8C
Z0PAY,Z0PAY
K7AAT,K7AAT
O197Y,O197Y
DQEOP,DQEOP
H0AMR,H0AMR
OE4B3,OE4B3
E178I,E178I
DPHSZ,DPHSZ
ILOW3,ILOW3
6RLKF,6RLKF
2HK1V,2HK1V
PWWCV,PWWCV
FHXLT,FHXLT
AXE3L,AXE3L
JRSOW,JRSOW
SQ45Q,SQ45Q
M5V22,M5V22
86C0P,86C0P
D9XFN,D9XFN
08IHW,08IHW
W72QC,W72QC
AFZZP,AFZZP
IMUIX,IMUIX
A5KGO,A5KGO
W8S3O,W8S3O
YCGD3,YCGD3
6LAX9,6LAX9
MUTQK,MUTQK
D2AI1,D2AI1
WF32T,WF32T
GLFUE,GLFUE
IOEJJ,IOEJJ
Y9BZD,Y9BZD
OW5FW,OW5FW
NW6NY,NW6NY
VY7JZ,VY7JZ
ZVP9H,ZVP9H
7A1RK,7A1RK
06HWS,06HWS
SDYAG,SDYAG
9UM0R,9UM0R
OLRW3,OLRW3
WACQD,WACQD
QYXR4,QYXR4
IENPO,IENPO
N5GDI,N5GDI
ID3Q3,ID3Q3
LC9QK,LC9QK
QC1EP,QC1EP
76PYM,76PYM
0IROP,0IROP
RE869,RE869
1EO8A,1EO8A
9PJOH,9PJOH
6FQZE,6FQZE
H5JTT,H5JTT
GJS4P,GJS4P
DCB0C,DCB0C
J1BYO,J1BYO
0TFK8,0TFK8
RF48A,RF48A
YU3SZ,YU3SZ
S0GRT,S0GRT
YXYXA,YXYXA
IXU7G,IXU7G
52GWA,52GWA
DCJVH,DCJVH
GH4J5,GH4J5
MGC0E,MGC0E
RSSKL,RSSKL
SM6Y3,SM6Y3
WJJIB,WJJIB
S01IP,S01IP
O24ZG,O24ZG
ZQ2A1,ZQ2A1
QX8R4,QX8R4
KKTM2,KKTM2
RJ64K,RJ64K
Q497D,Q497D
Z10CQ,Z10CQ
98NVW,98NVW
F1VO4,F1VO4
5J0ZQ,5J0ZQ
TM5KA,TM5KA
STVQC,STVQC
WJX24,WJX24
FO4AL,FO4AL
BZADA,BZADA
KEX3V,KEX3V
H9K4A,H9K4A
OH6NC,OH6NC
HE5F6,HE5F6
VBK7L,VBK7L
T3FAG,T3FAG
G4N8G,G4N8G
VSER1,VSER1
LLBKA,LLBKA
D01IV,D01IV
6T5M4,6T5M4
6CFRM,6CFRM
24REU,24REU
UUPBR,UUPBR
PSC0G,PSC0G
DGF3J,DGF3J
NCOMG,NCOMG
EW5IQ,EW5IQ
UKQAR,UKQAR
BSWGD,BSWGD
GGX0Q,GGX0Q
OCNJO,OCNJO
QIN1N,QIN1N
SNM2M,SNM2M
P4WHD,P4WHD
Y2FBM,Y2FBM
T3Z90,T3Z90
ONWT4,ONWT4
NSIIF,NSIIF
27MTA,27MTA
ZYU8E,ZYU8E
DJPWM,DJPWM
53A3O,53A3O
0JLCH,0JLCH
JIZJK,JIZJK
84AT5,84AT5
H4OQ5,H4OQ5
DP0WH,DP0WH
IFKYR,IFKYR
7PF37,7PF37
ABQQE,ABQQE
CAIHS,CAIHS
UQ6SR,UQ6SR
WS8X7,WS8X7
AHWMX,AHWMX
QZV0I,QZV0I
4WW3Q,4WW3Q
I1TZD,I1TZD
6RKQ8,6RKQ8
YE9HD,YE9HD
6I0KC,6I0KC
HFOBN,HFOBN
ZPCCD,ZPCCD
10AY8,10AY8
S1UUD,S1UUD
L43RW,L43RW
SDGBP,SDGBP
82SH8,82SH8
S8JU7,S8JU7
KZA3M,KZA3M
WV8FJ,WV8FJ
45C41,45C41
7OCX4,7OCX4
WHDT9,WHDT9
TF8HL,TF8HL
C348T,C348T
X58US,X58US
3NAHH,3NAHH
80ULS,80ULS
A02XJ,A02XJ
3KFI3,3KFI3
GVZY0,GVZY0
18VC2,18VC2
MKLEJ,MKLEJ
GHF7T,GHF7T
TFKH3,TFKH3
SIF9J,SIF9J
N4FTG,N4FTG
LRPN9,LRPN9
JFNI6,JFNI6
G8NYH,G8NYH
MRYWO,MRYWO
ZLTKN,ZLTKN
DSZYR,DSZYR
J8F57,J8F57
V9BWO,V9BWO
X6WYI,X6WYI
EXKTK,EXKTK
0KB5I,0KB5I
IDSGP,IDSGP
S7XTN,S7XTN
LMK8W,LMK8W
PKTF4,PKTF4
T1CAN,T1CAN
H9FH3,H9FH3
KETFW,KETFW
G6L6Z,G6L6Z
E7BTN,E7BTN
2D7LU,2D7LU
JLUNV,JLUNV
KAFU6,KAFU6
I4XQT,I4XQT
6F2O2,6F2O2
EPPDI,EPPDI
SM8D0,SM8D0
EW6PP,EW6PP
I7FXK,I7FXK
MTPVY,MTPVY
GVP07,GVP07
GE46K,GE46K
NTGCK,NTGCK
PZ9OR,PZ9OR
JY5XB,JY5XB
2157S,2157S
Z1AP8,Z1AP8
NSDRB,NSDRB
QP6YL,QP6YL
VVLXX,VVLXX
IYR3H,IYR3H
J7CAP,J7CAP
TKCWZ,TKCWZ
IZP8M,IZP8M
EBKM7,EBKM7
1YOMN,1YOMN
ZZHGN,ZZHGN
B9684,B9684
WRTQR,WRTQR
JM5W3,JM5W3
HVZNR,HVZNR
WIB95,WIB95
HTKSV,HTKSV
WF297,WF297
HLZKU,HLZKU
YOHE1,YOHE1
MODL9,MODL9
JCSD0,JCSD0
J3R9T,J3R9T
YXKB0,YXKB0
UGM0Q,UGM0Q
0POGI,0POGI
GQE5M,GQE5M
DDDRO,DDDRO
UFDZT,UFDZT
HC095,HC095
Y81K8,Y81K8
2GE8J,2GE8J
MLFHN,MLFHN
T2HGF,T2HGF
6DKG1,6DKG1
71SZE,71SZE
JYWNX,JYWNX
35UCU,35UCU
KS0RL,KS0RL
9P0XS,9P0XS
UVODM,UVODM
6SQM7,6SQM7
SXZPR,SXZPR
A1784,A1784
D4B5W,D4B5W
5DSJ2,5DSJ2
XM3X9,XM3X9
3DA00,3DA00
GCH5Z,GCH5Z
NNZ3J,NNZ3J
06EE1,06EE1
TWGEB,TWGEB
II5RD,II5RD
4I0TQ,4I0TQ
NA7DL,NA7DL
UPQDB,UPQDB
Z85MF,Z85MF
LJKXO,LJKXO
SHUEB,SHUEB
1JNVR,1JNVR
BGZCU,BGZCU
S5FXM,S5FXM
NPHOS,NPHOS
U8RWE,U8RWE
8DRND,8DRND
CSH7Q,CSH7Q
DL6MN,DL6MN
2HYCX,2HYCX
GFVWM,GFVWM
Q9F5X,Q9F5X
WYMOB,WYMOB
16V4K,16V4K
95GA0,95GA0
OSDVV,OSDVV
YRR48,YRR48
XOQ7M,XOQ7M
B9U69,B9U69
6C71E,6C71E
9QYXF,9QYXF
NWOBC,NWOBC
95PA6,95PA6
3P05H,3P05H
YUWT9,YUWT9
R1GLN,R1GLN
Q4B4G,Q4B4G
SONCO,SONCO
2QYIT,2QYIT
E0CF9,E0CF9
U8EJ8,U8EJ8
9SWLO,9SWLO
JS426,JS426
DZW4S,DZW4S
JPQ5G,JPQ5G
9VQBS,9VQBS
F8IEL,F8IEL
OLBNZ,OLBNZ
72CEY,72CEY
GYKMR,GYKMR
8ZUTC,8ZUTC
N321Y,N321Y
714AQ,714AQ
OGJCY,OGJCY
XN10Y,XN10Y
U5PX8,U5PX8
XZZZ3,XZZZ3
103J7,103J7
Q4P0S,Q4P0S
L95XG,L95XG
FEAFW,FEAFW
NX7OF,NX7OF
RP2PP,RP2PP
V7NBQ,V7NBQ
J9YGE,J9YGE
W581Z,W581Z
6JCSY,6JCSY
I06JK,I06JK
Q278Q,Q278Q
0DYEM,0DYEM
8HQOO,8HQOO
3AYNO,3AYNO
2WSXA,2WSXA
BDIP2,BDIP2
RYZV4,RYZV4
2YLJQ,2YLJQ
XGIAP,XGIAP
OTH8D,OTH8D
N2OXR,N2OXR
5CDXF,5CDXF
6CH84,6CH84
SN7QJ,SN7QJ
TTK4H,TTK4H
TY9GN,TY9GN
J6B71,J6B71
5B11B,5B11B
DGUZB,DGUZB
S6PF9,S6PF9
B0QMO,B0QMO
0DWS8,0DWS8
SNXLV,SNXLV
XRDT4,XRDT4
MCHIQ,MCHIQ
ZXHF9,ZXHF9
M60ZY,M60ZY
G9JZT,G9JZT
0H1RQ,0H1RQ
O31C0,O31C0
URWX9,URWX9
E1VJK,E1VJK
6G3LA,6G3LA
QAG77,QAG77
DAAFL,DAAFL
JYDN9,JYDN9
R9220,R9220
NVFSG,NVFSG
L7VOT,L7VOT
GT1D2,GT1D2
W5MQX,W5MQX
LX3ZA,LX3ZA
1SF81,1SF81
9UYE0,9UYE0
P5UMF,P5UMF
POVY2,POVY2
MXGRM,MXGRM
THLZB,THLZB
G2FFF,G2FFF
UF3IF,UF3IF
WXIRC,WXIRC
0XG8Q,0XG8Q
LZDU5,LZDU5
40GUS,40GUS
XYWFO,XYWFO
NQBOG,NQBOG
F417E,F417E
DDVXA,DDVXA
QHAH2,QHAH2
7PX1B,7PX1B
EJDQC,EJDQC
1MH9F,1MH9F
MHHQO,MHHQO
LJTRA,LJTRA
KRFXW,KRFXW
VI30K,VI30K
OQLCZ,OQLCZ
F5P4Z,F5P4Z
TXL5W,TXL5W
XWUM9,XWUM9
YH67O,YH67O
8WWA7,8WWA7
9LDNS,9LDNS
4VN6Y,4VN6Y
KFKZB,KFKZB
1OXYR,1OXYR
NOLNC,NOLNC
WAI7O,WAI7O
3RZ23,3RZ23
PC2RH,PC2RH
LHZTZ,LHZTZ
VQ1H3,VQ1H3
ARAF2,ARAF2
E0Z39,E0Z39
VWPDK,VWPDK
KECIO,KECIO
2FAHU,2FAHU
EUY3R,EUY3R
QF7RU,QF7RU
J2X2I,J2X2I
WANC8,WANC8
N1BMJ,N1BMJ
L6UNB,L6UNB
6I4UV,6I4UV
0T7FD,0T7FD
KQ1NF,KQ1NF
BCXBS,BCXBS
8O3M3,8O3M3
0F0TI,0F0TI
SCOCP,SCOCP
OZRSN,OZRSN
XU8Y8,XU8Y8
J7TF5,J7TF5
MNH1J,MNH1J
M9FOB,M9FOB
GO690,GO690
SZ4M4,SZ4M4
C34VP,C34VP
4P2IO,4P2IO
XIGDL,XIGDL
BO7V0,BO7V0
U2663,U2663
PGZIJ,PGZIJ
X30TH,X30TH
QVZAO,QVZAO
J2LJT,J2LJT
WSD60,WSD60
C914B,C914B
W63R1,W63R1
1FNR8,1FNR8
SK74O,SK74O
SIOZ6,SIOZ6
S3JUQ,S3JUQ
HWF8J,HWF8J
R2LBA,R2LBA
QYCQ5,QYCQ5
JC8D0,JC8D0
1HQUC,1HQUC
FWJ2C,FWJ2C
A27WR,A27WR
OZ1VW,OZ1VW
KK4SQ,KK4SQ
VX7K7,VX7K7
07S3T,07S3T
K2Y8Y,K2Y8Y
C8E89,C8E89
W4GQ9,W4GQ9
XNDUT,XNDUT
001E2,001E2
GKZT3,GKZT3
O467W,O467W
03PR8,03PR8
A3EES,A3EES
TG9I3,TG9I3
015EX,015EX
HRURI,HRURI
JAP1U,JAP1U
J9W8Q,J9W8Q
VANRK,VANRK
BNGRI,BNGRI
Z5T9B,Z5T9B
3G0QU,3G0QU
56PRD,56PRD
7VR6U,7VR6U
JVF3J,JVF3J
O4E0P,O4E0P
9JLKL,9JLKL
TOXZ2,TOXZ2
JCSTE,JCSTE
DV2A0,DV2A0
AMJMJ,AMJMJ
15RYN,15RYN
2DG4T,2DG4T
YXF9Z,YXF9Z
2PFJT,2PFJT
0C3EN,0C3EN
TZV1E,TZV1E
HF6BR,HF6BR
DPY40,DPY40
E5VFC,E5VFC
KBCS3,KBCS3
KGTWK,KGTWK
H8912,H8912
MW4PG,MW4PG
KS5IZ,KS5IZ
NSTJ7,NSTJ7
9IY0Z,9IY0Z
DKQTS,DKQTS
9Y2NE,9Y2NE
B2I60,B2I60
QBLXC,QBLXC
YZDZO,YZDZO
5JC3L,5JC3L
UK1PU,UK1PU
E9KTT,E9KTT
GP8CA,GP8CA
2ZVEM,2ZVEM
3K5VH,3K5VH
QUDO2,QUDO2
AGHO9,AGHO9
CS23B,CS23B
VGT88,VGT88
DV630,DV630
DOZ4Q,DOZ4Q
TEI8M,TEI8M
FX295,FX295
XC2MW,XC2MW
CU7OK,CU7OK
OW7FK,OW7FK
QYMKZ,QYMKZ
2DQYP,2DQYP
SF243,SF243
OGDYP,OGDYP
L4I10,L4I10
O84HP,O84HP
JLU1C,JLU1C
I937I,I937I
RASOU,RASOU
T1WWQ,T1WWQ
YNWIY,YNWIY
ZYVDU,ZYVDU
KPX35,KPX35
MYCFT,MYCFT
0P7P9,0P7P9
PW7CF,PW7CF
9BSCQ,9BSCQ
UNYY0,UNYY0
MCQ7H,MCQ7H
BUUIF,BUUIF
9F988,9F988
QBUJ4,QBUJ4
SB9FE,SB9FE
ZGRBX,ZGRBX
UZ3K4,UZ3K4
J6YCO,J6YCO
3GE82,3GE82
TVNAX,TVNAX
OT09U,OT09U
CCM1U,CCM1U
LIJ0L,LIJ0L
W6589,W6589
5HXFQ,5HXFQ
IYNS6,IYNS6
VKHW9,VKHW9
FWKZY,FWKZY
X1ZWV,X1ZWV
XPS01,XPS01
8SUEK,8SUEK
3HT2V,3HT2V
8QAYF,8QAYF
E32C6,E32C6
LA862,LA862
WMNID,WMNID
OFHOH,OFHOH
99B21,99B21
VKL9U,VKL9U
CV4QU,CV4QU
8V798,8V798
SPGJV,SPGJV
X2OZT,X2OZT
XI59K,XI59K
2OCVE,2OCVE
BJJIY,BJJIY
VV2EN,VV2EN
JZ61E,JZ61E
L2B7X,L2B7X
O4JCB,O4JCB
TZ0DD,TZ0DD
99VUY,99VUY
RPWDT,RPWDT
L9KLM,L9KLM
CH0IF,CH0IF
UF14N,UF14N
9HOS1,9HOS1
W20OY,W20OY
127QW,127QW
ORZM2,ORZM2
3WZGS,3WZGS
XR6Z2,XR6Z2
RK6BM,RK6BM
ZY73E,ZY73E
SF263,SF263
7AAPN,7AAPN
ATZKX,ATZKX
C3GQZ,C3GQZ
1V6JT,1V6JT
9URJ6,9URJ6
1NBWE,1NBWE
8BE3U,8BE3U
054SN,054SN
SVAZZ,SVAZZ
ZLK52,ZLK52
MKXR1,MKXR1
RERPP,RERPP
AE8AX,AE8AX
YYCRF,YYCRF
HWYHG,HWYHG
RKBYC,RKBYC
GRLMB,GRLMB
W3OK6,W3OK6
3L4X3,3L4X3
K0Z54,K0Z54
9UO29,9UO29
VILN9,VILN9
VP0II,VP0II
1IHBH,1IHBH
YX783,YX783
B0BWA,B0BWA
6RFCW,6RFCW
6VW53,6VW53
EM09E,EM09E
ZHUCE,ZHUCE
2KVVY,2KVVY
EITTM,EITTM
PGCQP,PGCQP
OT940,OT940
9VVMI,9VVMI
MF8ML,MF8ML
EFHWV,EFHWV
UL6KY,UL6KY
IEXBC,IEXBC
NS2OD,NS2OD
CQ43D,CQ43D
70XC3,70XC3
PWGRR,PWGRR
JIKH8,JIKH8
76NQM,76NQM
KA3PU,KA3PU
NGT0W,NGT0W
BC04G,BC04G
F2DX7,F2DX7
T5GUJ,T5GUJ
IS6ZQ,IS6ZQ
OCQ3F,OCQ3F
I3XTQ,I3XTQ
O296Y,O296Y
RQMJH,RQMJH
REAUI,REAUI
8ABT8,8ABT8
M9MTH,M9MTH
8WOT6,8WOT6
SO4RF,SO4RF
Q2HCB,Q2HCB
37JA4,37JA4
B3Y9L,B3Y9L
FZ74O,FZ74O
NTBK8,NTBK8
U6YHT,U6YHT
JC0MT,JC0MT
8PHE7,8PHE7
1HZ3N,1HZ3N
60FZT,60FZT
K5XOD,K5XOD
A36FH,A36FH
75L5Z,75L5Z
Q6IDV,Q6IDV
3SZPS,3SZPS
F0XAG,F0XAG
RNIR1,RNIR1
SBG64,SBG64
OUO8H,OUO8H
70DVO,70DVO
F1686,F1686
TH81L,TH81L
5Y47K,5Y47K
MPU0C,MPU0C
U6J4Y,U6J4Y
2LNJG,2LNJG
RMXDE,RMXDE
CQL8K,CQL8K
06XW5,06XW5
Q2ZAK,Q2ZAK
H2LWM,H2LWM
FCEVO,FCEVO
UXU9H,UXU9H
EW1CE,EW1CE
9UWX3,9UWX3
XFZBX,XFZBX
A09LG,A09LG
G0YY9,G0YY9
IA5RE,IA5RE
QSYBE,QSYBE
KVLTY,KVLTY
2DH53,2DH53
IL440,IL440
CSBWC,CSBWC
GYG4Q,GYG4Q
BW8T7,BW8T7
MOGM7,MOGM7
14GIZ,14GIZ
IX12L,IX12L
J8BR2,J8BR2
H4RBH,H4RBH
KO9Q3,KO9Q3
44UHG,44UHG
NSYVD,NSYVD
S4SYL,S4SYL
UX2MB,UX2MB
UI5TK,UI5TK
J3HE0,J3HE0
ZJTTN,ZJTTN
3LAYM,3LAYM
H7WZY,H7WZY
FYAD9,FYAD9
O4D3I,O4D3I
O55U8,O55U8
S5I3I,S5I3I
5CY8A,5CY8A
W6FXN,W6FXN
WNGJR,WNGJR
RZAIO,RZAIO
3UZ2K,3UZ2K
TMEZI,TMEZI
2RCAU,2RCAU
N3BI0,N3BI0
2L21O,2L21O
QVPIP,QVPIP
Y7SWO,Y7SWO
2ADDJ,2ADDJ
SRNGH,SRNGH
N5RZJ,N5RZJ
MAKI0,MAKI0
HPE3J,HPE3J
344WP,344WP
C8Y7B,C8Y7B
7S4BE,7S4BE
8VXL8,8VXL8
5LNHJ,5LNHJ
1HT47,1HT47
3S3J1,3S3J1
ZWRF8,ZWRF8
FEIPB,FEIPB
NNWDC,NNWDC
QA6L7,QA6L7
IO2GA,IO2GA
T7JOW,T7JOW
UNU7Y,UNU7Y
QETWT,QETWT
5Y0KL,5Y0KL
G9JB4,G9JB4
D5L5M,D5L5M
1QBQ0,1QBQ0
BLJ8D,BLJ8D
QYC4D,QYC4D
HBLFA,HBLFA
VGGLK,VGGLK
SQXUT,SQXUT
NG3MO,NG3MO
UA44U,UA44U
41E9F,41E9F
Q7VT0,Q7VT0
GAO5P,GAO5P
VNO2V,VNO2V
ATHU5,ATHU5
RVXJ8,RVXJ8
9F9KI,9F9KI
NQYL3,NQYL3
F7EKP,F7EKP
7QTHB,7QTHB
QFFBE,QFFBE
ILWKQ,ILWKQ
AB9T9,AB9T9
Z7DO6,Z7DO6
1TTRQ,1TTRQ
S4T9G,S4T9G
GTB20,GTB20
6KNKF,6KNKF
VLQUT,VLQUT
32GO4,32GO4
WRD1L,WRD1L
98K9I,98K9I
0BXWB,0BXWB
8VEJU,8VEJU
TS614,TS614
YUW9J,YUW9J
WUGHL,WUGHL
KV6YO,KV6YO
9ISTF,9ISTF
YPSXI,YPSXI
9CMTV,9CMTV
8OZCC,8OZCC
6PLF0,6PLF0
4PV93,4PV93
T8GUM,T8GUM
M71YM,M71YM
I8XQY,I8XQY
4OC0U,4OC0U
4WE2U,4WE2U
SM15D,SM15D
F3WSG,F3WSG
E2JO8,E2JO8
8U9AQ,8U9AQ
9KAEJ,9KAEJ
KQX1W,KQX1W
CU4F7,CU4F7
9U37Z,9U37Z
TMVEA,TMVEA
T84FX,T84FX
MH2LO,MH2LO
XZVUW,XZVUW
YFG9O,YFG9O
N5UMS,N5UMS
BZR0Y,BZR0Y
10PF9,10PF9
NI9OK,NI9OK
9CJFQ,9CJFQ
DRKTD,DRKTD
V0YJ9,V0YJ9
WI4JM,WI4JM
LA3VS,LA3VS
QZC3R,QZC3R
YN4IK,YN4IK
1OA32,1OA32
F4R1S,F4R1S
QJSBH,QJSBH
RR03S,RR03S
5QLTT,5QLTT
QCS04,QCS04
RZQLK,RZQLK
OASOA,OASOA
9ZOIV,9ZOIV
GNR3N,GNR3N
G02NU,G02NU
ZFNG6,ZFNG6
OQ526,OQ526
WG0IK,WG0IK
FMEVN,FMEVN
D7GEI,D7GEI
1QZSF,1QZSF
GPOB0,GPOB0
OKEGD,OKEGD
7CJV8,7CJV8
KTP97,KTP97
76L1O,76L1O
0WTYQ,0WTYQ
5JA9R,5JA9R
KMP7B,KMP7B
4U4SU,4U4SU
WLH11,WLH11
K4HVY,K4HVY
VY13I,VY13I
T0P59,T0P59
3JIJD,3JIJD
EQAES,EQAES
1T4GL,1T4GL
V15XG,V15XG
XBTK8,XBTK8
1T7SD,1T7SD
993MY,993MY
5WGDZ,5WGDZ
R2B5B,R2B5B
9KNKU,9KNKU
Y0SED,Y0SED
UXXK4,UXXK4
24UNR,24UNR
3064D,3064D
E4E81,E4E81
L1CFC,L1CFC
PCOST,PCOST
PIJ7Y,PIJ7Y
PQ6R4,PQ6R4
LAHGB,LAHGB
4PF6Y,4PF6Y
QO8X8,QO8X8
H2OMR,H2OMR
8WWUJ,8WWUJ
ABFVG,ABFVG
L1774,L1774
9KSDZ,9KSDZ
TFMRI,TFMRI
SVIFU,SVIFU
4I3QA,4I3QA
6H7VR,6H7VR
R7I9I,R7I9I
JC81E,JC81E
OX8VB,OX8VB
CVTKA,CVTKA
YXEW2,YXEW2
E7PBK,E7PBK
NYB1U,NYB1U
7BAP5,7BAP5
I1QAN,I1QAN
GTPHY,GTPHY
3GNSG,3GNSG
E3T7C,E3T7C
L7NJC,L7NJC
OO781,OO781
BIF03,BIF03
VPSRE,VPSRE
655IX,655IX
4NJHH,4NJHH
M7226,M7226
ZWOL0,ZWOL0
9GF5S,9GF5S
PO2PN,PO2PN
69OE2,69OE2
BG1MG,BG1MG
EDEZC,EDEZC
DMM1U,DMM1U
2FDPB,2FDPB
QC6NW,QC6NW
A1SFJ,A1SFJ
TC5FA,TC5FA
95DEA,95DEA
H242I,H242I
L2R5V,L2R5V
P5HUW,P5HUW
386N4,386N4
J2F8T,J2F8T
77YCF,77YCF
3UWE3,3UWE3
W7OQ3,W7OQ3
2VX44,2VX44
QWL7S,QWL7S
N4DG4,N4DG4
IR2U3,IR2U3
B3ZTN,B3ZTN
1UZIZ,1UZIZ
3NMM1,3NMM1
Z408W,Z408W
QVZ8I,QVZ8I
EZE3N,EZE3N
LZU4H,LZU4H
6MMJ9,6MMJ9
SEJW7,SEJW7
RYYJX,RYYJX
0IZ0H,0IZ0H
WBEG8,WBEG8
M7F1K,M7F1K
RD67O,RD67O
R4KNS,R4KNS
C4NBG,C4NBG
XIHHN,XIHHN
QVR44,QVR44
1Q50I,1Q50I
GWFT1,GWFT1
DVV6F,DVV6F
XON4R,XON4R
INIF5,INIF5
EVYP5,EVYP5
0M1PM,0M1PM
GDRRO,GDRRO
6CGPD,6CGPD
NEL00,NEL00
VNJ7B,VNJ7B
LM7N4,LM7N4
GMBQS,GMBQS
YNC88,YNC88
T9RKW,T9RKW
1PLBB,1PLBB
DUAF6,DUAF6
PN45P,PN45P
OMY6A,OMY6A
VXSSB,VXSSB
8IUAU,8IUAU
YCJAJ,YCJAJ
VVZGW,VVZGW
WIIWP,WIIWP
57L88,57L88
AJ4HC,AJ4HC
M7USL,M7USL
GDLKB,GDLKB
V0Z6T,V0Z6T
CT3YP,CT3YP
056ZF,056ZF
6S5XC,6S5XC
V747A,V747A
BAPAN,BAPAN
QJQ6L,QJQ6L
7OWUP,7OWUP
QC9UN,QC9UN
R69MH,R69MH
Z9HFM,Z9HFM
KLMIP,KLMIP
BJJTS,BJJTS
6EMUB,6EMUB
1EAVW,1EAVW
5BYWC,5BYWC
QWMU6,QWMU6
FS2SZ,FS2SZ
30UZG,30UZG
RF1EH,RF1EH
BWPUV,BWPUV
VV4DB,VV4DB
002QI,002QI
EXWDH,EXWDH
HZXN6,HZXN6
SSVZC,SSVZC
QGQEC,QGQEC
DS1MZ,DS1MZ
T1U23,T1U23
D67SF,D67SF
KH9R6,KH9R6
E4K4L,E4K4L
4E55J,4E55J
VN8Z4,VN8Z4
P8WEY,P8WEY
3YRZG,3YRZG
MS162,MS162
LVBMT,LVBMT
W243D,W243D
2OEEZ,2OEEZ
TXEMK,TXEMK
5XOXR,5XOXR
YS36N,YS36N
0NGGH,0NGGH
3ZZPH,3ZZPH
U31OK,U31OK
YU7J1,YU7J1
LQ6ZC,LQ6ZC
L74VO,L74VO
IXDRY,IXDRY
Q3TRG,Q3TRG
MP3TR,MP3TR
J0HUA,J0HUA
XLL6A,XLL6A
5D36J,5D36J
PEHIY,PEHIY
B0593,B0593
9ZFZC,9ZFZC
I3CQ8,I3CQ8
15I9J,15I9J
465CL,465CL
2EYRZ,2EYRZ
9LMZN,9LMZN
U7VF4,U7VF4
9D4F5,9D4F5
H48NQ,H48NQ
6DGYZ,6DGYZ
0L5EM,0L5EM
C0MME,C0MME
3RXH1,3RXH1
D8A4P,D8A4P
YC3NK,YC3NK
GI7J8,GI7J8
QQ8HE,QQ8HE
U7ZW1,U7ZW1
G4MHR,G4MHR
T281G,T281G
XDQ5W,XDQ5W
MJZR3,MJZR3
CHXBL,CHXBL
4NWOE,4NWOE
ZZVJA,ZZVJA
ZBO0A,ZBO0A
KFC03,KFC03
N6Q08,N6Q08
EU71W,EU71W
SV8ZU,SV8ZU
MYFZT,MYFZT
W55SN,W55SN
905GX,905GX
LHNAI,LHNAI
YIIAE,YIIAE
F9I3S,F9I3S
KR7ZS,KR7ZS
ITQ8Q,ITQ8Q
0Z6NE,0Z6NE
OO9GP,OO9GP
LNFTB,LNFTB
59HLK,59HLK
76C9R,76C9R
44XNM,44XNM
HZC9M,HZC9M
HFHVO,HFHVO
6ZK88,6ZK88
QXC1R,QXC1R
POUEG,POUEG
UHXI8,UHXI8
CSWEU,CSWEU
2E6GI,2E6GI
WYFZ1,WYFZ1
AA4QS,AA4QS
X8TZF,X8TZF
IZ43I,IZ43I
J3XTB,J3XTB
MLHJO,MLHJO
YDMY5,YDMY5
1WGOC,1WGOC
RCUZ7,RCUZ7
3MCNW,3MCNW
5KMO0,5KMO0
SUPGR,SUPGR
4RY7M,4RY7M
GCXGZ,GCXGZ
IAHMR,IAHMR
K4WTA,K4WTA
2P4EV,2P4EV
ZLVSF,ZLVSF
XDCK7,XDCK7
K7G3I,K7G3I
CLGR9,CLGR9
LGHZ0,LGHZ0
W0QVY,W0QVY
BV1Y8,BV1Y8
QKSNR,QKSNR
20GYJ,20GYJ
2Q9S3,2Q9S3
5B5O5,5B5O5
3P0V4,3P0V4
0A4CF,0A4CF
8OCAM,8OCAM
9FAX3,9FAX3
YKK63,YKK63
S35N5,S35N5
MC3U0,MC3U0
29S9J,29S9J
61PUI,61PUI
G0M6E,G0M6E
FKWE9,FKWE9
NFLSV,NFLSV
NSFRZ,NSFRZ
0QBK5,0QBK5
VLOXR,VLOXR
E02ML,E02ML
JMM3N,JMM3N
5H738,5H738
G1HDQ,G1HDQ
QY0ZL,QY0ZL
BZYRG,BZYRG
FHSMY,FHSMY
94O78,94O78
T5BKP,T5BKP
9F1O1,9F1O1
ULPGA,ULPGA
2H28H,2H28H
39HR9,39HR9
UKV2Q,UKV2Q
I43S5,I43S5
0452P,0452P
K8QWV,K8QWV
BPOWM,BPOWM
YRGON,YRGON
ZI147,ZI147
FR6SS,FR6SS
I52V0,I52V0
6CGTM,6CGTM
158ZZ,158ZZ
SPYLC,SPYLC
1CE55,1CE55
JSDWB,JSDWB
7T8OZ,7T8OZ
GI0ZI,GI0ZI
HR5XC,HR5XC
00C4T,00C4T
CT9VS,CT9VS
4GZ07,4GZ07
PXWQR,PXWQR
55G3H,55G3H
WUV7A,WUV7A
X3MUN,X3MUN
ZWRLL,ZWRLL
CLOEY,CLOEY
9NPFW,9NPFW
A2TQG,A2TQG
H57L3,H57L3
WICAG,WICAG
DX0YQ,DX0YQ
WU35F,WU35F
AFHT6,AFHT6
KI907,KI907
ACDUX,ACDUX
Z9LX8,Z9LX8
9OIKY,9OIKY
JD850,JD850
0MPY9,0MPY9
A2LZE,A2LZE
RT94S,RT94S
BK416,BK416
GH5WE,GH5WE
UZFKO,UZFKO
OU5A9,OU5A9
U6Z5X,U6Z5X
LKGY0,LKGY0
FFKT9,FFKT9
DDOLJ,DDOLJ
OPUHG,OPUHG
LIGPJ,LIGPJ
IU897,IU897
3KQO0,3KQO0
22RK1,22RK1
60RHB,60RHB
ASOK2,ASOK2
ZY52X,ZY52X
0O4F5,0O4F5
KSCJ8,KSCJ8
I1P71,I1P71
394DE,394DE
XON15,XON15
O6L6S,O6L6S
R9IZJ,R9IZJ
P3WUB,P3WUB
WHX8O,WHX8O
8HGLU,8HGLU
MPXCI,MPXCI
QOPX4,QOPX4
UN3LP,UN3LP
22XVT,22XVT
8IDU2,8IDU2
N9IYX,N9IYX
CVT2F,CVT2F
GTO7I,GTO7I
L2O3Z,L2O3Z
BA25B,BA25B
3J67L,3J67L
XTCPE,XTCPE
RJJKI,RJJKI
NTMEV,NTMEV
84XSD,84XSD
4SH48,4SH48
KNPAM,KNPAM
CDNNQ,CDNNQ
DFQH5,DFQH5
G59HG,G59HG
BDI3L,BDI3L
IKVTE,IKVTE
291FM,291FM
8HDOY,8HDOY
ON6QK,ON6QK
4UR7Q,4UR7Q
XNOR1,XNOR1
LPNM0,LPNM0
42MC4,42MC4
LRE35,LRE35
5106U,5106U
84KQZ,84KQZ
V6BLF,V6BLF
B17B6,B17B6
C82AI,C82AI
BK6LP,BK6LP
4MU4T,4MU4T
E3Z9N,E3Z9N
1VF1V,1VF1V
OR72T,OR72T
S9BZA,S9BZA
35K9A,35K9A
595FA,595FA
TDEY0,TDEY0
YSDIT,YSDIT
8OZD9,8OZD9
0QQCG,0QQCG
5IJRW,5IJRW
YFXMH,YFXMH
LMTXW,LMTXW
B532R,B532R
EG1FJ,EG1FJ
DQVC1,DQVC1
930Z5,930Z5
2IG4D,2IG4D
SWICC,SWICC
HNHPF,HNHPF
1GRT1,1GRT1
VRYBE,VRYBE
5WQ9T,5WQ9T
UUBAV,UUBAV
XHWRO,XHWRO
9Q8D8,9Q8D8
MTVED,MTVED
203CO,203CO
7IA4A,7IA4A
ES4WX,ES4WX
CIKSM,CIKSM
VEACZ,VEACZ
IKWPQ,IKWPQ
VRBYP,VRBYP
UX5K7,UX5K7
EQ19R,EQ19R
LBUUZ,LBUUZ
3L4Y1,3L4Y1
SSKA6,SSKA6
MJWWC,MJWWC
8ONHZ,8ONHZ
9ORYR,9ORYR
XPUFD,XPUFD
R2R0B,R2R0B
CERWX,CERWX
R32BK,R32BK
WVDUR,WVDUR
9L2Q8,9L2Q8
XX6E2,XX6E2
LSUNW,LSUNW
9PWGA,9PWGA
Q4QPL,Q4QPL
Z5VDF,Z5VDF
2OD9C,2OD9C
WS9DH,WS9DH
1F0C0,1F0C0
7SU4C,7SU4C
QIWXR,QIWXR
RCAUN,RCAUN
IEZWG,IEZWG
9RRWN,9RRWN
7QNL1,7QNL1
KPLZR,KPLZR
6TK9U,6TK9U
01SY9,01SY9
8O304,8O304
A5VPZ,A5VPZ
84H46,84H46
3IKD2,3IKD2
B8EUE,B8EUE
4Q5RN,4Q5RN
0P6LM,0P6LM
3UNVJ,3UNVJ
CG981,CG981
SRL7W,SRL7W
M6YPM,M6YPM
BLRTZ,BLRTZ
E49J9,E49J9
CK12H,CK12H
PGS9J,PGS9J
F7FTR,F7FTR
DRZ6P,DRZ6P
QE3HC,QE3HC
HTL82,HTL82
W8TLM,W8TLM
S0QHJ,S0QHJ
S91SN,S91SN
ME6LD,ME6LD
W661O,W661O
1MGIF,1MGIF
SEDN4,SEDN4
N3I52,N3I52
G98VV,G98VV
EZXJF,EZXJF
W4E49,W4E49
QAPLM,QAPLM
8P50A,8P50A
328LR,328LR
89Q0M,89Q0M
BJBXC,BJBXC
KAQLF,KAQLF
QX65A,QX65A
Y74LO,Y74LO
73AR5,73AR5
1WOPJ,1WOPJ
AFJ4J,AFJ4J
RF7U1,RF7U1
674YS,674YS
UXEG9,UXEG9
KZPRP,KZPRP
PG5JI,PG5JI
6PEAX,6PEAX
1OKSG,1OKSG
CHTHU,CHTHU
P5LHX,P5LHX
MTZFF,MTZFF
V0VCD,V0VCD
FEI3Z,FEI3Z
Z9IU1,Z9IU1
O2465,O2465
DBX06,DBX06
A5PEH,A5PEH
LFKSO,LFKSO
DL5K8,DL5K8
QX8IP,QX8IP
7CMKV,7CMKV
7FBGA,7FBGA
NU54W,NU54W
FBTTO,FBTTO
PJQXA,PJQXA
775OT,775OT
MTOBT,MTOBT
HZ2U9,HZ2U9
ZUWLE,ZUWLE
QK8PI,QK8PI
D251Q,D251Q
F4QCT,F4QCT
R5JDU,R5JDU
962ER,962ER
HW0VP,HW0VP
OB4EP,OB4EP
GZMKE,GZMKE
W2VDZ,W2VDZ
E539Q,E539Q
778VK,778VK
VWSFJ,VWSFJ
METVC,METVC
X3GYY,X3GYY
BGPA7,BGPA7
67TNQ,67TNQ
PEX5B,PEX5B
8LZJ1,8LZJ1
W4ZMG,W4ZMG
HC4H4,HC4H4
G7ARK,G7ARK
WWP94,WWP94
KW1TS,KW1TS
123DT,123DT
NE94T,NE94T
Z3FEK,Z3FEK
Y3DP6,Y3DP6
6G9U4,6G9U4
U39WY,U39WY
GT316,GT316
SXT52,SXT52
NGEV9,NGEV9
4VHFC,4VHFC
6NCHI,6NCHI
SL992,SL992
JUGWP,JUGWP
YHRGF,YHRGF
80EH7,80EH7
ZQFKW,ZQFKW
7U1CV,7U1CV
5LTP6,5LTP6
2137C,2137C
CHAQ5,CHAQ5
T57TE,T57TE
RR872,RR872
N1DQ6,N1DQ6
XEKLX,XEKLX
XZZLE,XZZLE
1AYGO,1AYGO
7XWPO,7XWPO
RAVQN,RAVQN
V00LB,V00LB
RNG7E,RNG7E
GNE6Y,GNE6Y
C7X7J,C7X7J
33UU5,33UU5
WFGHL,WFGHL
4TSFS,4TSFS
H5VNH,H5VNH
FD2LS,FD2LS
I29E8,I29E8
27X6K,27X6K
Z2RH7,Z2RH7
IWPC2,IWPC2
OTVTE,OTVTE
UTVGV,UTVGV
KZ3JO,KZ3JO
NPDOV,NPDOV
QTCJG,QTCJG
FXSL5,FXSL5
XPKOV,XPKOV
BDP1H,BDP1H
IPTAX,IPTAX
GWDCB,GWDCB
6TJNC,6TJNC
XOS02,XOS02
W30XC,W30XC
LH9OE,LH9OE
XVWVL,XVWVL
K2QZA,K2QZA
AV8UH,AV8UH
WST8C,WST8C
3MKXZ,3MKXZ
BHBP7,BHBP7
YB02F,YB02F
VZB34,VZB34
EQHLD,EQHLD
R9KFP,R9KFP
POH43,POH43
NOZ71,NOZ71
C3KH5,C3KH5
MDINL,MDINL
C72XW,C72XW
M2UJE,M2UJE
T983G,T983G
G39E4,G39E4
FGQHQ,FGQHQ
JOKM6,JOKM6
3E4NE,3E4NE
K389S,K389S
N3XSN,N3XSN
UXQYH,UXQYH
X53ZU,X53ZU
37U2G,37U2G
DYCB2,DYCB2
DJBVZ,DJBVZ
NGGBB,NGGBB
GMSCY,GMSCY
CNLB6,CNLB6
HAQAS,HAQAS
B8C48,B8C48
TFSUE,TFSUE
SFSQ7,SFSQ7
Y8DUO,Y8DUO
2OBH7,2OBH7
5TTEC,5TTEC
IUEPE,IUEPE
NCFLZ,NCFLZ
80HI9,80HI9
1VCSY,1VCSY
7VGV2,7VGV2
MYGI5,MYGI5
P45Y5,P45Y5
5X79D,5X79D
GC3TB,GC3TB
4DVBV,4DVBV
5VBPL,5VBPL
6MOKI,6MOKI
BSE8B,BSE8B
AYR1E,AYR1E
KYQ8T,KYQ8T
ZFR1M,ZFR1M
MD08E,MD08E
KYQBB,KYQBB
I8TNI,I8TNI
Y7XK2,Y7XK2
KGKBB,KGKBB
8JH8K,8JH8K
6VATK,6VATK
9PUBP,9PUBP
1N6F0,1N6F0
3J6PM,3J6PM
G0755,G0755
R9BWJ,R9BWJ
EXSKM,EXSKM
VNMHM,VNMHM
BLJ7B,BLJ7B
Z0WID,Z0WID
O2XQK,O2XQK
Q2BQX,Q2BQX
JAR4F,JAR4F
UU4FN,UU4FN
LJNLT,LJNLT
0K6GW,0K6GW
6IMZU,6IMZU
3EIKX,3EIKX
LMAF4,LMAF4
P3XA0,P3XA0
UCE80,UCE80
6X70C,6X70C
NDDHM,NDDHM
0VRC5,0VRC5
FLWUM,FLWUM
C3OKC,C3OKC
RDX8E,RDX8E
ICKHQ,ICKHQ
362W5,362W5
B0TQE,B0TQE
ZN4EJ,ZN4EJ
AS653,AS653
QYR2V,QYR2V
DVM9C,DVM9C
DKJC6,DKJC6
VF9AF,VF9AF
1VQJ1,1VQJ1
D5N9V,D5N9V
DS2CJ,DS2CJ
HWW5M,HWW5M
31379,31379
YEWQQ,YEWQQ
5C54X,5C54X
IB73W,IB73W
3LGQZ,3LGQZ
3XJBG,3XJBG
W7MR3,W7MR3
OYQ0O,OYQ0O
3GMFG,3GMFG
VHWRM,VHWRM
S2EHF,S2EHF
LW3WY,LW3WY
UJTKI,UJTKI
8S8DG,8S8DG
7EYIQ,7EYIQ
693H7,693H7
U08YI,U08YI
RJAO3,RJAO3
CIUBE,CIUBE
LGN2X,LGN2X
VNXPE,VNXPE
KVPUK,KVPUK
14DTP,14DTP
704Z8,704Z8
V2LDF,V2LDF
WA5Q1,WA5Q1
FM527,FM527
L1DAP,L1DAP
OBP4U,OBP4U
NIR3Z,NIR3Z
16LP7,16LP7
AEV9X,AEV9X
I3UMY,I3UMY
516VR,516VR
7JF4M,7JF4M
NHHJN,NHHJN
86K27,86K27
LH9IC,LH9IC
YDM6S,YDM6S
XLG2W,XLG2W
IIMHR,IIMHR
EED3G,EED3G
GO04Y,GO04Y
835KQ,835KQ
CB7QO,CB7QO
YK4Y3,YK4Y3
0B1UN,0B1UN
VLSDQ,VLSDQ
QLV8R,QLV8R
NJ0AU,NJ0AU
ZW7GW,ZW7GW
B425Q,B425Q
R39P0,R39P0
2YKQE,2YKQE
4ZJK0,4ZJK0
1VCJV,1VCJV
AMY3S,AMY3S
ZBNFL,ZBNFL
SU213,SU213
6GKZ0,6GKZ0
CZULI,CZULI
V7NL6,V7NL6
IIZGY,IIZGY
HZ4LH,HZ4LH
82CEE,82CEE
WZOG0,WZOG0
DOPZN,DOPZN
H51BB,H51BB
C5UYY,C5UYY
76DSB,76DSB
RWA23,RWA23
TJ7VD,TJ7VD
KYWDP,KYWDP
F68V5,F68V5
H3QJX,H3QJX
ST9RW,ST9RW
96P9V,96P9V
JYD4D,JYD4D
OM3MY,OM3MY
9D2IE,9D2IE
EQAYQ,EQAYQ
2O7X6,2O7X6
MBLZM,MBLZM
8KW52,8KW52
C5Z2B,C5Z2B
1DY2K,1DY2K
NXTYT,NXTYT
THCV8,THCV8
690MC,690MC
T7VYE,T7VYE
JA5FT,JA5FT
H20QF,H20QF
KVXBZ,KVXBZ
HF979,HF979
EB6ZE,EB6ZE
F4QHY,F4QHY
B24Q8,B24Q8
6ENW7,6ENW7
HIKMG,HIKMG
U8XQ5,U8XQ5
BR8LF,BR8LF
X2YMA,X2YMA
EEGHD,EEGHD
APS2Z,APS2Z
QSRTA,QSRTA
MIG3Y,MIG3Y
2CXTL,2CXTL
0XRQW,0XRQW
L3FGZ,L3FGZ
FNBLD,FNBLD
6LOAU,6LOAU
ZF8GU,ZF8GU
PGL56,PGL56
7DETO,7DETO
NTIZA,NTIZA
UZY2D,UZY2D
P34SN,P34SN
RKTWL,RKTWL
GZMH4,GZMH4
J1DGY,J1DGY
G7NLX,G7NLX
F2J04,F2J04
D8R0F,D8R0F
TOZC4,TOZC4
JRNUT,JRNUT
PEULU,PEULU
G76X1,G76X1
K5S9V,K5S9V
EAQNO,EAQNO
S4J56,S4J56
LDIJY,LDIJY
3JA2B,3JA2B
YKEW4,YKEW4
UHED0,UHED0
V2DL2,V2DL2
ZNYM5,ZNYM5
FV8GF,FV8GF
CQSQM,CQSQM
EDXW5,EDXW5
KBTLC,KBTLC
6BYKA,6BYKA
MHCXA,MHCXA
0ZSSR,0ZSSR
ZF1OU,ZF1OU
BBFL3,BBFL3
CISGJ,CISGJ
XFWYK,XFWYK
0JJNL,0JJNL
RODR1,RODR1
27L0D,27L0D
TB4V3,TB4V3
OX01U,OX01U
PLHD9,PLHD9
DBX83,DBX83
GOU84,GOU84
SHLXS,SHLXS
HI2T2,HI2T2
FZDJB,FZDJB
3QANR,3QANR
4K7QK,4K7QK
2RP5H,2RP5H
D972D,D972D
SEBGB,SEBGB
JNMZJ,JNMZJ
5YJ4W,5YJ4W
CFTXQ,CFTXQ
F02MP,F02MP
SLX5S,SLX5S
JIRD9,JIRD9
WUOPM,WUOPM
4811J,4811J
PO5NC,PO5NC
ATQY0,ATQY0
9N8JI,9N8JI
QN0A4,QN0A4
BDZUS,BDZUS
JDLHS,JDLHS
81VB1,81VB1
C8R85,C8R85
H3KK3,H3KK3
J8SLK,J8SLK
XZJQC,XZJQC
S2QAK,S2QAK
7EFYW,7EFYW
LA8PY,LA8PY
NNIQT,NNIQT
X6O4S,X6O4S
MAX7Q,MAX7Q
9MSBY,9MSBY
8LO71,8LO71
7XWXT,7XWXT
I79TZ,I79TZ
DEGQ6,DEGQ6
LFRVD,LFRVD
1B6OT,1B6OT
Q2YG7,Q2YG7
VAK8A,VAK8A
UP2UN,UP2UN
ZBFFT,ZBFFT
3XTY2,3XTY2
XC5J9,XC5J9
NKHK7,NKHK7
6W9Z3,6W9Z3
ZHB1L,ZHB1L
7S3J9,7S3J9
442ES,442ES
LQ3AS,LQ3AS
4ZHQK,4ZHQK
W0PG6,W0PG6
41IFX,41IFX
U15JW,U15JW
3A39F,3A39F
LSKO0,LSKO0
OUMKG,OUMKG
88VBS,88VBS
XS85Y,XS85Y
LYV68,LYV68
SCFIJ,SCFIJ
VGKIR,VGKIR
4LURT,4LURT
X0RR8,X0RR8
S1H7V,S1H7V
E5321,E5321
9IKJN,9IKJN
K930R,K930R
LJHN2,LJHN2
ZTWJ2,ZTWJ2
179OQ,179OQ
I7SC5,I7SC5
CKMFK,CKMFK
IJ6Y2,IJ6Y2
OTR82,OTR82
8PNIW,8PNIW
P1URT,P1URT
6O3OJ,6O3OJ
MW2SP,MW2SP
F5AZX,F5AZX
UHV4C,UHV4C
HQXJ3,HQXJ3
3GYNX,3GYNX
AIL0S,AIL0S
L40TH,L40TH
WOAKF,WOAKF
MYFJ0,MYFJ0
M0I8T,M0I8T
2BL9Y,2BL9Y
KPSYB,KPSYB
7UM0M,7UM0M
OSFSZ,OSFSZ
ZMEZL,ZMEZL
2BMXJ,2BMXJ
5FHLN,5FHLN
Y7QQN,Y7QQN
AVMA0,AVMA0
7WAUO,7WAUO
X8QG2,X8QG2
GNY8K,GNY8K
U94YX,U94YX
84SDH,84SDH
DUR2K,DUR2K
2PTBG,2PTBG
ANS70,ANS70
BENHR,BENHR
JMZMR,JMZMR
5BX7C,5BX7C
KYR7Y,KYR7Y
UKOF4,UKOF4
Q0LUN,Q0LUN
J9MEV,J9MEV
894A0,894A0
M93Y0,M93Y0
WUIT8,WUIT8
W2U8F,W2U8F
PR1Q5,PR1Q5
TSZV8,TSZV8
0FM99,0FM99
P70PG,P70PG
80XJ9,80XJ9
YP374,YP374
NEMMF,NEMMF
66SAU,66SAU
7HJUQ,7HJUQ
MS1H8,MS1H8
3DDU0,3DDU0
1MVFR,1MVFR
VSE9V,VSE9V
ZD9HZ,ZD9HZ
K0CMI,K0CMI
0PEB4,0PEB4
ISQYM,ISQYM
FI78M,FI78M
OOQ7X,OOQ7X
CZBN8,CZBN8
OJD0P,OJD0P
IHWPW,IHWPW
DXQGO,DXQGO
PK819,PK819
T3DLK,T3DLK
QWUXW,QWUXW
RW4K8,RW4K8
JN5HK,JN5HK
H5IOA,H5IOA
7ZAC7,7ZAC7
Y8MT0,Y8MT0
ZFYXQ,ZFYXQ
9QXBM,9QXBM
4YXL9,4YXL9
M08FK,M08FK
MEQ0R,MEQ0R
82D63,82D63
DV4XR,DV4XR
K6U2T,K6U2T
C7MS9,C7MS9
5WK6D,5WK6D
WDZRP,WDZRP
EIPYH,EIPYH
SWGWO,SWGWO
2FPP3,2FPP3
O5ZM4,O5ZM4
NZG51,NZG51
ZBQMW,ZBQMW
9YOLM,9YOLM
5KGGL,5KGGL
6H5NA,6H5NA
E166J,E166J
3YURT,3YURT
SZREK,SZREK
YY2J4,YY2J4
T88I0,T88I0
UKGL0,UKGL0
UEZ48,UEZ48
O9WUE,O9WUE
XBSMY,XBSMY
EDLVR,EDLVR
FDTV7,FDTV7
FOR1N,FOR1N
NC9D6,NC9D6
OVNCS,OVNCS
8YCBI,8YCBI
Y66O4,Y66O4
GGEDO,GGEDO
8VBOM,8VBOM
6VYWZ,6VYWZ
G3JUC,G3JUC
H94OY,H94OY
F9II0,F9II0
WJ3KV,WJ3KV
WXX0J,WXX0J
1YGV1,1YGV1
AQSK8,AQSK8
86YV7,86YV7
398D7,398D7
AM4XU,AM4XU
HMMML,HMMML
86YOO,86YOO
FJPJQ,FJPJQ
26P4W,26P4W
P5372,P5372
PZX35,PZX35
2YN2W,2YN2W
IJHDB,IJHDB
EODVJ,EODVJ
22HDB,22HDB
4Q6D8,4Q6D8
TMTBV,TMTBV
VXAZC,VXAZC
82Q8D,82Q8D
UEJWV,UEJWV
36YIB,36YIB
A469A,A469A
OWUSX,OWUSX
QJP2L,QJP2L
6LQ91,6LQ91
RHHIF,RHHIF
YK77G,YK77G
SPBTB,SPBTB
X3S3U,X3S3U
SPFFS,SPFFS
2U4RL,2U4RL
7DMLR,7DMLR
VXDL2,VXDL2
Z7IAF,Z7IAF
FS04Q,FS04Q
6TFCM,6TFCM
ZUVA8,ZUVA8
29DD8,29DD8
D9VVQ,D9VVQ
5C4W8,5C4W8
YTTH6,YTTH6
KVPXM,KVPXM
B7LME,B7LME
02NAS,02NAS
26VH6,26VH6
S2PX6,S2PX6
8NJSS,8NJSS
6WBRW,6WBRW
WSHS4,WSHS4
4QN0V,4QN0V
A9BSS,A9BSS
8T56B,8T56B
GADP6,GADP6
DBPRU,DBPRU
JUIEE,JUIEE
I4Y0Q,I4Y0Q
DBLK6,DBLK6
2VAT5,2VAT5
6KGN3,6KGN3
DUGND,DUGND
WDAA8,WDAA8
GXCCX,GXCCX
GVJ4H,GVJ4H
MZK0V,MZK0V
0ZF84,0ZF84
OOAG6,OOAG6
WSNN4,WSNN4
4K8S5,4K8S5
EU3SY,EU3SY
FTIVT,FTIVT
BNKLZ,BNKLZ
O59FC,O59FC
7GIW2,7GIW2
2ME1X,2ME1X
06S3K,06S3K
FFQFA,FFQFA
TTCD7,TTCD7
FSMX1,FSMX1
8NFS4,8NFS4
AA4QK,AA4QK
OMP0C,OMP0C
R6F66,R6F66
KH1WS,KH1WS
NGXYI,NGXYI
KD87E,KD87E
AI7I3,AI7I3
F8UOM,F8UOM
LQMCV,LQMCV
O6IV1,O6IV1
2PAHO,2PAHO
0LBOL,0LBOL
2OBHP,2OBHP
1YBBM,1YBBM
LYO8H,LYO8H
SR21J,SR21J
HGZH6,HGZH6
9YO68,9YO68
PNNH6,PNNH6
8H75O,8H75O
1RXTJ,1RXTJ
V36MW,V36MW
B05NI,B05NI
ZADW5,ZADW5
GR0VC,GR0VC
V5FPM,V5FPM
SC0WB,SC0WB
CHIWE,CHIWE
8ZSJW,8ZSJW
GK6N4,GK6N4
5GWRG,5GWRG
6XNSH,6XNSH
880IK,880IK
9F8BL,9F8BL
8FPO8,8FPO8
O9BGM,O9BGM
TEB8C,TEB8C
WNCYF,WNCYF
7Z0ZO,7Z0ZO
3MBYY,3MBYY
4527E,4527E
GROY8,GROY8
SWBVY,SWBVY
7D9X2,7D9X2
07F5X,07F5X
V357T,V357T
JJ1CD,JJ1CD
TL3IL,TL3IL
7GS7V,7GS7V
G6FC1,G6FC1
QKL54,QKL54
T5EIM,T5EIM
6NI8Z,6NI8Z
2YSHF,2YSHF
G8HSL,G8HSL
80GY6,80GY6
G474Y,G474Y
BNTZ5,BNTZ5
FK0UL,FK0UL
WM08R,WM08R
APEAQ,APEAQ
O8P0F,O8P0F
AUUQO,AUUQO
T0AWE,T0AWE
0MMBW,0MMBW
7O5JL,7O5JL
4OK4M,4OK4M
W4IDU,W4IDU
N09N5,N09N5
ECQZE,ECQZE
DEN6U,DEN6U
5ZRGD,5ZRGD
86XLT,86XLT
8UQF6,8UQF6
J675H,J675H
94CB7,94CB7
PVIN2,PVIN2
NT1ZF,NT1ZF
8JLXQ,8JLXQ
UC0FO,UC0FO
GYE4M,GYE4M
C8EI1,C8EI1
0FXV8,0FXV8
0JJSY,0JJSY
O131G,O131G
O4UA7,O4UA7
S0WPK,S0WPK
F2IVU,F2IVU
O4AQO,O4AQO
3LGER,3LGER
KZMC9,KZMC9
N1FR9,N1FR9
XTRJY,XTRJY
87YCR,87YCR
1QYYF,1QYYF
E03OC,E03OC
4WE8I,4WE8I
HBGXP,HBGXP
BGGJD,BGGJD
UHFQL,UHFQL
O4D8P,O4D8P
DA0UE,DA0UE
0AQKE,0AQKE
GRKUC,GRKUC
AAQ9C,AAQ9C
B4CIV,B4CIV
38RS7,38RS7
HUHGX,HUHGX
DAOAP,DAOAP
1HW5D,1HW5D
8TLAB,8TLAB
S7VWD,S7VWD
S4AS9,S4AS9
WB2H7,WB2H7
Z40XT,Z40XT
H8SOF,H8SOF
NY5R2,NY5R2
LQTHN,LQTHN
SP9F7,SP9F7
6DPTS,6DPTS
7356P,7356P
LVQEJ,LVQEJ
CKZ7V,CKZ7V
XLDS6,XLDS6
S9C83,S9C83
NE8XG,NE8XG
4QCXZ,4QCXZ
SNAXL,SNAXL
VH9TJ,VH9TJ
NO90I,NO90I
YQNI6,YQNI6
SXBXU,SXBXU
S5DZF,S5DZF
GOMXR,GOMXR
4TYY5,4TYY5
UXSSH,UXSSH
43HAI,43HAI
NVEB0,NVEB0
C4ZBW,C4ZBW
18O3O,18O3O
OLH4D,OLH4D
DSWTU,DSWTU
YX7G2,YX7G2
Y2IYJ,Y2IYJ
2M862,2M862
2EH6M,2EH6M
6KI1B,6KI1B
2PIKL,2PIKL
XBD2I,XBD2I
1WALR,1WALR
E23OT,E23OT
I3HXO,I3HXO
0BNU9,0BNU9
ISX7T,ISX7T
GDFBH,GDFBH
0IRLP,0IRLP
6X2NY,6X2NY
92BRT,92BRT
6754K,6754K
UISC6,UISC6
02OK3,02OK3
62XYA,62XYA
WV2AO,WV2AO
KSVUP,KSVUP
37EC2,37EC2
1MLXP,1MLXP
Y2FMX,Y2FMX
ZEVAJ,ZEVAJ
OJBA6,OJBA6
OKZBW,OKZBW
ZUL8S,ZUL8S
N6JDM,N6JDM
3YXTF,3YXTF
JLFXM,JLFXM
9YAP1,9YAP1
8IF5S,8IF5S
X2DV9,X2DV9
TSK1R,TSK1R
6ZI12,6ZI12
IHFIG,IHFIG
SZJDG,SZJDG
I0SNM,I0SNM
ZPC7R,ZPC7R
38EXH,38EXH
CFGXS,CFGXS
HWQ8T,HWQ8T
VVKRX,VVKRX
ILVF4,ILVF4
C1NKC,C1NKC
OZ4DA,OZ4DA
XTUY8,XTUY8
2Q8LV,2Q8LV
5VGHM,5VGHM
T3MBH,T3MBH
EPVZH,EPVZH
OB650,OB650
TA05Y,TA05Y
8BVEO,8BVEO
2RV4L,2RV4L
SO4MJ,SO4MJ
OCF7U,OCF7U
48KKE,48KKE
JIL2A,JIL2A
GHBZ6,GHBZ6
755O3,755O3
OCHQB,OCHQB
DFVLI,DFVLI
FOM8A,FOM8A
0XL98,0XL98
178BW,178BW
7A31E,7A31E
CBBAN,CBBAN
L5XS8,L5XS8
IVNSD,IVNSD
YZSQB,YZSQB
6OKF0,6OKF0
JF9PK,JF9PK
UBGU2,UBGU2
1QEID,1QEID
511AU,511AU
0232F,0232F
XR7ZB,XR7ZB
A9ANA,A9ANA
I79JF,I79JF
J10XI,J10XI
KNL2V,KNL2V
MNO6Y,MNO6Y
7O6O7,7O6O7
3VBK0,3VBK0
EORAO,EORAO
LBYWR,LBYWR
SOO51,SOO51
PM97E,PM97E
E7OY1,E7OY1
NDMJ3,NDMJ3
GT2H9,GT2H9
E2BYO,E2BYO
3KXSU,3KXSU
DUOMT,DUOMT
7ZXP6,7ZXP6
DNUCK,DNUCK
7XM0W,7XM0W
V8KNH,V8KNH
LERA9,LERA9
OOEO4,OOEO4
0HXZL,0HXZL
2C2VW,2C2VW
CJ9Q7,CJ9Q7
6WPY4,6WPY4
F8CRB,F8CRB
V9WXZ,V9WXZ
J921L,J921L
GOA59,GOA59
5S3FL,5S3FL
QQTJ6,QQTJ6
W1WXF,W1WXF
N8T25,N8T25
AX3UD,AX3UD
E2C8P,E2C8P
P8OSK,P8OSK
P10MM,P10MM
91P2I,91P2I
9VQFC,9VQFC
L5VJ3,L5VJ3
F6AKN,F6AKN
6FCIB,6FCIB
RUWX1,RUWX1
Z2E9T,Z2E9T
WWYJA,WWYJA
4C9W3,4C9W3
TNAUT,TNAUT
O00KE,O00KE
NHFXC,NHFXC
DHJ0B,DHJ0B
IZ7BZ,IZ7BZ
30XH5,30XH5
VMMM5,VMMM5
UHFH8,UHFH8
1D3N3,1D3N3
QZ4JL,QZ4JL
37662,37662
GHTMS,GHTMS
E1AU6,E1AU6
D8VRK,D8VRK
ZIQ3Q,ZIQ3Q
MUFX7,MUFX7
372BH,372BH
R74MB,R74MB
ENQ84,ENQ84
QIYAY,QIYAY
S1HFL,S1HFL
XG3H9,XG3H9
JEX1A,JEX1A
J9Q70,J9Q70
ZH236,ZH236
7UKBA,7UKBA
84WLU,84WLU
JDWG5,JDWG5
LX1O4,LX1O4
GFPOP,GFPOP
UAPGR,UAPGR
NFWM6,NFWM6
RJPXA,RJPXA
ZOT3V,ZOT3V
DU2OQ,DU2OQ
0T2VN,0T2VN
AIQJ8,AIQJ8
1P9L6,1P9L6
LWPFA,LWPFA
9S5FL,9S5FL
U0HSP,U0HSP
L4GM0,L4GM0
1ICWP,1ICWP
FT00Q,FT00Q
5ZBBL,5ZBBL
JANJN,JANJN
RF556,RF556
F1LV4,F1LV4
UDIHD,UDIHD
BZJHW,BZJHW
UEOF4,UEOF4
XA46D,XA46D
ACQ99,ACQ99
XW1NK,XW1NK
XK1HS,XK1HS
V943J,V943J
30LI9,30LI9
B5239,B5239
QTJJB,QTJJB
ZS9TP,ZS9TP
VUO8H,VUO8H
BJV05,BJV05
83DAV,83DAV
IXYM8,IXYM8
78I2O,78I2O
F9N8T,F9N8T
TX9OW,TX9OW
N9Z1D,N9Z1D
JZIXP,JZIXP
T2SWH,T2SWH
TGNUD,TGNUD
EOSXF,EOSXF
O8FV5,O8FV5
PWOOA,PWOOA
LN0BV,LN0BV
OLCOA,OLCOA
XDEV5,XDEV5
VKEEG,VKEEG
Q0K7L,Q0K7L
3CV1X,3CV1X
DRQLL,DRQLL
FC39U,FC39U
Q4YJK,Q4YJK
XICPK,XICPK
HJ9PC,HJ9PC
MW95J,MW95J
6SKF2,6SKF2
OL7V3,OL7V3
MVOT2,MVOT2
XJATL,XJATL
EQAEG,EQAEG
M2X2R,M2X2R
XE3E1,XE3E1
LCYLE,LCYLE
NGXYA,NGXYA
2EN6G,2EN6G
SPYW2,SPYW2
7661V,7661V
B037K,B037K
TR2RL,TR2RL
J0ARO,J0ARO
1MYJV,1MYJV
FWT73,FWT73
5GBTE,5GBTE
6D863,6D863
1ALSH,1ALSH
H689U,H689U
1EF6Q,1EF6Q
7INDQ,7INDQ
4HQNZ,4HQNZ
8E6S6,8E6S6
4GBHX,4GBHX
EL363,EL363
P6T36,P6T36
PPCW5,PPCW5
MJNYS,MJNYS
W0WBH,W0WBH
SDRKQ,SDRKQ
WUCNC,WUCNC
I67IZ,I67IZ
58AAP,58AAP
GC7W2,GC7W2
S7FSX,S7FSX
K5K6I,K5K6I
8DNN4,8DNN4
NGNT3,NGNT3
8A1XJ,8A1XJ
N6KYI,N6KYI
IO6MY,IO6MY
NHQVV,NHQVV
9NDJ4,9NDJ4
QEVCZ,QEVCZ
9XYYW,9XYYW
7BN2Z,7BN2Z
VQH9P,VQH9P
SJL18,SJL18
6WVSN,6WVSN
7Z42P,7Z42P
S72WT,S72WT
647FS,647FS
L1HXR,L1HXR
4GDKV,4GDKV
LDK1R,LDK1R
14052,14052
D0MM3,D0MM3
2O3N5,2O3N5
482S6,482S6
7OIW7,7OIW7
XNX7D,XNX7D
NRNQ8,NRNQ8
MDDLL,MDDLL
FL57B,FL57B
6TD2Y,6TD2Y
363XN,363XN
OHVVK,OHVVK
4BFSH,4BFSH
IPWPT,IPWPT
RJFMK,RJFMK
KCTAG,KCTAG
UZ09U,UZ09U
O1FL4,O1FL4
YB4UE,YB4UE
916YW,916YW
JKUYV,JKUYV
YKVU5,YKVU5
7Z1FH,7Z1FH
VPKNE,VPKNE
YHV2C,YHV2C
3MLY0,3MLY0
R4BWF,R4BWF
3V1ZK,3V1ZK
F6F1C,F6F1C
FRWST,FRWST
QLM68,QLM68
9PSJ3,9PSJ3
W3SLR,W3SLR
KU5B8,KU5B8
T97EJ,T97EJ
3J78T,3J78T
X0BRT,X0BRT
H1QGD,H1QGD
EDBHX,EDBHX
2APEC,2APEC
P892P,P892P
85NWQ,85NWQ
ANSZA,ANSZA
YER9Z,YER9Z
FCK6N,FCK6N
7GX4V,7GX4V
3ETX5,3ETX5
OE97E,OE97E
H0F89,H0F89
3E0V6,3E0V6
XN9KQ,XN9KQ
TKUIR,TKUIR
VIS4C,VIS4C
RHEKZ,RHEKZ
QVZQS,QVZQS
KWVOP,KWVOP
6OJQ2,6OJQ2
KN6DU,KN6DU
RHY7W,RHY7W
RJHX2,RJHX2
CJMPX,CJMPX
F5NMK,F5NMK
GYU0T,GYU0T
4LBM7,4LBM7
QGXFO,QGXFO
A5I9Q,A5I9Q
2K2GT,2K2GT
B4589,B4589
VUCNM,VUCNM
BB9MX,BB9MX
K79VJ,K79VJ
WWTQM,WWTQM
L6GXQ,L6GXQ
H3FU7,H3FU7
XM2UX,XM2UX
G1V41,G1V41
MHMPG,MHMPG
MULEZ,MULEZ
TUUBI,TUUBI
PC7ST,PC7ST
CEF7O,CEF7O
CX8PY,CX8PY
J6PX4,J6PX4
LZJ23,LZJ23
CZF55,CZF55
S6LWD,S6LWD
G4Q2M,G4Q2M
Y9JJS,Y9JJS
JH9KM,JH9KM
D8JCH,D8JCH
CCJUG,CCJUG
DV65K,DV65K
4UFV1,4UFV1
KYBPW,KYBPW
N86LF,N86LF
RA3R5,RA3R5
K1E1G,K1E1G
UJVW4,UJVW4
EEFTB,EEFTB
BQNN9,BQNN9
XPC93,XPC93
2GWQD,2GWQD
DI3H6,DI3H6
AU5CE,AU5CE
2B1R5,2B1R5
E12TS,E12TS
Q1KWY,Q1KWY
QEAP3,QEAP3
E3TOR,E3TOR
OBODG,OBODG
GLVPK,GLVPK
JX1G9,JX1G9
QFEAK,QFEAK
D293A,D293A
9S8VM,9S8VM
DFLCH,DFLCH
F58A7,F58A7
GB2UA,GB2UA
022AY,022AY
1UHKF,1UHKF
5VRGG,5VRGG
6KPD6,6KPD6
506LH,506LH
81SKH,81SKH
NE8RJ,NE8RJ
OSTW5,OSTW5
JMN6W,JMN6W
RUE6X,RUE6X
3IPO6,3IPO6
NDY66,NDY66
RSD93,RSD93
USGNR,USGNR
V4QN6,V4QN6
CFO3S,CFO3S
2D1OP,2D1OP
7AYO2,7AYO2
OIKD7,OIKD7
4M7OM,4M7OM
R4V56,R4V56
QP9VL,QP9VL
RG0KG,RG0KG
FNZOZ,FNZOZ
CFAYA,CFAYA
430CT,430CT
ZARJW,ZARJW
YR07B,YR07B
NYT0U,NYT0U
YR2R7,YR2R7
JQXWC,JQXWC
EFUZ8,EFUZ8
UW6O5,UW6O5
R92J4,R92J4
9SHIJ,9SHIJ
6YROA,6YROA
2J4YG,2J4YG
21T53,21T53
LWD7Z,LWD7Z
1LMC7,1LMC7
CAYEK,CAYEK
IFCNV,IFCNV
ZZDVT,ZZDVT
1V8BU,1V8BU
8V34A,8V34A
Z3QI8,Z3QI8
WZA68,WZA68
GFYCT,GFYCT
R64DZ,R64DZ
RO63Y,RO63Y
T69F3,T69F3
GU6QG,GU6QG
JLXGY,JLXGY
UJTBX,UJTBX
SANXK,SANXK
U86PW,U86PW
GJ0DW,GJ0DW
LUFK1,LUFK1
0ELLW,0ELLW
AOQPH,AOQPH
K8OD0,K8OD0
XTMYR,XTMYR
8Q8OG,8Q8OG
JEHNV,JEHNV
7Y1EE,7Y1EE
1EZXP,1EZXP
3XHBC,3XHBC
YU2I1,YU2I1
73FND,73FND
IVQRF,IVQRF
WRSBL,WRSBL
C6C7J,C6C7J
PNUOB,PNUOB
ZSE3B,ZSE3B
1174Q,1174Q
Q6DZP,Q6DZP
5WKWS,5WKWS
E8PYE,E8PYE
TY8GM,TY8GM
IMCYB,IMCYB
X5ISH,X5ISH
H6CY0,H6CY0
OSCTQ,OSCTQ
08JJL,08JJL
VIRP9,VIRP9
R4KD8,R4KD8
832VJ,832VJ
JEJIW,JEJIW
5X64P,5X64P
7UEHF,7UEHF
H42V8,H42V8
BJJXY,BJJXY
MJ56O,MJ56O
UNCTL,UNCTL
YCTXJ,YCTXJ
6Y8T4,6Y8T4
53XP6,53XP6
YJW58,YJW58
FPFA0,FPFA0
3B0WK,3B0WK
98FON,98FON
3Z92Z,3Z92Z
VJV1K,VJV1K
KJA22,KJA22
PIG9H,PIG9H
RWVAE,RWVAE
RQZCV,RQZCV
6SXMB,6SXMB
Q995J,Q995J
RM9H6,RM9H6
9449C,9449C
OZ1L2,OZ1L2
731C0,731C0
ED8U0,ED8U0
AA997,AA997
2AYMA,2AYMA
FW9PO,FW9PO
93QIK,93QIK
0E9GL,0E9GL
ML3E4,ML3E4
TAJ71,TAJ71
10NV8,10NV8
FTYB0,FTYB0
LVUBT,LVUBT
35GGO,35GGO
V6LDR,V6LDR
T3FTQ,T3FTQ
JJY40,JJY40
KNFXG,KNFXG
GZ6W7,GZ6W7
HPF4X,HPF4X
S0TZD,S0TZD
GYCHS,GYCHS
0BVF0,0BVF0
KKTMH,KKTMH
P2WZH,P2WZH
520FK,520FK
GM2YS,GM2YS
13G23,13G23
8WZ23,8WZ23
F6IHQ,F6IHQ
LQGJB,LQGJB
FRU1X,FRU1X
5Y36G,5Y36G
DF957,DF957
7CPUT,7CPUT
U8ODS,U8ODS
LAB7W,LAB7W
S0TVT,S0TVT
A46HN,A46HN
7L691,7L691
2CDA5,2CDA5
3DVZO,3DVZO
LHDD0,LHDD0
OCPO5,OCPO5
HQM8S,HQM8S
7TVCN,7TVCN
A4RQZ,A4RQZ
ECRYD,ECRYD
TZ49O,TZ49O
A81RB,A81RB
IJUD0,IJUD0
KM6QT,KM6QT
VS8LK,VS8LK
I8TZJ,I8TZJ
0XY2Z,0XY2Z
VOTMJ,VOTMJ
K7ELA,K7ELA
2Z4H4,2Z4H4
V789U,V789U
NTXED,NTXED
3M1GA,3M1GA
UFDB7,UFDB7
WZPU3,WZPU3
FSKR4,FSKR4
KY9MW,KY9MW
SRUQT,SRUQT
596RL,596RL
CP9ZP,CP9ZP
HUF0S,HUF0S
T85J1,T85J1
NCSFF,NCSFF
L4UY3,L4UY3
HYN1W,HYN1W
YNWI6,YNWI6
6AEFJ,6AEFJ
9XZCE,9XZCE
NYN69,NYN69
1NTYC,1NTYC
V9OXD,V9OXD
1K715,1K715
FAMW0,FAMW0
Z66EW,Z66EW
GLWGP,GLWGP
9FTNH,9FTNH
UCQYG,UCQYG
TCMYG,TCMYG
K8BYN,K8BYN
3XC4P,3XC4P
2415G,2415G
UTMLF,UTMLF
OEWK6,OEWK6
NDND8,NDND8
O0MPP,O0MPP
L4O5A,L4O5A
XPRIL,XPRIL
C9CHG,C9CHG
YQYJ6,YQYJ6
Q8OHB,Q8OHB
DV9PH,DV9PH
KF0IL,KF0IL
74QTJ,74QTJ
V23ZL,V23ZL
EG4BM,EG4BM
WNJNB,WNJNB
3QG29,3QG29
7V1ZH,7V1ZH
7QNB9,7QNB9
BQ2NA,BQ2NA
UFB74,UFB74
197OI,197OI
JMQ9O,JMQ9O
2BRFU,2BRFU
OTYB6,OTYB6
A2HU5,A2HU5
GJ8YJ,GJ8YJ
3NYP5,3NYP5
QZYAI,QZYAI
O4ARN,O4ARN
IJYOT,IJYOT
KWAN6,KWAN6
TPELR,TPELR
V4IF1,V4IF1
N57CE,N57CE
02ZZT,02ZZT
DDT3K,DDT3K
QIXD2,QIXD2
A5JIJ,A5JIJ
DTQ0T,DTQ0T
PWJUT,PWJUT
USFUU,USFUU
70Z72,70Z72
WX2A8,WX2A8
ETAM1,ETAM1
GS2VI,GS2VI
96ZCT,96ZCT
VPSBW,VPSBW
RMC9C,RMC9C
VNO93,VNO93
09LJ1,09LJ1
SAINT,SAINT
GLMKF,GLMKF
2Q0LN,2Q0LN
O7EY9,O7EY9
R70UW,R70UW
O25T1,O25T1
EE8HH,EE8HH
ME5QN,ME5QN
UZ0L0,UZ0L0
553VR,553VR
8SNNE,8SNNE
5GQSG,5GQSG
B4H75,B4H75
AHVZA,AHVZA
F4P61,F4P61
BEXS1,BEXS1
12J5Z,12J5Z
NSN5W,NSN5W
OS913,OS913
F8J0F,F8J0F
X0Z38,X0Z38
LSXW4,LSXW4
2TSRK,2TSRK
3O58D,3O58D
SZMZO,SZMZO
JI9FU,JI9FU
XY4A0,XY4A0
52JF8,52JF8
JOIEO,JOIEO
F3J0H,F3J0H
AP428,AP428
JPMV8,JPMV8
C5S1C,C5S1C
R6LUC,R6LUC
ZZ19K,ZZ19K
R42R5,R42R5
D85ER,D85ER
U8FN0,U8FN0
82DQD,82DQD
RC51U,RC51U
GENDS,GENDS
RA6QL,RA6QL
XLVLZ,XLVLZ
ET01P,ET01P
N6ZBN,N6ZBN
7E3J5,7E3J5
V5T4R,V5T4R
FZDKW,FZDKW
FYO3W,FYO3W
TOJPE,TOJPE
HCV7Z,HCV7Z
8DKXG,8DKXG
T7YND,T7YND
20MGU,20MGU
TE6PE,TE6PE
J3YDG,J3YDG
REH4V,REH4V
LCRU5,LCRU5
5FODE,5FODE
ATW9H,ATW9H
8ODZ5,8ODZ5
I3WBG,I3WBG
PUWJC,PUWJC
63AFU,63AFU
66SQI,66SQI
0UJFE,0UJFE
KPADP,KPADP
DQBLV,DQBLV
19GLT,19GLT
XMD7S,XMD7S
NMWE2,NMWE2
EGZE8,EGZE8
5FD9M,5FD9M
QUEB6,QUEB6
6LHHB,6LHHB
ETI2O,ETI2O
OTW08,OTW08
HA1SW,HA1SW
P1XD9,P1XD9
UMJ1V,UMJ1V
A4PJE,A4PJE
TXUK1,TXUK1
D0ER5,D0ER5
CMA1Z,CMA1Z
OTIQS,OTIQS
UPU5H,UPU5H
HF9DX,HF9DX
JGBDF,JGBDF
KWNDE,KWNDE
DIMKJ,DIMKJ
2U6EZ,2U6EZ
C74TB,C74TB
D01QZ,D01QZ
61146,61146
WEKK0,WEKK0
BNUXU,BNUXU
KST58,KST58
ELVEP,ELVEP
0XHRU,0XHRU
8ZVTY,8ZVTY
2G9KC,2G9KC
SC7GZ,SC7GZ
4WDV2,4WDV2
AZDTS,AZDTS
5SDNM,5SDNM
M14BG,M14BG
YXRTX,YXRTX
CYBMX,CYBMX
RDS4Q,RDS4Q
4A4SJ,4A4SJ
DYTQA,DYTQA
FHIM1,FHIM1
3G5R0,3G5R0
0579N,0579N
E2V9D,E2V9D
2YXXL,2YXXL
8ZYVL,8ZYVL
4QQXK,4QQXK
HUV1I,HUV1I
1V1ON,1V1ON
EPVSQ,EPVSQ
FZW32,FZW32
6MSNW,6MSNW
4ZSU5,4ZSU5
P7AAN,P7AAN
8NH2N,8NH2N
BWYZI,BWYZI
J0QJQ,J0QJQ
E0FA9,E0FA9
D84JE,D84JE
JTRLK,JTRLK
FPJ8W,FPJ8W
NI8UR,NI8UR
HXNKX,HXNKX
V6JZC,V6JZC
IHMM4,IHMM4
VHXY7,VHXY7
8MT3M,8MT3M
DYPUD,DYPUD
2G7I2,2G7I2
C6YSB,C6YSB
0I2J2,0I2J2
C14BS,C14BS
43N14,43N14
EJYTK,EJYTK
XJ5YB,XJ5YB
O4UG0,O4UG0
2RM19,2RM19
TB7RI,TB7RI
GF2HY,GF2HY
8YNHU,8YNHU
JXZ1H,JXZ1H
T82G2,T82G2
TCIKR,TCIKR
BFP3C,BFP3C
22I3K,22I3K
ZBZJ9,ZBZJ9
QE4EM,QE4EM
ZC39S,ZC39S
DBUG9,DBUG9
JATOG,JATOG
TW353,TW353
S94T4,S94T4
FS5MB,FS5MB
09J4O,09J4O
KVHJK,KVHJK
G5W24,G5W24
VWWIP,VWWIP
KABZT,KABZT
VAOGR,VAOGR
GQ6YI,GQ6YI
X5503,X5503
VEDWP,VEDWP
63E20,63E20
JFMUW,JFMUW
AKWOY,AKWOY
KN7Q9,KN7Q9
CIC4D,CIC4D
D6LDE,D6LDE
LGIUT,LGIUT
QVFTL,QVFTL
R7XSW,R7XSW
TX9M2,TX9M2
YZBOH,YZBOH
QLQEJ,QLQEJ
M0JDX,M0JDX
521PV,521PV
P5A0W,P5A0W
ZCCTC,ZCCTC
MH9N7,MH9N7
M702A,M702A
TIZ3M,TIZ3M
VN80K,VN80K
QKB2A,QKB2A
XZM3M,XZM3M
5KFVB,5KFVB
71OGE,71OGE
BGXP5,BGXP5
Y336Q,Y336Q
0MKXP,0MKXP
7C11I,7C11I
6L0X1,6L0X1
HDD2N,HDD2N
BYXTU,BYXTU
WMTCE,WMTCE
9H8Q3,9H8Q3
I7V0U,I7V0U
LIC4H,LIC4H
NGHRG,NGHRG
79RAL,79RAL
REDGN,REDGN
DYPW9,DYPW9
J5NCG,J5NCG
D5IYP,D5IYP
47FBH,47FBH
WWVX2,WWVX2
3EL6F,3EL6F
85UUC,85UUC
NK61J,NK61J
Y5LHT,Y5LHT
X27D2,X27D2
WFRFX,WFRFX
2O4CY,2O4CY
V69UM,V69UM
FWLSH,FWLSH
WLASV,WLASV
32UA2,32UA2
S9B8M,S9B8M
D0WNH,D0WNH
BUNVW,BUNVW
WSXOW,WSXOW
0H4U0,0H4U0
UJO0B,UJO0B
7XU7S,7XU7S
6M0PT,6M0PT
GE850,GE850
DEFZH,DEFZH
N0OY6,N0OY6
IL7MZ,IL7MZ
08IWV,08IWV
7YHNE,7YHNE
55X4T,55X4T
LUDWY,LUDWY
ZQ5QO,ZQ5QO
YHTWS,YHTWS
EX81S,EX81S
V84EC,V84EC
GXRQ9,GXRQ9
HYJUE,HYJUE
5VQW8,5VQW8
MFFF6,MFFF6
5ZJZ3,5ZJZ3
W92DK,W92DK
94R2E,94R2E
QXQGI,QXQGI
1G5H1,1G5H1
HQ2HZ,HQ2HZ
VNXHQ,VNXHQ
XDC9C,XDC9C
25OH1,25OH1
QB1U0,QB1U0
MFBJD,MFBJD
JOX25,JOX25
F5MRR,F5MRR
52ZT2,52ZT2
OMHQ6,OMHQ6
E3PKF,E3PKF
0UQ72,0UQ72
5TZKK,5TZKK
BR00L,BR00L
W88QQ,W88QQ
00S54,00S54
5AZ0K,5AZ0K
PL01G,PL01G
1T4XT,1T4XT
QQJOV,QQJOV
VHCUM,VHCUM
ZZ9RF,ZZ9RF
EPFFY,EPFFY
2BPOA,2BPOA
YM4H6,YM4H6
KRP73,KRP73
0CYZ3,0CYZ3
P1F57,P1F57
4QIQ8,4QIQ8
HYI2H,HYI2H
7725A,7725A
JPYIR,JPYIR
N1CPY,N1CPY
8J3KO,8J3KO
KOLH2,KOLH2
253LO,253LO
NEZN1,NEZN1
9P84W,9P84W
O7I1K,O7I1K
W9YZI,W9YZI
1UGBR,1UGBR
Z7J2U,Z7J2U
ILK18,ILK18
C29GH,C29GH
0NOHJ,0NOHJ
C5KX5,C5KX5
H1VXC,H1VXC
KTM5O,KTM5O
95QU7,95QU7
MV2D5,MV2D5
BMCK2,BMCK2
RCY0O,RCY0O
HKY0O,HKY0O
XN22W,XN22W
PJ8Y8,PJ8Y8
G9257,G9257
2HK5N,2HK5N
FSI9K,FSI9K
BUA77,BUA77
X82LV,X82LV
CHMDH,CHMDH
CF9EA,CF9EA
GE35T,GE35T
5P59C,5P59C
6GDHP,6GDHP
F3ZYV,F3ZYV
EPEN0,EPEN0
7II83,7II83
IL7W1,IL7W1
G9OFS,G9OFS
DUG9Q,DUG9Q
ESCHJ,ESCHJ
8EAOM,8EAOM
KMIY0,KMIY0
HT91H,HT91H
3WXE1,3WXE1
OF4K3,OF4K3
X0CIT,X0CIT
A37TG,A37TG
35L6M,35L6M
IVCEY,IVCEY
AFB3S,AFB3S
3QF4H,3QF4H
B08GL,B08GL
8XC6U,8XC6U
U9053,U9053
IFA75,IFA75
1QF4C,1QF4C
VO8LD,VO8LD
KYT8K,KYT8K
JDNCV,JDNCV
TC3S0,TC3S0
LE2HY,LE2HY
OPOL6,OPOL6
3VX3K,3VX3K
WAZAU,WAZAU
0ZCV9,0ZCV9
Q3YR0,Q3YR0
KREG6,KREG6
HKOZU,HKOZU
9R1T0,9R1T0
97CZM,97CZM
9LD3Z,9LD3Z
SUJ2E,SUJ2E
U55QM,U55QM
SRMLG,SRMLG
D910P,D910P
ML29E,ML29E
MHBA7,MHBA7
BA2NY,BA2NY
TE6B2,TE6B2
CJIB8,CJIB8
6SY3C,6SY3C
2EG11,2EG11
EJR56,EJR56
VK6YB,VK6YB
YO6V1,YO6V1
YQW2Z,YQW2Z
TRB1G,TRB1G
OP2N6,OP2N6
DG93R,DG93R
2O208,2O208
A112J,A112J
NTSD7,NTSD7
457CY,457CY
9GD7Q,9GD7Q
R0XE7,R0XE7
03T3S,03T3S
XQBHO,XQBHO
48HOG,48HOG
TYP9U,TYP9U
05A5J,05A5J
DF42H,DF42H
PDJSC,PDJSC
XG5QA,XG5QA
52BFK,52BFK
L8BKB,L8BKB
87SD5,87SD5
KX0XR,KX0XR
534A5,534A5
HS6C5,HS6C5
CRJCN,CRJCN
1PDRV,1PDRV
EHFQT,EHFQT
R17LP,R17LP
408DW,408DW
HIJLX,HIJLX
A7UKN,A7UKN
ZL6IK,ZL6IK
8YRUN,8YRUN
FELOC,FELOC
W5A39,W5A39
YOJ2L,YOJ2L
Q8KQA,Q8KQA
5ILKM,5ILKM
JF1SG,JF1SG
50TUO,50TUO
ONMGC,ONMGC
BN99P,BN99P
BOQXJ,BOQXJ
AQF4I,AQF4I
TJC4K,TJC4K
OWDTV,OWDTV
6OD3A,6OD3A
CGJ7K,CGJ7K
ZU55S,ZU55S
1FETS,1FETS
YECPQ,YECPQ
C6RGF,C6RGF
YAM7P,YAM7P
SS0J8,SS0J8
Q4QG6,Q4QG6
KMG8P,KMG8P
QYAEB,QYAEB
PG6PU,PG6PU
RXDYO,RXDYO
BZYHK,BZYHK
MSAC8,MSAC8
9ZZH1,9ZZH1
VSWNP,VSWNP
F42KG,F42KG
LRW7J,LRW7J
NBQB5,NBQB5
QBDIT,QBDIT
E00O2,E00O2
AI6RQ,AI6RQ
18IM1,18IM1
LRL8W,LRL8W
UPBSQ,UPBSQ
4N1UB,4N1UB
DSD5N,DSD5N
ASU46,ASU46
XFUMK,XFUMK
MS2KB,MS2KB
2YUJ3,2YUJ3
UUFYM,UUFYM
EQOT2,EQOT2
2EHP7,2EHP7
YYVPP,YYVPP
IPATH,IPATH
MQN1H,MQN1H
TY8ED,TY8ED
90TLL,90TLL
52TV2,52TV2
XFVRW,XFVRW
AZXVH,AZXVH
T44T9,T44T9
NY6L8,NY6L8
NSZ3H,NSZ3H
YSUPS,YSUPS
D3ZCQ,D3ZCQ
GTS7D,GTS7D
5SFTR,5SFTR
D608C,D608C
1G00A,1G00A
4HJ21,4HJ21
586K3,586K3
84ATH,84ATH
ZGOZG,ZGOZG
OSNMB,OSNMB
G8QGA,G8QGA
TM83O,TM83O
DEX20,DEX20
WOOUG,WOOUG
ADI29,ADI29
L4COU,L4COU
NORBL,NORBL
04JP6,04JP6
RVMGG,RVMGG
YTBRS,YTBRS
5LV8L,5LV8L
LK5CF,LK5CF
OYF9D,OYF9D
8LPJA,8LPJA
QGHWW,QGHWW
HE9CX,HE9CX
A9WGC,A9WGC
KBNUR,KBNUR
VKCXG,VKCXG
YJCBC,YJCBC
K2POI,K2POI
VWDHT,VWDHT
80QB2,80QB2
U3UK2,U3UK2
Q4PER,Q4PER
PU289,PU289
6234K,6234K
BP8V4,BP8V4
L7FCY,L7FCY
TW81R,TW81R
7FEWW,7FEWW
0EGA2,0EGA2
0NVGR,0NVGR
6LYQY,6LYQY
I8BPZ,I8BPZ
6JPI1,6JPI1
Z987Q,Z987Q
8Y4QA,8Y4QA
P2IVY,P2IVY
AAB6Q,AAB6Q
8Y8GE,8Y8GE
HYN1X,HYN1X
ISD3F,ISD3F
BNL3H,BNL3H
YXUIK,YXUIK
OE1OD,OE1OD
DQ348,DQ348
GAIME,GAIME
1INRC,1INRC
S6MPD,S6MPD
MC24S,MC24S
AOE9O,AOE9O
5XZAR,5XZAR
2NIOW,2NIOW
NKDTZ,NKDTZ
4T2JR,4T2JR
F7UUC,F7UUC
BGOK1,BGOK1
J3DDO,J3DDO
AYHPW,AYHPW
POZY8,POZY8
GHKSQ,GHKSQ
VQDR0,VQDR0
2D5JO,2D5JO
9IBFY,9IBFY
UDM5V,UDM5V
OPQ95,OPQ95
SOFA5,SOFA5
SZZ9A,SZZ9A
TEFIC,TEFIC
71CVT,71CVT
C361L,C361L
E7IEP,E7IEP
0IV4M,0IV4M
F2AHJ,F2AHJ
W105Q,W105Q
DUQ8O,DUQ8O
363BJ,363BJ
COXMM,COXMM
M3NV9,M3NV9
2NA12,2NA12
ESDO8,ESDO8
SC9EN,SC9EN
ZECOU,ZECOU
ER9FI,ER9FI
XPPX0,XPPX0
BLRB2,BLRB2
N7AHR,N7AHR
IAV0K,IAV0K
XAN0L,XAN0L
NZ5CE,NZ5CE
5NBB6,5NBB6
QFCE5,QFCE5
6G6ZV,6G6ZV
4DO3M,4DO3M
M5OCV,M5OCV
GKJ9F,GKJ9F
R6DGG,R6DGG
B9BD3,B9BD3
VBPVZ,VBPVZ
4HHF5,4HHF5
NXMN8,NXMN8
V3AWN,V3AWN
XQYHX,XQYHX
D864Y,D864Y
JP932,JP932
NWWY0,NWWY0
AMTOX,AMTOX
QBXBU,QBXBU
XJO0M,XJO0M
8P867,8P867
RE2PD,RE2PD
66KZL,66KZL
T3NNT,T3NNT
MJFSG,MJFSG
NBRMP,NBRMP
97C9U,97C9U
76V7A,76V7A
BYBGP,BYBGP
7N9Y4,7N9Y4
295XB,295XB
M5RMR,M5RMR
SWT78,SWT78
9WQUN,9WQUN
EZH9T,EZH9T
A6PTD,A6PTD
B6QSQ,B6QSQ
XPD8Z,XPD8Z
REM7T,REM7T
SSQZ2,SSQZ2
RNIGH,RNIGH
RMFH9,RMFH9
SNGKP,SNGKP
WM9UH,WM9UH
80DC0,80DC0
RHU7L,RHU7L
T4412,T4412
HWAB5,HWAB5
WS9DT,WS9DT
EWF6K,EWF6K
OWEIN,OWEIN
M89LE,M89LE
JR03U,JR03U
ZKHHC,ZKHHC
4TYGU,4TYGU
0K2QA,0K2QA
FRNV0,FRNV0
4K1TN,4K1TN
75L6Y,75L6Y
EQ9XB,EQ9XB
K95FK,K95FK
C7AZM,C7AZM
RRAH4,RRAH4
E3KOO,E3KOO
WH2AL,WH2AL
9XN0G,9XN0G
FKCOM,FKCOM
9V01V,9V01V
UP1MX,UP1MX
TPL6J,TPL6J
EQ5QT,EQ5QT
0JFSU,0JFSU
2X6QV,2X6QV
ARXJU,ARXJU
EBJEU,EBJEU
PD6FE,PD6FE
15MGK,15MGK
YAOBA,YAOBA
Q41NF,Q41NF
08EC0,08EC0
L6JES,L6JES
0JXS3,0JXS3
ZVQC8,ZVQC8
QFCCO,QFCCO
PUARW,PUARW
0TKY2,0TKY2
GG3Y9,GG3Y9
FIMJK,FIMJK
G8J9A,G8J9A
Z3ZAL,Z3ZAL
B3PP2,B3PP2
9E043,9E043
DC2MQ,DC2MQ
9JI98,9JI98
VIVRR,VIVRR
6EN3G,6EN3G
6O3AZ,6O3AZ
SRPLQ,SRPLQ
MXACF,MXACF
DJ1AE,DJ1AE
Z4GW3,Z4GW3
SRHJ9,SRHJ9
CR8DT,CR8DT
JKJK2,JKJK2
8MUIP,8MUIP
122Q0,122Q0
DYP6G,DYP6G
PIVR9,PIVR9
UNIHB,UNIHB
2HLBA,2HLBA
MHKEJ,MHKEJ
IJ3RO,IJ3RO
JX09H,JX09H
3MGMX,3MGMX
D8SN0,D8SN0
PCAMR,PCAMR
2GKCI,2GKCI
P991X,P991X
MMTWZ,MMTWZ
WO79L,WO79L
ACP04,ACP04
4VJPS,4VJPS
KTHVD,KTHVD
RQPHV,RQPHV
QNGL7,QNGL7
POUDB,POUDB
Y1HGO,Y1HGO
751RM,751RM
HWH94,HWH94
BKD8B,BKD8B
EGATW,EGATW
2HCSD,2HCSD
VZ3WD,VZ3WD
V59F4,V59F4
932OL,932OL
IMY0N,IMY0N
1UJPF,1UJPF
JIDOT,JIDOT
XIKER,XIKER
DJGP5,DJGP5
NSWJH,NSWJH
VURY8,VURY8
7BF0C,7BF0C
I84AI,I84AI
BL9AJ,BL9AJ
6MTJ6,6MTJ6
C967E,C967E
NZS29,NZS29
R2ZRO,R2ZRO
CKV8H,CKV8H
B37UE,B37UE
0QR16,0QR16
KSTKW,KSTKW
DD3AG,DD3AG
QNGQR,QNGQR
4N87W,4N87W
WR1VE,WR1VE
DV2OX,DV2OX
NSMSE,NSMSE
8LMGI,8LMGI
4JSFZ,4JSFZ
O6MMG,O6MMG
ZX7GT,ZX7GT
T4QX8,T4QX8
PZ6KC,PZ6KC
SROSZ,SROSZ
3O1W8,3O1W8
F8MAF,F8MAF
63KFB,63KFB
9ZV4D,9ZV4D
FPD76,FPD76
1DLYR,1DLYR
4M3II,4M3II
A31Y3,A31Y3
7D48Z,7D48Z
RT8LE,RT8LE
KFN3G,KFN3G
Y5N1I,Y5N1I
EBTG6,EBTG6
3A1MH,3A1MH
3PGFO,3PGFO
F2G5G,F2G5G
S7K0L,S7K0L
XLKQ6,XLKQ6
6J4XG,6J4XG
IZUHJ,IZUHJ
48PY3,48PY3
3G3MP,3G3MP
AR7N1,AR7N1
SYNPI,SYNPI
BO9VS,BO9VS
JCK04,JCK04
F81EJ,F81EJ
60SJ5,60SJ5
CJ7BW,CJ7BW
3DS48,3DS48
NGBWI,NGBWI
0BM8T,0BM8T
65L1O,65L1O
1R49Z,1R49Z
YJYWI,YJYWI
IYOIU,IYOIU
AN8CE,AN8CE
GFN1G,GFN1G
3WTEQ,3WTEQ
0LDO8,0LDO8
95S04,95S04
MR2C9,MR2C9
AMTX2,AMTX2
QLKYE,QLKYE
EFW5W,EFW5W
VO8ZL,VO8ZL
I8G2J,I8G2J
T08ZD,T08ZD
RHIH5,RHIH5
2E79Y,2E79Y
YEVZI,YEVZI
464L3,464L3
G4P5R,G4P5R
HN92R,HN92R
637RT,637RT
TJJVS,TJJVS
BVBUN,BVBUN
CHFJK,CHFJK
VT9KP,VT9KP
RF41P,RF41P
9FDIT,9FDIT
F8VU2,F8VU2
2K9R9,2K9R9
UT8MK,UT8MK
9KHAD,9KHAD
J9AFH,J9AFH
KZKHV,KZKHV
YTQ0K,YTQ0K
8K7QT,8K7QT
8R38S,8R38S
AH7XL,AH7XL
ZK0RR,ZK0RR
RHWR7,RHWR7
RYJK8,RYJK8
SX2TT,SX2TT
BFG2O,BFG2O
61LMH,61LMH
72E49,72E49
XVP5V,XVP5V
XCCY2,XCCY2
FYHAQ,FYHAQ
RXRMX,RXRMX
J67Q2,J67Q2
VQSZZ,VQSZZ
F2NVU,F2NVU
D8PJA,D8PJA
JEO5I,JEO5I
P423Z,P423Z
TU96E,TU96E
4L36X,4L36X
T8XGE,T8XGE
F2ST4,F2ST4
LSYDI,LSYDI
5TOCE,5TOCE
IEE2S,IEE2S
MD7OD,MD7OD
F2FQR,F2FQR
9LTIY,9LTIY
EIAE0,EIAE0
7TGAT,7TGAT
ZBIJ9,ZBIJ9
ESVEE,ESVEE
TJHLL,TJHLL
LOIX4,LOIX4
6I91P,6I91P
SVS3B,SVS3B
ZBT0Z,ZBT0Z
3VOIH,3VOIH
WGA96,WGA96
QT8AQ,QT8AQ
S9RMZ,S9RMZ
D18A8,D18A8
73E29,73E29
DB018,DB018
XNPII,XNPII
TB9TO,TB9TO
DT5V2,DT5V2
EL9WE,EL9WE
FTQNU,FTQNU
SAOP8,SAOP8
Y6V8C,Y6V8C
WGCO5,WGCO5
NEGWF,NEGWF
XCM0M,XCM0M
BFATJ,BFATJ
TKQ7G,TKQ7G
VT3RW,VT3RW
S44QL,S44QL
3ZM4W,3ZM4W
UO2H7,UO2H7
UF3X5,UF3X5
A1T4L,A1T4L
UQ726,UQ726
7355,07355
YLL52,YLL52
VT2IQ,VT2IQ
6CFQ0,6CFQ0
BC3J5,BC3J5
CSZGP,CSZGP
HXXWK,HXXWK
ZHEBK,ZHEBK
UZL0T,UZL0T
T52H9,T52H9
KPX5M,KPX5M
M2QTS,M2QTS
2MRPN,2MRPN
5YTLX,5YTLX
A9IJB,A9IJB
6XK98,6XK98
Y4YLE,Y4YLE
1FIB2,1FIB2
DH9XP,DH9XP
1W5CR,1W5CR
8H84S,8H84S
XOLFU,XOLFU
LR1EH,LR1EH
QHDLT,QHDLT
STJXE,STJXE
962UE,962UE
9LFFF,9LFFF
GS9W9,GS9W9
KRZSW,KRZSW
ZJ9TU,ZJ9TU
OHEAD,OHEAD
QY0UJ,QY0UJ
HCBF3,HCBF3
6YGPQ,6YGPQ
925ZZ,925ZZ
YVGKY,YVGKY
Z2Z59,Z2Z59
NGRB6,NGRB6
XNTBU,XNTBU
CSA3I,CSA3I
6V0VZ,6V0VZ
WRGHG,WRGHG
IZ17U,IZ17U
54GSI,54GSI
IQO4W,IQO4W
P2RK6,P2RK6
TM1O4,TM1O4
RRYBP,RRYBP
1J8FS,1J8FS
IZBNP,IZBNP
4HWWC,4HWWC
BNUU0,BNUU0
8IW5C,8IW5C
P3JLH,P3JLH
5BUJN,5BUJN
6URI7,6URI7
EOJX2,EOJX2
5F9MF,5F9MF
Z9FNX,Z9FNX
Q66XE,Q66XE
ECTHF,ECTHF
I2IW8,I2IW8
D12ZB,D12ZB
3MSGN,3MSGN
SHJED,SHJED
D6VOL,D6VOL
QZQDJ,QZQDJ
HH7B8,HH7B8
WOD7V,WOD7V
U6NZY,U6NZY
JU71Y,JU71Y
OISYP,OISYP
11Z8P,11Z8P
BZ47I,BZ47I
IMX9J,IMX9J
7EGJA,7EGJA
0HE5C,0HE5C
UF65T,UF65T
9L2I3,9L2I3
XBKKQ,XBKKQ
DNF06,DNF06
PWUUN,PWUUN
NI863,NI863
634TG,634TG
8JXZT,8JXZT
PLCO2,PLCO2
J2L8G,J2L8G
P8V7L,P8V7L
KVU6O,KVU6O
N2AJB,N2AJB
7RDFT,7RDFT
728VQ,728VQ
V7CMA,V7CMA
SGBNV,SGBNV
ID5QJ,ID5QJ
K3HRD,K3HRD
JQ3YQ,JQ3YQ
MTKCO,MTKCO
NIP95,NIP95
I7BON,I7BON
3O32M,3O32M
9YQOO,9YQOO
BJ2NS,BJ2NS
4O97T,4O97T
958ND,958ND
X7W28,X7W28
KWDVJ,KWDVJ
VZ72P,VZ72P
DXAIH,DXAIH
66MOR,66MOR
ZW04G,ZW04G
3GQIS,3GQIS
LFJ3G,LFJ3G
52UQE,52UQE
EK39V,EK39V
6C30C,6C30C
K4HD8,K4HD8
9KUKQ,9KUKQ
1W2EP,1W2EP
RVZWA,RVZWA
S8M55,S8M55
ANBUV,ANBUV
1VSNV,1VSNV
L3CRO,L3CRO
HOOQ7,HOOQ7
GZ87M,GZ87M
N8NAB,N8NAB
TQJRK,TQJRK
XGPOZ,XGPOZ
ZSF1A,ZSF1A
E3HDA,E3HDA
L16TX,L16TX
SWEPJ,SWEPJ
6GU9C,6GU9C
RXPC1,RXPC1
A8G5S,A8G5S
240YE,240YE
JA5ER,JA5ER
M2A6S,M2A6S
VQRSN,VQRSN
B3NV3,B3NV3
K9JSR,K9JSR
JY21O,JY21O
SRIMS,SRIMS
U5623,U5623
WS6ON,WS6ON
LXG4U,LXG4U
4BYI2,4BYI2
UZ2WM,UZ2WM
JTVI7,JTVI7
NI8I0,NI8I0
PXIL4,PXIL4
8T1ZQ,8T1ZQ
8COM1,8COM1
QU1UU,QU1UU
L9DW7,L9DW7
VIRE9,VIRE9
K6TQQ,K6TQQ
GGJ9E,GGJ9E
J5OE1,J5OE1
38ZF8,38ZF8
ZNTG7,ZNTG7
2WXN6,2WXN6
RG9F1,RG9F1
FWYOO,FWYOO
FVMAN,FVMAN
8QYWB,8QYWB
4BALF,4BALF
52KNB,52KNB
H0BHI,H0BHI
8BQX6,8BQX6
8YK94,8YK94
N1823,N1823
SQZO7,SQZO7
DB996,DB996
FWI9P,FWI9P
59GGE,59GGE
35A75,35A75
9R0ZY,9R0ZY
1OJ3F,1OJ3F
9HJSE,9HJSE
33X17,33X17
8W2AD,8W2AD
5L2CL,5L2CL
51G0R,51G0R
WOLYW,WOLYW
9HFO2,9HFO2
TYUEQ,TYUEQ
0UZFN,0UZFN
EAMEA,EAMEA
GPPMW,GPPMW
8OL45,8OL45
JYP9L,JYP9L
7SI6Q,7SI6Q
NUMYK,NUMYK
A94MP,A94MP
BXWD5,BXWD5
BE06F,BE06F
N1GGE,N1GGE
FV72V,FV72V
KSTXK,KSTXK
QQHBE,QQHBE
Z7I9J,Z7I9J
GEVFM,GEVFM
2KD60,2KD60
SEW38,SEW38
L2LJ2,L2LJ2
C7MD3,C7MD3
P72R8,P72R8
HKEE8,HKEE8
9JC3D,9JC3D
U1WNM,U1WNM
FRC46,FRC46
7OXR3,7OXR3
EWUPF,EWUPF
HUE56,HUE56
WRLKZ,WRLKZ
PRFVN,PRFVN
VX73C,VX73C
2QUD3,2QUD3
PGNDP,PGNDP
12ZSB,12ZSB
L5CHW,L5CHW
L1VIW,L1VIW
I33XW,I33XW
F23BO,F23BO
2H6GL,2H6GL
I7LO7,I7LO7
GPM9G,GPM9G
6E8VU,6E8VU
0VK0C,0VK0C
ZYRWO,ZYRWO
KY22U,KY22U
OQG2Q,OQG2Q
5FQLV,5FQLV
C74JF,C74JF
UXN3C,UXN3C
MB62X,MB62X
6WDVC,6WDVC
7QJIU,7QJIU
TNDCC,TNDCC
76P9E,76P9E
XWWH6,XWWH6
4R4C0,4R4C0
D5DBK,D5DBK
JM47T,JM47T
RW9QH,RW9QH
QXAEZ,QXAEZ
DU0P1,DU0P1
RXLBS,RXLBS
SOFUM,SOFUM
W19BY,W19BY
FNI5I,FNI5I
TUU6X,TUU6X
JMRWQ,JMRWQ
8OYPI,8OYPI
VWPHB,VWPHB
P086W,P086W
9YAM5,9YAM5
UJTEE,UJTEE
ASICJ,ASICJ
CU6ZV,CU6ZV
BNLMV,BNLMV
WPAZW,WPAZW
Y379X,Y379X
W7WT4,W7WT4
VVD92,VVD92
0MKE8,0MKE8
Y4ZNW,Y4ZNW
47UXF,47UXF
DQM98,DQM98
EB7GF,EB7GF
Z9PLH,Z9PLH
DJMZW,DJMZW
N6IUC,N6IUC
DUTQS,DUTQS
KMSJK,KMSJK
WDPD3,WDPD3
UB8MN,UB8MN
KJE9Z,KJE9Z
CNE13,CNE13
6BMRO,6BMRO
A23DB,A23DB
OGAF1,OGAF1
3ZU6R,3ZU6R
PAUOS,PAUOS
0HM6U,0HM6U
BGBZ4,BGBZ4
KVSG6,KVSG6
AQPYP,AQPYP
FJ4S2,FJ4S2
Y0DZO,Y0DZO
C1WV4,C1WV4
VNJRO,VNJRO
0LNPZ,0LNPZ
LTI94,LTI94
PU3Q2,PU3Q2
QHFD5,QHFD5
0AFX9,0AFX9
8D38I,8D38I
LUGQ5,LUGQ5
AIMEM,AIMEM
Y9DV5,Y9DV5
12L47,12L47
NFR76,NFR76
AJCHA,AJCHA
Z8X5C,Z8X5C
1HQ9I,1HQ9I
5UUMQ,5UUMQ
XV8I1,XV8I1
9VRZ0,9VRZ0
CI6OJ,CI6OJ
WTSXL,WTSXL
5367T,5367T
AU3BF,AU3BF
DVDBZ,DVDBZ
3CSPS,3CSPS
XWOM2,XWOM2
UEPNI,UEPNI
46OWJ,46OWJ
80NJO,80NJO
FLVO5,FLVO5
0OEKM,0OEKM
ITLA0,ITLA0
FBKXN,FBKXN
GGABK,GGABK
DQZM6,DQZM6
ZGBFB,ZGBFB
3760T,3760T
M5XO1,M5XO1
LAUZ5,LAUZ5
3UOLY,3UOLY
3VLO7,3VLO7
9YLH3,9YLH3
PI3QZ,PI3QZ
K37KH,K37KH
JX7L6,JX7L6
YP4YF,YP4YF
PGA6R,PGA6R
34DX6,34DX6
0OWVB,0OWVB
JFWUJ,JFWUJ
LGTQM,LGTQM
1EX0L,1EX0L
RTQNR,RTQNR
MRZDO,MRZDO
KZQCL,KZQCL
28VDZ,28VDZ
GRXR4,GRXR4
Q9H0J,Q9H0J
4MAYA,4MAYA
93MBS,93MBS
B696U,B696U
ESU5Y,ESU5Y
9V05L,9V05L
0L1GF,0L1GF
X32I4,X32I4
OHF85,OHF85
EZNDL,EZNDL
SGAOQ,SGAOQ
FM5N6,FM5N6
PJRH5,PJRH5
I5LPA,I5LPA
RY0P2,RY0P2
EONVB,EONVB
EC3CB,EC3CB
PAL5V,PAL5V
SAZVI,SAZVI
6BH4J,6BH4J
WXAZV,WXAZV
W45FC,W45FC
88JMZ,88JMZ
07DBT,07DBT
Y704F,Y704F
EI9S9,EI9S9
1SJWH,1SJWH
3SNUX,3SNUX
C1XMP,C1XMP
DNBMX,DNBMX
GRT2T,GRT2T
2WTPN,2WTPN
VIG0S,VIG0S
E1MUL,E1MUL
4H7VW,4H7VW
KDGHS,KDGHS
QDBP5,QDBP5
357M1,357M1
403B3,403B3
3QGE5,3QGE5
ARHYT,ARHYT
LHR46,LHR46
WJ7QV,WJ7QV
F2HBN,F2HBN
33FO4,33FO4
9YY6E,9YY6E
RC1O2,RC1O2
9B9I9,9B9I9
VD1WR,VD1WR
Q8Z1Y,Q8Z1Y
CCOQS,CCOQS
ZUNY0,ZUNY0
QA0FM,QA0FM
YX17S,YX17S
ZWITY,ZWITY
691BX,691BX
KA3V4,KA3V4
UYYFK,UYYFK
N36Z5,N36Z5
BKZYF,BKZYF
R3WJN,R3WJN
WB4TK,WB4TK
4IYHW,4IYHW
KL8L0,KL8L0
GQRR0,GQRR0
DZRIV,DZRIV
WQNCX,WQNCX
4I5L2,4I5L2
2PNEJ,2PNEJ
46C7Z,46C7Z
GT59L,GT59L
VO8SZ,VO8SZ
D5CA4,D5CA4
XHYZ0,XHYZ0
DXPYZ,DXPYZ
1PBCX,1PBCX
FQ76A,FQ76A
HLTRI,HLTRI
G3AQY,G3AQY
2C8XZ,2C8XZ
SF0QZ,SF0QZ
FEZVJ,FEZVJ
EY119,EY119
TOU7Q,TOU7Q
223J9,223J9
9R6DH,9R6DH
KABEW,KABEW
UGYJ6,UGYJ6
BF6PD,BF6PD
GOMU7,GOMU7
DBLBL,DBLBL
V815K,V815K
TA04P,TA04P
RKEW9,RKEW9
OEUC4,OEUC4
GZURQ,GZURQ
DXSAU,DXSAU
HN0T3,HN0T3
E48DW,E48DW
D8G22,D8G22
8Y2P6,8Y2P6
J1UIJ,J1UIJ
THJY2,THJY2
NYOT8,NYOT8
5QYHN,5QYHN
OJGJ6,OJGJ6
HNBNA,HNBNA
4EHMF,4EHMF
HOUC1,HOUC1
9K5J0,9K5J0
336VX,336VX
EJ5M0,EJ5M0
KLKMH,KLKMH
GLJ9P,GLJ9P
8KJ3F,8KJ3F
010B9,010B9
SHB9E,SHB9E
L2NEL,L2NEL
HGWM8,HGWM8
HIWWO,HIWWO
GKSMB,GKSMB
U071K,U071K
8F5NQ,8F5NQ
W97UM,W97UM
WN4L5,WN4L5
966HI,966HI
NZFD8,NZFD8
3KSNA,3KSNA
79QY2,79QY2
OFQQB,OFQQB
MR5HM,MR5HM
KAQCN,KAQCN
BH9AK,BH9AK
7GJ9B,7GJ9B
CRXAV,CRXAV
IPF20,IPF20
FP4MP,FP4MP
F9UG9,F9UG9
T8QOU,T8QOU
O0OJH,O0OJH
LWIHV,LWIHV
6KEVZ,6KEVZ
WW4R5,WW4R5
HV1RZ,HV1RZ
KLBA5,KLBA5
NFO5Q,NFO5Q
372DB,372DB
M7NIJ,M7NIJ
8TMPH,8TMPH
CKJWC,CKJWC
170AV,170AV
P9U6I,P9U6I
PUVY4,PUVY4
6Q7IN,6Q7IN
YEMHY,YEMHY
LOO6X,LOO6X
VG2IA,VG2IA
2414W,2414W
NXDYD,NXDYD
94J6X,94J6X
L4Z9Q,L4Z9Q
WESVK,WESVK
UUJYL,UUJYL
XL00C,XL00C
2OPN2,2OPN2
D2GBX,D2GBX
5INIG,5INIG
BVRAV,BVRAV
TRG39,TRG39
IBTFE,IBTFE
S51HQ,S51HQ
YWVIH,YWVIH
DWVE9,DWVE9
02K5P,02K5P
110VQ,110VQ
PADCE,PADCE
NH3MQ,NH3MQ
PC81L,PC81L
C2Z95,C2Z95
H7C0I,H7C0I
H8EMW,H8EMW
N6F5D,N6F5D
O4PVE,O4PVE
N52L9,N52L9
XCG6V,XCG6V
86135,86135
X5P20,X5P20
9TKK1,9TKK1
6G1T5,6G1T5
KOJOO,KOJOO
PPS2G,PPS2G
R191C,R191C
QYRHK,QYRHK
HAFFI,HAFFI
NGUWL,NGUWL
U97WC,U97WC
HXRVH,HXRVH
GER8F,GER8F
OMQFI,OMQFI
AEHLP,AEHLP
935XG,935XG
1U71Y,1U71Y
2KC6F,2KC6F
7KAIW,7KAIW
OTACH,OTACH
JPJPX,JPJPX
L39O6,L39O6
3W2BQ,3W2BQ
YRYIG,YRYIG
6B74B,6B74B
CGAQF,CGAQF
8G4SA,8G4SA
P7J09,P7J09
TW3H2,TW3H2
WSBH2,WSBH2
CRZGP,CRZGP
9HA3W,9HA3W
9GOX8,9GOX8
AXXBO,AXXBO
W2VMW,W2VMW
YIUNJ,YIUNJ
6LUKB,6LUKB
D4TQV,D4TQV
4MABK,4MABK
8IKRC,8IKRC
H1PEO,H1PEO
T9ACO,T9ACO
UJTC2,UJTC2
5WADV,5WADV
V6Q9V,V6Q9V
PIUHJ,PIUHJ
JP025,JP025
EMF65,EMF65
APWSJ,APWSJ
YLV3B,YLV3B
N3KGS,N3KGS
O75LQ,O75LQ
93PDN,93PDN
BDR1U,BDR1U
KYYWK,KYYWK
6GSME,6GSME
UZUZ1,UZUZ1
0HLPY,0HLPY
RA73D,RA73D
MCEQZ,MCEQZ
ZPKXA,ZPKXA
NFGKL,NFGKL
NSWMR,NSWMR
9TBVI,9TBVI
CRQIG,CRQIG
9WA42,9WA42
JO9RE,JO9RE
VTCEH,VTCEH
5F3X4,5F3X4
KVV3K,KVV3K
LA6KU,LA6KU
VNSUF,VNSUF
SJVRS,SJVRS
XP1LO,XP1LO
D4T99,D4T99
F8F6S,F8F6S
BY48T,BY48T
ESLBA,ESLBA
WFF1Z,WFF1Z
YKUE5,YKUE5
RP1TM,RP1TM
7H4X8,7H4X8
6GB0B,6GB0B
DT4NS,DT4NS
K4XAA,K4XAA
J7JWP,J7JWP
GD6U6,GD6U6
PGMWY,PGMWY
2ABZZ,2ABZZ
A0KA0,A0KA0
E3N16,E3N16
PS0H6,PS0H6
V837J,V837J
GNB8I,GNB8I
2DW79,2DW79
4TB65,4TB65
RE6S0,RE6S0
C0PNL,C0PNL
LMG83,LMG83
0YL3S,0YL3S
YBF1R,YBF1R
6AKTU,6AKTU
YPLJ3,YPLJ3
TRYUH,TRYUH
4JGYG,4JGYG
G0WBX,G0WBX
ICIXI,ICIXI
PWVFS,PWVFS
K9UVQ,K9UVQ
2GKNF,2GKNF
S5YZ6,S5YZ6
W86Z3,W86Z3
ZCS6G,ZCS6G
7IY1F,7IY1F
AC07Y,AC07Y
ZRH9M,ZRH9M
EMAIW,EMAIW
PIZC3,PIZC3
PV938,PV938
0OG34,0OG34
JDZS5,JDZS5
W7B17,W7B17
18R17,18R17
ZH1YJ,ZH1YJ
JLOME,JLOME
ITB2U,ITB2U
HKEIR,HKEIR
7B4TW,7B4TW
3D9TV,3D9TV
RIKLU,RIKLU
EE4WI,EE4WI
NLME1,NLME1
029UP,029UP
EDD3S,EDD3S
L8OII,L8OII
N7EMO,N7EMO
B1KII,B1KII
JWWAN,JWWAN
MU0OJ,MU0OJ
D81B0,D81B0
CM66D,CM66D
6PX0G,6PX0G
0IJBT,0IJBT
VL84V,VL84V
CZOYH,CZOYH
BE843,BE843
QVMW2,QVMW2
I6PB7,I6PB7
T851P,T851P
U3BBB,U3BBB
077LE,077LE
HQE6D,HQE6D
XMFXI,XMFXI
4PC7D,4PC7D
K7496,K7496
UFR4X,UFR4X
22HG7,22HG7
U3CDM,U3CDM
65SV8,65SV8
G51E4,G51E4
C8HCV,C8HCV
H3TVB,H3TVB
BKCA1,BKCA1
58390,5839
ABNBV,ABNBV
G1DWU,G1DWU
DFG8J,DFG8J
M7A6K,M7A6K
S895P,S895P
DT9T0,DT9T0
Y4OPA,Y4OPA
GU71R,GU71R
OVLDI,OVLDI
KHN2J,KHN2J
HMQ3B,HMQ3B
T8DES,T8DES
9OTMN,9OTMN
M6DM5,M6DM5
GX6ZV,GX6ZV
UL16I,UL16I
IFRD8,IFRD8
F0PGK,F0PGK
I8E7K,I8E7K
C8BIJ,C8BIJ
ORNLG,ORNLG
H45E1,H45E1
YTJY8,YTJY8
39P2H,39P2H
R9DBU,R9DBU
09JFR,09JFR
N6S11,N6S11
94MXY,94MXY
J024O,J024O
O42OR,O42OR
I0M8R,I0M8R
GH7S0,GH7S0
J809T,J809T
5O2PW,5O2PW
K4MKJ,K4MKJ
EXGCB,EXGCB
MMXDC,MMXDC
TK660,TK660
PVKBZ,PVKBZ
TWUDN,TWUDN
4DMUM,4DMUM
YOK3R,YOK3R
2HX9Q,2HX9Q
Z5VLN,Z5VLN
NPHF2,NPHF2
JOZ4B,JOZ4B
E3J0O,E3J0O
YVJ9J,YVJ9J
PHD7R,PHD7R
VBSVF,VBSVF
SP6DC,SP6DC
9JQKY,9JQKY
WJEZ7,WJEZ7
4AJOW,4AJOW
O2WF5,O2WF5
5BTNZ,5BTNZ
GHGIM,GHGIM
PIUWR,PIUWR
QGRXY,QGRXY
GLA4L,GLA4L
C36X2,C36X2
OK5X5,OK5X5
IVMXM,IVMXM
2JOTM,2JOTM
TWEBN,TWEBN
HKK5I,HKK5I
L4I1M,L4I1M
X290X,X290X
MSD6J,MSD6J
GWLI3,GWLI3
PQIR4,PQIR4
T365G,T365G
QHVJS,QHVJS
L9DUG,L9DUG
WI2N3,WI2N3
SQHPK,SQHPK
LD7EP,LD7EP
H01O2,H01O2
TH9B0,TH9B0
ZT10O,ZT10O
IN8NZ,IN8NZ
77KOH,77KOH
2Y4ZR,2Y4ZR
DWI40,DWI40
73TZW,73TZW
PRR22,PRR22
N8A4C,N8A4C
QQTPB,QQTPB
XSK4P,XSK4P
9TOQX,9TOQX
4ZT6J,4ZT6J
B33CO,B33CO
PK798,PK798
D8U39,D8U39
5NFBO,5NFBO
12LK8,12LK8
31SL6,31SL6
NC9RF,NC9RF
ZDTPM,ZDTPM
18YD5,18YD5
ENIHY,ENIHY
S920D,S920D
7NTIX,7NTIX
N0KOB,N0KOB
5J4DO,5J4DO
KI415,KI415
6CPUM,6CPUM
OUW1A,OUW1A
3K84J,3K84J
VZLJD,VZLJD
C6SYN,C6SYN
VHJNA,VHJNA
6FCJY,6FCJY
8M5R6,8M5R6
Y0DGX,Y0DGX
337D3,337D3
L1ROO,L1ROO
OWJ41,OWJ41
FQCO7,FQCO7
N35GZ,N35GZ
W5IQR,W5IQR
M922N,M922N
B9G2W,B9G2W
UAIU8,UAIU8
J5DF4,J5DF4
7M3IP,7M3IP
YMTGW,YMTGW
FWDZD,FWDZD
UE771,UE771
203NV,203NV
PVTKX,PVTKX
RQ1NX,RQ1NX
AQX1U,AQX1U
5Q53H,5Q53H
PPK7F,PPK7F
VVH74,VVH74
2S8SA,2S8SA
K00O1,K00O1
ARH1B,ARH1B
RHAQH,RHAQH
37AM9,37AM9
8OSF6,8OSF6
VFOT2,VFOT2
3T8Q6,3T8Q6
0FIY6,0FIY6
SC8Y8,SC8Y8
N477J,N477J
5JTNZ,5JTNZ
PLDU8,PLDU8
LEJD5,LEJD5
MCJMR,MCJMR
X9BVL,X9BVL
WLRNS,WLRNS
G0OPQ,G0OPQ
RTWWC,RTWWC
TRSQV,TRSQV
FC0NT,FC0NT
Y1MKX,Y1MKX
CHL8U,CHL8U
G0BDA,G0BDA
3P2UU,3P2UU
7M1RB,7M1RB
RPTGR,RPTGR
9U7FB,9U7FB
2UDRQ,2UDRQ
QPMPQ,QPMPQ
ZMUK3,ZMUK3
UNWZI,UNWZI
OOJ7H,OOJ7H
0X12C,0X12C
25GA9,25GA9
H2HN2,H2HN2
WQ5AU,WQ5AU
GYT43,GYT43
0VOKP,0VOKP
LVNSM,LVNSM
BZN9G,BZN9G
RTCZI,RTCZI
QUTWB,QUTWB
XFAVH,XFAVH
MI0LE,MI0LE
5G1OH,5G1OH
VIYWQ,VIYWQ
DQGDP,DQGDP
DZIJ4,DZIJ4
VCQG2,VCQG2
OM1J1,OM1J1
PJ2AI,PJ2AI
VVZC5,VVZC5
2IONC,2IONC
ZXYW1,ZXYW1
7MCW8,7MCW8
PAWWJ,PAWWJ
ZNJPY,ZNJPY
KIUN7,KIUN7
24Z7V,24Z7V
H4VZC,H4VZC
XZV7A,XZV7A
LSMGB,LSMGB
P2WJK,P2WJK
O90VA,O90VA
I15SU,I15SU
00JP1,00JP1
707JU,707JU
XJ963,XJ963
LPMQF,LPMQF
Y44C3,Y44C3
8YILM,8YILM
3U0J5,3U0J5
UU3KH,UU3KH
YGHUO,YGHUO
4II1G,4II1G
G49WW,G49WW
WN7FE,WN7FE
DYRF5,DYRF5
OT2J9,OT2J9
6XJ1N,6XJ1N
I9UKO,I9UKO
PVKKS,PVKKS
FEI42,FEI42
RLXKV,RLXKV
DO8OT,DO8OT
UXFWU,UXFWU
MWXW4,MWXW4
I3HS8,I3HS8
9G9LU,9G9LU
ZBPIP,ZBPIP
7E5TY,7E5TY
H4RHZ,H4RHZ
Y3ZIH,Y3ZIH
D67VJ,D67VJ
066HE,066HE
AFHGI,AFHGI
9TXOU,9TXOU
JMGLE,JMGLE
ESYFP,ESYFP
LZSQY,LZSQY
9PEW3,9PEW3
61BCO,61BCO
BATA7,BATA7
13OW8,13OW8
JWCF9,JWCF9
URFV0,URFV0
5YLDT,5YLDT
I8QWH,I8QWH
E759Q,E759Q
IIRPD,IIRPD
EIHUG,EIHUG
O4G35,O4G35
N0Z1L,N0Z1L
KEV7T,KEV7T
8AY6N,8AY6N
VZ5RK,VZ5RK
FEDLA,FEDLA
P8NB2,P8NB2
XTWFF,XTWFF
1ROR1,1ROR1
2SYCL,2SYCL
6JCAW,6JCAW
XZGSV,XZGSV
NY9XT,NY9XT
FKQLC,FKQLC
VB3S9,VB3S9
TMAIN,TMAIN
B5OBT,B5OBT
6UO10,6UO10
H7PAL,H7PAL
QA6YQ,QA6YQ
2GSI4,2GSI4
4N9XV,4N9XV
Z9OEJ,Z9OEJ
HW7OY,HW7OY
ZQUSU,ZQUSU
8VT20,8VT20
6YRPQ,6YRPQ
BKPAI,BKPAI
COWA3,COWA3
2RAT0,2RAT0
XDQK2,XDQK2
H0IT4,H0IT4
9MGRC,9MGRC
7RAE2,7RAE2
XZI7D,XZI7D
SJT35,SJT35
OPD38,OPD38
22IZG,22IZG
YR8YT,YR8YT
R7KVM,R7KVM
CNGGY,CNGGY
HC7BV,HC7BV
MRQCW,MRQCW
62KVB,62KVB
F3VPK,F3VPK
LRQSE,LRQSE
YL3SE,YL3SE
RIZZJ,RIZZJ
4G9GV,4G9GV
3AE8E,3AE8E
NHPX3,NHPX3
LKBJT,LKBJT
QN1RV,QN1RV
P2MJV,P2MJV
Q9TP6,Q9TP6
HLT8H,HLT8H
AI7U7,AI7U7
WSZ58,WSZ58
G7E06,G7E06
JA8LS,JA8LS
EN3JP,EN3JP
IOMXH,IOMXH
0USKE,0USKE
FRT15,FRT15
OXQ0L,OXQ0L
CGAN5,CGAN5
CY2HU,CY2HU
UMZBN,UMZBN
O3BVU,O3BVU
37DMT,37DMT
MQH2Y,MQH2Y
KBXFP,KBXFP
RR1C7,RR1C7
5LA2F,5LA2F
3JI82,3JI82
XN52E,XN52E
S6T80,S6T80
HXEF4,HXEF4
FBFTJ,FBFTJ
JVGXX,JVGXX
04HH1,04HH1
BK0KQ,BK0KQ
EB4SB,EB4SB
HTF8W,HTF8W
B9GME,B9GME
0IK7O,0IK7O
3RV5C,3RV5C
VK6NA,VK6NA
3CUAQ,3CUAQ
VV1XX,VV1XX
Z10A7,Z10A7
DD2Q3,DD2Q3
7WWPI,7WWPI
0LV98,0LV98
QZNLZ,QZNLZ
58I5B,58I5B
JXI18,JXI18
QPVF0,QPVF0
QEE46,QEE46
8CD52,8CD52
IC3UU,IC3UU
HNKKB,HNKKB
5O26M,5O26M
VSRPV,VSRPV
NZR6Y,NZR6Y
NE58U,NE58U
IDC1H,IDC1H
K6UX7,K6UX7
O6BJ9,O6BJ9
VWQZV,VWQZV
7QA27,7QA27
0GH1Y,0GH1Y
WKKTH,WKKTH
17KB5,17KB5
ZXKZ3,ZXKZ3
0CLYP,0CLYP
C9H43,C9H43
B14RS,B14RS
V4JYP,V4JYP
WG9XB,WG9XB
8IL3P,8IL3P
O8GXM,O8GXM
J6TA2,J6TA2
X7KQI,X7KQI
02LNZ,02LNZ
5XMGR,5XMGR
ZBRHC,ZBRHC
4MJ2Z,4MJ2Z
OYLHS,OYLHS
W8EWM,W8EWM
ENSTD,ENSTD
LHD8I,LHD8I
YK71V,YK71V
HUZG1,HUZG1
AS86J,AS86J
6QHAJ,6QHAJ
63SVR,63SVR
OKCX2,OKCX2
70QBR,70QBR
2JEWS,2JEWS
CSRMD,CSRMD
4MFS5,4MFS5
X6A25,X6A25
6YY4E,6YY4E
37E1L,37E1L
Q9EFX,Q9EFX
XZH1I,XZH1I
RNK00,RNK00
4LZ9L,4LZ9L
JCA22,JCA22
TELS1,TELS1
A6YLV,A6YLV
6N1MC,6N1MC
A9FNP,A9FNP
PBTWP,PBTWP
69T5E,69T5E
J1RVK,J1RVK
M6ZII,M6ZII
GGOI2,GGOI2
TTP2D,TTP2D
LZR6V,LZR6V
UN82S,UN82S
P3PKX,P3PKX
RBVYC,RBVYC
5ZLS3,5ZLS3
9SQDO,9SQDO
XEU7E,XEU7E
6IXDR,6IXDR
93IJM,93IJM
JW7UJ,JW7UJ
BK919,BK919
ZIXJ9,ZIXJ9
IBVEG,IBVEG
WDJHD,WDJHD
Q39FG,Q39FG
0R9M6,0R9M6
6PFI4,6PFI4
I6WDA,I6WDA
GTDWG,GTDWG
BYT00,BYT00
23U3C,23U3C
BKBP4,BKBP4
98HVI,98HVI
MYTU4,MYTU4
RIEIC,RIEIC
FXZKL,FXZKL
ENS29,ENS29
0D6CH,0D6CH
U1NAQ,U1NAQ
A6ZY3,A6ZY3
YPI9S,YPI9S
3GT3U,3GT3U
I2Z3K,I2Z3K
0F725,0F725
ODUZ0,ODUZ0
I8OPF,I8OPF
DNS96,DNS96
4Z01C,4Z01C
VRH9H,VRH9H
4HAIC,4HAIC
OTSQW,OTSQW
Y0GII,Y0GII
OO5P6,OO5P6
KA9WK,KA9WK
R4G8P,R4G8P
2Y83R,2Y83R
9ZTEM,9ZTEM
1DUKX,1DUKX
DO8CM,DO8CM
SSKY3,SSKY3
9T7H4,9T7H4
22ZB1,22ZB1
3H0HG,3H0HG
BIRKV,BIRKV
GOV0M,GOV0M
XQ35Z,XQ35Z
UMQ36,UMQ36
UGDN6,UGDN6
LBTZV,LBTZV
9FV3E,9FV3E
HGR4I,HGR4I
U3OVD,U3OVD
6C1TE,6C1TE
6BC8W,6BC8W
X43L0,X43L0
8M3VV,8M3VV
3P5XG,3P5XG
1A25K,1A25K
5LTFC,5LTFC
75JB7,75JB7
Y9V46,Y9V46
AOII0,AOII0
4IDWI,4IDWI
1A2AH,1A2AH
YRIBZ,YRIBZ
68DZW,68DZW
PHV2F,PHV2F
42ZQR,42ZQR
CRQ38,CRQ38
4HHLG,4HHLG
DF5GW,DF5GW
2F874,2F874
VF2RX,VF2RX
1SH5W,1SH5W
FH231,FH231
RWMTP,RWMTP
82A24,82A24
6ABR4,6ABR4
23JEF,23JEF
87HZ3,87HZ3
4PFEG,4PFEG
A44WC,A44WC
048ZY,048ZY
OFUMM,OFUMM
YDURV,YDURV
6WY4B,6WY4B
IBIN6,IBIN6
324RK,324RK
X5L7L,X5L7L
LXJM9,LXJM9
VVCJ5,VVCJ5
MGLR4,MGLR4
87SWL,87SWL
6989S,6989S
5TWA5,5TWA5
WGZ9R,WGZ9R
GYDRD,GYDRD
UUZQK,UUZQK
3O6SL,3O6SL
66Y52,66Y52
ZC634,ZC634
U1GQL,U1GQL
ID8J7,ID8J7
VVJXA,VVJXA
480NI,480NI
06P4E,06P4E
Z5HCF,Z5HCF
FRLU9,FRLU9
4G1U8,4G1U8
78FZN,78FZN
6K0AR,6K0AR
78X17,78X17
WLVHS,WLVHS
OHZRI,OHZRI
3LU21,3LU21
G4W2I,G4W2I
AM7KU,AM7KU
Y2DAI,Y2DAI
159L1,159L1
90CQL,90CQL
3Z2C8,3Z2C8
AYTX1,AYTX1
BZL9A,BZL9A
IID0Z,IID0Z
5DPNW,5DPNW
OOTP6,OOTP6
2IP67,2IP67
N7R55,N7R55
6YXC4,6YXC4
F1UQE,F1UQE
OCIF2,OCIF2
0L6EY,0L6EY
24L9E,24L9E
SSTI3,SSTI3
MIA2M,MIA2M
JFYEC,JFYEC
SSU8X,SSU8X
8Z50X,8Z50X
W7EBO,W7EBO
ST6XQ,ST6XQ
2TCG5,2TCG5
74NCX,74NCX
8CLRD,8CLRD
J5AVC,J5AVC
9YH9R,9YH9R
TTVHH,TTVHH
UHEYN,UHEYN
EYT9H,EYT9H
SGPTU,SGPTU
O1RQN,O1RQN
6AW9R,6AW9R
1AL5Y,1AL5Y
2GL6R,2GL6R
58GMQ,58GMQ
9VE93,9VE93
4Z48N,4Z48N
03KC1,03KC1
50B4B,50B4B
CKM1E,CKM1E
KOPOZ,KOPOZ
U166R,U166R
FIVE1,FIVE1
L2Z90,L2Z90
J70IO,J70IO
UW9IP,UW9IP
KP03P,KP03P
VOKPD,VOKPD
LEBS5,LEBS5
W5663,W5663
46OUZ,46OUZ
3CZ6U,3CZ6U
HH1TD,HH1TD
E22G3,E22G3
G5VJQ,G5VJQ
MES9C,MES9C
6HN3K,6HN3K
Y3UQ9,Y3UQ9
8V5TO,8V5TO
CXLE7,CXLE7
PUPLJ,PUPLJ
R83SY,R83SY
UNMDJ,UNMDJ
TTVQV,TTVQV
X4C9W,X4C9W
TI2OM,TI2OM
E6N05,E6N05
1NGLE,1NGLE
NWN6L,NWN6L
SFVCJ,SFVCJ
LVTVO,LVTVO
KRKCT,KRKCT
OQGL7,OQGL7
JOYP0,JOYP0
HZXGQ,HZXGQ
59XHP,59XHP
ZGREW,ZGREW
XBAD2,XBAD2
FJ0YM,FJ0YM
61NUN,61NUN
VBGNY,VBGNY
WSKY0,WSKY0
O5CHD,O5CHD
KLNEL,KLNEL
L94LZ,L94LZ
LMHUM,LMHUM
6X5XV,6X5XV
MGOZV,MGOZV
8C2LI,8C2LI
CHVQ3,CHVQ3
WPBKP,WPBKP
0MNHD,0MNHD
K5QJC,K5QJC
U4TA4,U4TA4
AVL02,AVL02
7X3PI,7X3PI
QOVRK,QOVRK
NOKYC,NOKYC
JFP9X,JFP9X
ZCFX9,ZCFX9
RW6PZ,RW6PZ
H82HI,H82HI
JDXQR,JDXQR
SLJ9W,SLJ9W
LCU6J,LCU6J
N755O,N755O
7QZYY,7QZYY
9HLXQ,9HLXQ
25ADC,25ADC
F9VV5,F9VV5
NBZU3,NBZU3
7XA3E,7XA3E
7WXJP,7WXJP
R3D7M,R3D7M
9BK3E,9BK3E
0T4FO,0T4FO
1V2GK,1V2GK
VL2XA,VL2XA
3GGEL,3GGEL
I7QLI,I7QLI
WKEXI,WKEXI
T93A2,T93A2
2V0TU,2V0TU
9TYKK,9TYKK
7NRCX,7NRCX
FB6W3,FB6W3
AJ5SO,AJ5SO
5PNF0,5PNF0
10H73,10H73
XFK66,XFK66
4BTIP,4BTIP
9IUQ3,9IUQ3
MOQNG,MOQNG
P9JTU,P9JTU
KW9RA,KW9RA
AK29W,AK29W
CXHKL,CXHKL
LYO4B,LYO4B
IYOYP,IYOYP
YN51B,YN51B
NDZH0,NDZH0
54O8S,54O8S
PWO0S,PWO0S
C4LVC,C4LVC
VNQ60,VNQ60
2X8VK,2X8VK
36QDW,36QDW
48E3K,48E3K
Q6I9P,Q6I9P
1WD2T,1WD2T
TFD6T,TFD6T
FB23Z,FB23Z
67ORJ,67ORJ
7RKQL,7RKQL
141RZ,141RZ
A1BG0,A1BG0
U6QWH,U6QWH
G840A,G840A
0AQ7A,0AQ7A
1J50A,1J50A
HLOST,HLOST
I0ODR,I0ODR
6EP8X,6EP8X
DXKCR,DXKCR
BDRJ7,BDRJ7
H27L9,H27L9
A5L3I,A5L3I
BBTP0,BBTP0
121MR,121MR
XDNJK,XDNJK
1ZQML,1ZQML
NSGI2,NSGI2
929WI,929WI
1PH3M,1PH3M
7Z20W,7Z20W
83DNZ,83DNZ
U4X7H,U4X7H
HHH3T,HHH3T
PQC09,PQC09
CMI90,CMI90
3WASK,3WASK
UZQMC,UZQMC
ZLNWM,ZLNWM
LF6PQ,LF6PQ
QKQJU,QKQJU
OXHSD,OXHSD
KL5XY,KL5XY
70TIY,70TIY
FJ23L,FJ23L
E62WZ,E62WZ
KKS8V,KKS8V
IRW1A,IRW1A
G8G15,G8G15
FBM9T,FBM9T
9F0MH,9F0MH
S6G31,S6G31
CUO67,CUO67
7V93Y,7V93Y
YR93N,YR93N
EINJ1,EINJ1
MIEEG,MIEEG
9Z3A8,9Z3A8
EJPRI,EJPRI
2YH0W,2YH0W
GNR7J,GNR7J
39ENY,39ENY
UJBZV,UJBZV
7AYWC,7AYWC
N86VB,N86VB
76W5I,76W5I
WCUU8,WCUU8
OUAPG,OUAPG
0Z0PT,0Z0PT
PIDRA,PIDRA
N7WMB,N7WMB
C1NRP,C1NRP
AADPI,AADPI
M5BLM,M5BLM
2090E,2090E
NHWZO,NHWZO
QQX62,QQX62
T79RV,T79RV
OIX24,OIX24
BC16G,BC16G
CCGC8,CCGC8
2CDXK,2CDXK
CA3DM,CA3DM
IIP7V,IIP7V
G7C8B,G7C8B
XXCXW,XXCXW
ZZ7K0,ZZ7K0
E7CY7,E7CY7
33FM9,33FM9
RFMHS,RFMHS
F9QXO,F9QXO
LTTGO,LTTGO
ZN21G,ZN21G
AGPFT,AGPFT
8SZ9Z,8SZ9Z
D341R,D341R
ZQ1ZH,ZQ1ZH
EB0H6,EB0H6
UGSFL,UGSFL
JMZ5A,JMZ5A
UC74C,UC74C
1KFSC,1KFSC
2H6DW,2H6DW
Q6XKX,Q6XKX
0EYT1,0EYT1
B53Z9,B53Z9
O7ILN,O7ILN
W047H,W047H
8GDSN,8GDSN
IOC74,IOC74
6QBVG,6QBVG
H3WK8,H3WK8
5DIV1,5DIV1
ST48T,ST48T
ZOFGN,ZOFGN
U1Q4O,U1Q4O
OD6E8,OD6E8
QC16L,QC16L
FFW0Q,FFW0Q
7GPBG,7GPBG
C0E1N,C0E1N
KC9RM,KC9RM
AG6EP,AG6EP
Y6FFW,Y6FFW
DTD67,DTD67
R5JB4,R5JB4
4M0KP,4M0KP
MPPVF,MPPVF
JRL06,JRL06
8TE9M,8TE9M
I4L4C,I4L4C
YZ6BR,YZ6BR
AK7WM,AK7WM
46SUT,46SUT
6UI3Q,6UI3Q
GKE64,GKE64
IP7LH,IP7LH
TWIWN,TWIWN
0QQYQ,0QQYQ
XWWZF,XWWZF
WH5CU,WH5CU
HE5XA,HE5XA
KJYDF,KJYDF
VERJ4,VERJ4
R2CTK,R2CTK
B867K,B867K
7DDZ1,7DDZ1
2SG17,2SG17
SO2DJ,SO2DJ
9GV1H,9GV1H
NSMEU,NSMEU
6TL3K,6TL3K
K2OW9,K2OW9
ATOSH,ATOSH
V2ZZR,V2ZZR
4YJ2K,4YJ2K
DWS9S,DWS9S
60IV9,60IV9
DPQ2E,DPQ2E
1MS4P,1MS4P
5PJST,5PJST
KR1KX,KR1KX
T86DQ,T86DQ
Y4M43,Y4M43
X895E,X895E
FJABF,FJABF
CICC0,CICC0
5QVQY,5QVQY
E61SW,E61SW
4RYMI,4RYMI
MFKTU,MFKTU
D873X,D873X
R3E2Z,R3E2Z
EV8W5,EV8W5
RTYQI,RTYQI
4MGM2,4MGM2
BUIO8,BUIO8
WNW1L,WNW1L
QQPQ7,QQPQ7
CG2YM,CG2YM
O017E,O017E
FC4TS,FC4TS
V03TI,V03TI
YJOHN,YJOHN
PF4AE,PF4AE
T64GL,T64GL
OW8UX,OW8UX
6X9ME,6X9ME
H837T,H837T
XX3BJ,XX3BJ
L8APF,L8APF
P8Z74,P8Z74
KN92Q,KN92Q
1EH3J,1EH3J
249DA,249DA
XHQGW,XHQGW
TK6EO,TK6EO
D9G0H,D9G0H
AXC61,AXC61
JXVER,JXVER
5OY7P,5OY7P
TK74K,TK74K
H0CL1,H0CL1
YGIYZ,YGIYZ
V6PX7,V6PX7
SDEU9,SDEU9
ZBNRX,ZBNRX
71TM7,71TM7
XH3DD,XH3DD
9MMDT,9MMDT
CP9J8,CP9J8
PK3OZ,PK3OZ
L43E7,L43E7
FLIP3,FLIP3
ZA2TW,ZA2TW
S07C1,S07C1
Z0WCB,Z0WCB
9SM6D,9SM6D
O3OUD,O3OUD
213WW,213WW
LDD4D,LDD4D
4J3XL,4J3XL
0VY9N,0VY9N
E3KL9,E3KL9
0EIUN,0EIUN
UOQGC,UOQGC
A0ZC0,A0ZC0
QBT7A,QBT7A
7EGK3,7EGK3
PA0E9,PA0E9
OC7ZJ,OC7ZJ
LEPES,LEPES
Z98AG,Z98AG
QVWV6,QVWV6
FGFJM,FGFJM
9QHJ6,9QHJ6
OZ88D,OZ88D
O7BAG,O7BAG
MZ4S4,MZ4S4
4H5N7,4H5N7
D4Q7R,D4Q7R
VCNAU,VCNAU
ZJXMS,ZJXMS
J87HR,J87HR
OC3WL,OC3WL
JFEQJ,JFEQJ
GFP38,GFP38
3CU6G,3CU6G
UYBLU,UYBLU
1NT0G,1NT0G
8VRHB,8VRHB
B7JIZ,B7JIZ
VM12N,VM12N
ZBUTY,ZBUTY
W67LQ,W67LQ
2ZEXS,2ZEXS
MMR5K,MMR5K
HHAV1,HHAV1
M5UAO,M5UAO
ZU3HB,ZU3HB
EDUCN,EDUCN
LAYVQ,LAYVQ
2TL6K,2TL6K
E5QOW,E5QOW
T5KHA,T5KHA
WAEQS,WAEQS
8H5L2,8H5L2
3MUNE,3MUNE
S1J3F,S1J3F
CFWBQ,CFWBQ
H09ER,H09ER
F0QLS,F0QLS
X7IIZ,X7IIZ
W613V,W613V
CMHVN,CMHVN
3DB6M,3DB6M
299RW,299RW
3TH5W,3TH5W
K5B0Z,K5B0Z
7RSTT,7RSTT
X19LA,X19LA
KK8UU,KK8UU
53OXJ,53OXJ
VW02M,VW02M
IDL2A,IDL2A
A1Y4N,A1Y4N
GI16P,GI16P
MZZB2,MZZB2
2IZK3,2IZK3
O61L0,O61L0
1PM4X,1PM4X
H5TSA,H5TSA
322P9,322P9
GMMCS,GMMCS
YGVI5,YGVI5
CZ1SN,CZ1SN
94P4K,94P4K
VWQE7,VWQE7
UF1YF,UF1YF
TTEL6,TTEL6
3SEG1,3SEG1
HZY2X,HZY2X
DFMTR,DFMTR
ZSN2P,ZSN2P
PF86J,PF86J
QZVEJ,QZVEJ
SYW21,SYW21
X7OQC,X7OQC
HYEJ2,HYEJ2
Y2RNL,Y2RNL
P94FO,P94FO
5TL30,5TL30
JBQJR,JBQJR
N65LS,N65LS
RVB0H,RVB0H
O1NN8,O1NN8
MY4C2,MY4C2
N394Y,N394Y
46RVM,46RVM
HR4HC,HR4HC
RNPOL,RNPOL
DBFNT,DBFNT
0NO7F,0NO7F
FSNW9,FSNW9
2TE0X,2TE0X
OHMCM,OHMCM
UMY4R,UMY4R
DXGHR,DXGHR
179AD,179AD
ESBJP,ESBJP
QA8OD,QA8OD
D90DX,D90DX
4H1L0,4H1L0
WX76G,WX76G
GW26M,GW26M
UZUEM,UZUEM
6C6BT,6C6BT
294B0,294B0
3OJUD,3OJUD
42B9H,42B9H
8G83Z,8G83Z
CSYHD,CSYHD
QR7QE,QR7QE
YDEWG,YDEWG
KTSSJ,KTSSJ
EQOIK,EQOIK
5IUGD,5IUGD
KXH2A,KXH2A
R970Y,R970Y
T01LC,T01LC
VLEA1,VLEA1
76VT4,76VT4
IUUSK,IUUSK
T4GXD,T4GXD
K3X1H,K3X1H
XNY5F,XNY5F
8HP4Y,8HP4Y
UQVB8,UQVB8
AJICJ,AJICJ
OJ3OH,OJ3OH
BV2VP,BV2VP
QQARS,QQARS
0DURT,0DURT
BIHT7,BIHT7
R2NQL,R2NQL
TAAMF,TAAMF
BV4TQ,BV4TQ
8ASXK,8ASXK
FZT6S,FZT6S
I6J0H,I6J0H
9W1WM,9W1WM
Q567K,Q567K
Z3786,Z3786
XVZ4S,XVZ4S
0TKJZ,0TKJZ
O59F1,O59F1
1BQKS,1BQKS
DYSF6,DYSF6
5NP52,5NP52
RSX16,RSX16
LNFS1,LNFS1
3E7RO,3E7RO
QVQX2,QVQX2
6ZB29,6ZB29
BCK8D,BCK8D
HZBG5,HZBG5
JB2ZJ,JB2ZJ
PE3QN,PE3QN
FV021,FV021
TKQU2,TKQU2
RFG31,RFG31
BGR40,BGR40
FNWYB,FNWYB
4I5AA,4I5AA
8UZ1H,8UZ1H
WTR74,WTR74
71PN9,71PN9
0S8TB,0S8TB
HBYPV,HBYPV
0CKN4,0CKN4
XC368,XC368
WYPDZ,WYPDZ
0WU5K,0WU5K
DZ2QO,DZ2QO
P2FDD,P2FDD
AF8PZ,AF8PZ
YN66T,YN66T
9DAOS,9DAOS
PU5SA,PU5SA
F8RG2,F8RG2
YMM74,YMM74
RQFWJ,RQFWJ
RZ6DT,RZ6DT
53BHW,53BHW
XGMO1,XGMO1
X2N47,X2N47
OQ07V,OQ07V
RO0NS,RO0NS
VF2GA,VF2GA
8SNSI,8SNSI
AJGUW,AJGUW
FORCF,FORCF
3WPND,3WPND
7ZUTL,7ZUTL
Q1L2I,Q1L2I
IGGEV,IGGEV
FDL8V,FDL8V
UEYNJ,UEYNJ
LB1DM,LB1DM
WM7N7,WM7N7
V9255,V9255
CXY26,CXY26
QRDWG,QRDWG
PYGEB,PYGEB
GL4KY,GL4KY
CJCH5,CJCH5
BDB4U,BDB4U
E9J01,E9J01
GI1GY,GI1GY
R0XWB,R0XWB
6OO6H,6OO6H
J9544,J9544
7125J,7125J
H8IAJ,H8IAJ
4D7PC,4D7PC
CBKPJ,CBKPJ
UARNW,UARNW
4381L,4381L
B3U28,B3U28
UZMCN,UZMCN
OZVAG,OZVAG
E4RAU,E4RAU
2V4LL,2V4LL
367RN,367RN
QMCGY,QMCGY
PDQJ9,PDQJ9
PWHCA,PWHCA
OA0RA,OA0RA
V34N4,V34N4
G4IUS,G4IUS
8J1Z0,8J1Z0
5ZCT6,5ZCT6
PK7EZ,PK7EZ
HOZEI,HOZEI
N0WY2,N0WY2
CFI6Z,CFI6Z
JVDBY,JVDBY
U7IKS,U7IKS
MNIWB,MNIWB
YSSA1,YSSA1
MQZP7,MQZP7
02LUQ,02LUQ
RC436,RC436
D7X0Z,D7X0Z
E3T5A,E3T5A
S3UQZ,S3UQZ
BJ81E,BJ81E
4DP54,4DP54
0BQ7L,0BQ7L
42FCO,42FCO
Q7I0G,Q7I0G
1412N,1412N
YS3C6,YS3C6
EU3SC,EU3SC
WNWDG,WNWDG
HMYEC,HMYEC
AFKQW,AFKQW
4B2KS,4B2KS
A7BQI,A7BQI
EIWY3,EIWY3
AEARJ,AEARJ
3ON7Q,3ON7Q
QXANU,QXANU
I82W3,I82W3
MM9I5,MM9I5
EZMT5,EZMT5
Y3VJS,Y3VJS
DVEPF,DVEPF
43BB4,43BB4
E5UHD,E5UHD
XHQAY,XHQAY
KDSQ5,KDSQ5
P2OEZ,P2OEZ
PR9HN,PR9HN
V4VA6,V4VA6
P3U5F,P3U5F
ZN81H,ZN81H
AJAIB,AJAIB
R51YM,R51YM
GA1WH,GA1WH
1QALE,1QALE
I1UG5,I1UG5
IDC9H,IDC9H
2QK8M,2QK8M
H0BMS,H0BMS
BJ9XY,BJ9XY
PSGYT,PSGYT
RA6F0,RA6F0
WBNUZ,WBNUZ
TUSA3,TUSA3
HGBOK,HGBOK
69SG5,69SG5
NOR9J,NOR9J
X8HMS,X8HMS
57PUH,57PUH
IM8B1,IM8B1
TDAWX,TDAWX
8TO3D,8TO3D
GJI3T,GJI3T
KEPVQ,KEPVQ
WVE4E,WVE4E
OEPNA,OEPNA
UE3VH,UE3VH
M71KD,M71KD
ZPU62,ZPU62
9MNN9,9MNN9
HXH1R,HXH1R
IH1E2,IH1E2
66DR4,66DR4
MF0BD,MF0BD
TC36J,TC36J
1T0UD,1T0UD
BE334,BE334
2WXYD,2WXYD
XS2ZT,XS2ZT
Y8SGN,Y8SGN
KJJWY,KJJWY
Y7C6Y,Y7C6Y
2MX3T,2MX3T
EOEO3,EOEO3
WEU4Q,WEU4Q
LFLSB,LFLSB
4DYWW,4DYWW
QJUJF,QJUJF
LPVLR,LPVLR
I91KY,I91KY
MNZJN,MNZJN
6V44Y,6V44Y
JS13M,JS13M
8FV1P,8FV1P
9SP18,9SP18
6D77T,6D77T
6IW53,6IW53
812XK,812XK
TL7BH,TL7BH
CFFLP,CFFLP
PB4LO,PB4LO
QOLUB,QOLUB
ZBHOG,ZBHOG
KDBS1,KDBS1
MOZWD,MOZWD
MNTTI,MNTTI
SBQUK,SBQUK
Z8COZ,Z8COZ
1GORI,1GORI
SGUTQ,SGUTQ
XRIXH,XRIXH
VQRD7,VQRD7
Y37YU,Y37YU
AG1YY,AG1YY
R8MZK,R8MZK
Z5U8P,Z5U8P
LA3BX,LA3BX
4GNP5,4GNP5
N7JBP,N7JBP
YOD93,YOD93
ZHKWQ,ZHKWQ
6AJ7X,6AJ7X
HJ70D,HJ70D
KS9V6,KS9V6
0QARW,0QARW
4BVOG,4BVOG
IMCG1,IMCG1
LLR5B,LLR5B
XSXN4,XSXN4
76I2I,76I2I
MWJRR,MWJRR
RQCTC,RQCTC
F41KL,F41KL
W9BH9,W9BH9
D6UTW,D6UTW
JYB6L,JYB6L
GCD5R,GCD5R
149KY,149KY
Q0AL6,Q0AL6
R05EE,R05EE
V2J9H,V2J9H
ES22J,ES22J
SRADZ,SRADZ
KLHDO,KLHDO
0CAN2,0CAN2
M5SWM,M5SWM
D2RON,D2RON
SVQ3T,SVQ3T
KG29C,KG29C
93THN,93THN
F8ZKJ,F8ZKJ
HUF9P,HUF9P
R9WR6,R9WR6
QPY3N,QPY3N
NO65Z,NO65Z
B4M70,B4M70
2D1XG,2D1XG
14SY6,14SY6
DJN0Q,DJN0Q
7VDYM,7VDYM
I4Z7B,I4Z7B
BCKA1,BCKA1
CYIV2,CYIV2
QIAH7,QIAH7
GMLR0,GMLR0
CUHX6,CUHX6
G4S4C,G4S4C
KPUJR,KPUJR
5NLD1,5NLD1
68Y67,68Y67
7PD7E,7PD7E
89RAI,89RAI
SLL1M,SLL1M
ZYEWA,ZYEWA
STFW6,STFW6
RUQOB,RUQOB
L07YX,L07YX
OLBYF,OLBYF
PSGBT,PSGBT
2DNP1,2DNP1
TXMEF,TXMEF
Z8P75,Z8P75
G56B5,G56B5
6NAZ4,6NAZ4
2OP31,2OP31
8PXDF,8PXDF
TXRX4,TXRX4
V2H8A,V2H8A
L3I2X,L3I2X
OADE7,OADE7
HYPXI,HYPXI
CJYDZ,CJYDZ
XU45L,XU45L
TZXNI,TZXNI
0IEMZ,0IEMZ
F5LZA,F5LZA
R944V,R944V
GICTQ,GICTQ
4TK5R,4TK5R
D3NQI,D3NQI
VKNNE,VKNNE
IMLIQ,IMLIQ
UF3KN,UF3KN
0OOZM,0OOZM
OCLN4,OCLN4
D46I9,D46I9
IBEXS,IBEXS
UXRCU,UXRCU
RS4AF,RS4AF
4HT5J,4HT5J
QLIHD,QLIHD
NV53W,NV53W
HHCBW,HHCBW
D9H7X,D9H7X
UF0J1,UF0J1
K5QN1,K5QN1
E58PK,E58PK
FYF9J,FYF9J
JEWFY,JEWFY
Y9RK8,Y9RK8
CC76L,CC76L
P26HY,P26HY
E3XI5,E3XI5
TZT9W,TZT9W
GDYVC,GDYVC
CZJE5,CZJE5
H6CHY,H6CHY
Z03RW,Z03RW
FL094,FL094
6JSXG,6JSXG
YITU5,YITU5
FHAVC,FHAVC
RSE3D,RSE3D
FEV16,FEV16
KDT1K,KDT1K
HLQJ1,HLQJ1
6QHLS,6QHLS
AP1GN,AP1GN
6RWEB,6RWEB
SJHXH,SJHXH
V40ZQ,V40ZQ
CKIPF,CKIPF
VM0PN,VM0PN
GTIS1,GTIS1
HXMI2,HXMI2
ZWYA8,ZWYA8
K0681,K0681
UUDEW,UUDEW
14WHG,14WHG
4O833,4O833
FMZWT,FMZWT
IX0Q6,IX0Q6
UQ7RO,UQ7RO
A506I,A506I
LXYX9,LXYX9
36OMU,36OMU
C3LQ5,C3LQ5
LV4ET,LV4ET
6SVS6,6SVS6
6LPK3,6LPK3
0WK8O,0WK8O
KK9C6,KK9C6
HR8GI,HR8GI
MCDXK,MCDXK
Y6DSX,Y6DSX
I9O7R,I9O7R
CT2T8,CT2T8
6PJSF,6PJSF
WOH31,WOH31
4D4ZV,4D4ZV
906N8,906N8
EFFO5,EFFO5
62SUD,62SUD
WUKZW,WUKZW
WD1JE,WD1JE
9F6O4,9F6O4
BJPUZ,BJPUZ
81BHW,81BHW
0YKWQ,0YKWQ
74YTS,74YTS
YCQ4Z,YCQ4Z
B2OWJ,B2OWJ
HADHC,HADHC
NMIZK,NMIZK
B9J0S,B9J0S
5NXCP,5NXCP
A4YJG,A4YJG
DPZYZ,DPZYZ
XMFTU,XMFTU
TKFHE,TKFHE
S43XS,S43XS
JK71E,JK71E
DJ785,DJ785
XDJU5,XDJU5
07ZMT,07ZMT
WHGYD,WHGYD
TYCNS,TYCNS
0PO7L,0PO7L
E5GOX,E5GOX
GN9N7,GN9N7
EM6SO,EM6SO
2BSC7,2BSC7
CTKF7,CTKF7
CAGA1,CAGA1
ZUVLP,ZUVLP
KL4BS,KL4BS
IP1NL,IP1NL
PHNLP,PHNLP
SBLDR,SBLDR
N0ADZ,N0ADZ
PPZ5J,PPZ5J
W4BJC,W4BJC
P6CLH,P6CLH
HBN59,HBN59
M1UJD,M1UJD
ITPLX,ITPLX
EPHQT,EPHQT
RHJCL,RHJCL
VLUK9,VLUK9
4WF4U,4WF4U
RN0X7,RN0X7
LUDXX,LUDXX
K6YY8,K6YY8
74BV3,74BV3
HHSZE,HHSZE
ZRDHG,ZRDHG
C21QN,C21QN
ZCR87,ZCR87
7EYKD,7EYKD
G6HA6,G6HA6
BEQI9,BEQI9
61F7X,61F7X
DZOQS,DZOQS
7SQA9,7SQA9
2TNR3,2TNR3
KZ61K,KZ61K
MHZGZ,MHZGZ
Q9HSJ,Q9HSJ
OSWD5,OSWD5
HHUCH,HHUCH
TXWI9,TXWI9
GEXMD,GEXMD
UPI7E,UPI7E
JM9ZT,JM9ZT
ZCQUP,ZCQUP
UVYWD,UVYWD
1OU8Y,1OU8Y
8IBHM,8IBHM
4KFNE,4KFNE
R1WJO,R1WJO
KOF2P,KOF2P
3NT62,3NT62
0JMV4,0JMV4
ZXMCG,ZXMCG
ZP86N,ZP86N
0DIDY,0DIDY
2U8SI,2U8SI
2PQYD,2PQYD
QFTA9,QFTA9
0NH8D,0NH8D
JU8IE,JU8IE
WEVOZ,WEVOZ
RTQFY,RTQFY
RO0ZZ,RO0ZZ
YFGG9,YFGG9
BCKEN,BCKEN
7985,07985
WU4M6,WU4M6
RDMMH,RDMMH
1K6U8,1K6U8
C0J6Z,C0J6Z
LZ7FT,LZ7FT
8HOHM,8HOHM
DCQ0V,DCQ0V
VCOXK,VCOXK
0HFM1,0HFM1
Q813F,Q813F
NG40B,NG40B
U9JMK,U9JMK
EWHB1,EWHB1
IY2TH,IY2TH
K8U9V,K8U9V
AUG44,AUG44
7817H,7817H
HE32N,HE32N
XTRGU,XTRGU
M99AH,M99AH
PPI60,PPI60
H3V94,H3V94
EEM87,EEM87
4H53A,4H53A
HSXQ4,HSXQ4
XACJ9,XACJ9
HGFD9,HGFD9
EFKEU,EFKEU
TJMNL,TJMNL
WQKM5,WQKM5
BUYTU,BUYTU
S4D08,S4D08
X8BG4,X8BG4
GO3T0,GO3T0
6FRHW,6FRHW
B6ESZ,B6ESZ
RZOJ0,RZOJ0
OI5M4,OI5M4
OYRYU,OYRYU
EGH78,EGH78
0CKGD,0CKGD
KUF6Z,KUF6Z
VXMK9,VXMK9
AH1KS,AH1KS
FL3XR,FL3XR
JUK3Q,JUK3Q
FKE08,FKE08
4WTY9,4WTY9
D4INH,D4INH
670FV,670FV
QARQO,QARQO
Y76O3,Y76O3
B14XW,B14XW
QXD7L,QXD7L
TL9WO,TL9WO
7X12V,7X12V
OGJSM,OGJSM
AY4UN,AY4UN
H61H2,H61H2
BVV92,BVV92
N8FTE,N8FTE
5AWKF,5AWKF
LTPFE,LTPFE
M9205,M9205
83N4E,83N4E
DYJQZ,DYJQZ
7YWDC,7YWDC
ZJ9TX,ZJ9TX
8TMCV,8TMCV
PJKQ4,PJKQ4
5H411,5H411
GI2G3,GI2G3
LNCG3,LNCG3
7KSMX,7KSMX
VFN9C,VFN9C
A5N8O,A5N8O
VH4IQ,VH4IQ
FMTC9,FMTC9
KX1EH,KX1EH
1MSQQ,1MSQQ
ROR4E,ROR4E
R8DA7,R8DA7
ECH1T,ECH1T
TPGQ3,TPGQ3
UGMIZ,UGMIZ
AS2TF,AS2TF
MZ8S8,MZ8S8
C1ALB,C1ALB
A3RH6,A3RH6
UAE7C,UAE7C
AB5B7,AB5B7
GP1CP,GP1CP
3NXE5,3NXE5
0B2O8,0B2O8
D7AOA,D7AOA
P0AGF,P0AGF
S4JS4,S4JS4
VBFB5,VBFB5
MER9A,MER9A
HF375,HF375
WN6UZ,WN6UZ
Y4YVT,Y4YVT
5JTQ4,5JTQ4
4THGF,4THGF
E559U,E559U
K024Q,K024Q
OEN3P,OEN3P
AWZPU,AWZPU
ZS2NR,ZS2NR
ZG0YZ,ZG0YZ
GMDVT,GMDVT
EN6SA,EN6SA
AV5EQ,AV5EQ
ZRIPU,ZRIPU
AAMDL,AAMDL
JJJTD,JJJTD
0SZWT,0SZWT
IRE7M,IRE7M
F1OJ7,F1OJ7
ASH3B,ASH3B
ASW6I,ASW6I
0VOTN,0VOTN
BU2LN,BU2LN
9BJ3Y,9BJ3Y
SBHWO,SBHWO
E1MFK,E1MFK
2P48H,2P48H
DLC7H,DLC7H
DTKR9,DTKR9
41PU1,41PU1
1W3S8,1W3S8
80A3G,80A3G
NH23H,NH23H
EV1ZJ,EV1ZJ
KGQPD,KGQPD
4HDE1,4HDE1
KIQ1I,KIQ1I
6LUW0,6LUW0
D7EWJ,D7EWJ
NPF6X,NPF6X
VAXLF,VAXLF
227X2,227X2
Y7R4E,Y7R4E
A62YP,A62YP
TMNK3,TMNK3
JRZXN,JRZXN
X5EKO,X5EKO
YS9VC,YS9VC
8EG9J,8EG9J
8PK0M,8PK0M
P9DEP,P9DEP
TVB2A,TVB2A
VC266,VC266
OZNE4,OZNE4
77VME,77VME
MX0DW,MX0DW
ILQNV,ILQNV
PC23A,PC23A
CJIRG,CJIRG
SWPXP,SWPXP
FSS5D,FSS5D
I0DA5,I0DA5
NZSYZ,NZSYZ
1TWAT,1TWAT
K3RFW,K3RFW
Q7MYX,Q7MYX
G5YPX,G5YPX
AW2R3,AW2R3
URJ38,URJ38
MWWI6,MWWI6
H34VK,H34VK
DKDFE,DKDFE
4RVDS,4RVDS
ZMWGN,ZMWGN
QQFRP,QQFRP
0SRTL,0SRTL
Q0LRQ,Q0LRQ
4H671,4H671
CST47,CST47
B0OFJ,B0OFJ
QU6T4,QU6T4
30HMN,30HMN
4RE08,4RE08
90BPS,90BPS
55XH8,55XH8
8M93F,8M93F
0PTHS,0PTHS
DS67F,DS67F
PF8BQ,PF8BQ
PPLSN,PPLSN
NDTZM,NDTZM
G6CMA,G6CMA
3ZSZV,3ZSZV
194QL,194QL
S3GUT,S3GUT
KEOBO,KEOBO
EJFT1,EJFT1
RLPTU,RLPTU
AT0AC,AT0AC
KT163,KT163
MWJTO,MWJTO
Z94AB,Z94AB
48JO9,48JO9
JO06W,JO06W
PEP9L,PEP9L
4I4TM,4I4TM
N9TVK,N9TVK
VD6LB,VD6LB
541FH,541FH
K849L,K849L
T00T6,T00T6
YQITU,YQITU
KF3YO,KF3YO
S21CB,S21CB
CBLR1,CBLR1
O8PDG,O8PDG
FH7H5,FH7H5
7C523,7C523
38QO7,38QO7
VBF4S,VBF4S
KINK5,KINK5
64N8X,64N8X
T63MD,T63MD
IG0Y4,IG0Y4
3XQXK,3XQXK
DP4VJ,DP4VJ
0LN82,0LN82
MTNHL,MTNHL
59VS1,59VS1
J3NVE,J3NVE
S8LLI,S8LLI
96APT,96APT
8SPZH,8SPZH
B8LFB,B8LFB
R4Q0V,R4Q0V
TWEYV,TWEYV
SE5IU,SE5IU
9ZVNS,9ZVNS
D22PI,D22PI
HXC3H,HXC3H
ES7X0,ES7X0
Y2WA8,Y2WA8
4CSSR,4CSSR
JUYBX,JUYBX
QV5YG,QV5YG
U51AR,U51AR
YAE2Y,YAE2Y
BFSDB,BFSDB
FXHY8,FXHY8
HTLG6,HTLG6
HKHPE,HKHPE
2KGUO,2KGUO
6USQG,6USQG
WLM3P,WLM3P
PD0NQ,PD0NQ
NT3X0,NT3X0
RPSJ9,RPSJ9
H2IEP,H2IEP
E5Z4C,E5Z4C
555U7,555U7
B44UI,B44UI
ZILQB,ZILQB
PXPTG,PXPTG
3R08P,3R08P
WXDCM,WXDCM
SUX9P,SUX9P
U6Y26,U6Y26
DG8U6,DG8U6
UMOY9,UMOY9
YJVEW,YJVEW
QNN2U,QNN2U
E92P6,E92P6
DC009,DC009
LOAP8,LOAP8
NX6KP,NX6KP
BVB6H,BVB6H
OLEPX,OLEPX
CRWDX,CRWDX
TYB8Z,TYB8Z
V6KR3,V6KR3
RFAX8,RFAX8
ZJP44,ZJP44
IOMP0,IOMP0
KYQ61,KYQ61
ED7OG,ED7OG
8FZHR,8FZHR
7PP37,7PP37
DYVNN,DYVNN
XF2MK,XF2MK
MBJD8,MBJD8
Z7VTB,Z7VTB
YQ54S,YQ54S
JBCP4,JBCP4
JMEZ6,JMEZ6
5VBGL,5VBGL
MZJDT,MZJDT
QJM34,QJM34
L4TYE,L4TYE
NECLA,NECLA
NP8QC,NP8QC
TA2JQ,TA2JQ
MH899,MH899
HQDZJ,HQDZJ
P7PII,P7PII
J2N6R,J2N6R
4FDG2,4FDG2
J42B2,J42B2
OILKZ,OILKZ
H86TG,H86TG
9T4HZ,9T4HZ
551LJ,551LJ
E0SYA,E0SYA
M9V0B,M9V0B
ET5RS,ET5RS
OZXA3,OZXA3
SPTLN,SPTLN
HE1LY,HE1LY
S2I4K,S2I4K
Z6YPE,Z6YPE
05VHB,05VHB
JZV9G,JZV9G
EDLM5,EDLM5
ZXCO9,ZXCO9
Q1IKB,Q1IKB
MI3J7,MI3J7
4RO1W,4RO1W
RY163,RY163
GBO90,GBO90
B1TS8,B1TS8
7OWHY,7OWHY
O3CC0,O3CC0
2O4XP,2O4XP
O7VGT,O7VGT
H81Q2,H81Q2
IQFVN,IQFVN
MMBZH,MMBZH
U4P46,U4P46
7TO1Z,7TO1Z
2CWTM,2CWTM
EV0LD,EV0LD
VN6BK,VN6BK
M7DYC,M7DYC
CRC2D,CRC2D
JEMBT,JEMBT
LXGV3,LXGV3
8GMTB,8GMTB
3O3AP,3O3AP
LYMEB,LYMEB
YSQHZ,YSQHZ
J3ET1,J3ET1
OZPHF,OZPHF
MS0LS,MS0LS
AR4B7,AR4B7
HYJ22,HYJ22
X3J12,X3J12
TJSD4,TJSD4
JCOC6,JCOC6
QL3U1,QL3U1
GV0K9,GV0K9
O445D,O445D
6J6RI,6J6RI
009R0,009R0
EOOCG,EOOCG
6J91D,6J91D
3ZEMU,3ZEMU
MMLHX,MMLHX
UQZGF,UQZGF
BL6RM,BL6RM
PJQY6,PJQY6
RM2PN,RM2PN
WFHFS,WFHFS
P7K9F,P7K9F
8HT1S,8HT1S
8ETL9,8ETL9
KAWNS,KAWNS
PJ0XR,PJ0XR
6MH2Z,6MH2Z
P9OO1,P9OO1
SQNUU,SQNUU
QCVSI,QCVSI
9GJUF,9GJUF
SG2RH,SG2RH
OLN32,OLN32
JZNKR,JZNKR
RC0H6,RC0H6
ONTK9,ONTK9
7AJTF,7AJTF
QUS4C,QUS4C
TUSUK,TUSUK
UD0EY,UD0EY
B5B3U,B5B3U
BWTGW,BWTGW
UUSDJ,UUSDJ
TNJV3,TNJV3
H10UV,H10UV
VCCV5,VCCV5
BY58H,BY58H
8BO95,8BO95
7E3ZF,7E3ZF
89RD6,89RD6
0LHTC,0LHTC
5E6XZ,5E6XZ
3CEYU,3CEYU
ITNGW,ITNGW
DJD6I,DJD6I
5ZKOB,5ZKOB
I3ZFZ,I3ZFZ
2OLIP,2OLIP
U0P4A,U0P4A
6OL0Q,6OL0Q
OE1ZE,OE1ZE
PPHWO,PPHWO
L3TMH,L3TMH
LQPZE,LQPZE
Y4L5S,Y4L5S
W810E,W810E
B6Y0Y,B6Y0Y
7VQEZ,7VQEZ
TN8AV,TN8AV
L5Z2W,L5Z2W
A7HAK,A7HAK
ZCZ9N,ZCZ9N
KHO8X,KHO8X
9YYNK,9YYNK
QB2ZY,QB2ZY
9RL8W,9RL8W
8JI7T,8JI7T
Y9E4K,Y9E4K
BIYHD,BIYHD
XYNK8,XYNK8
50LS0,50LS0
5YRSZ,5YRSZ
0X7Q5,0X7Q5
3X3N9,3X3N9
G0CB8,G0CB8
0IYCW,0IYCW
ZXTY5,ZXTY5
7Q9U2,7Q9U2
LWCYI,LWCYI
TU2DZ,TU2DZ
I6MN2,I6MN2
KYQD9,KYQD9
TVK60,TVK60
GG7EO,GG7EO
F16CE,F16CE
HZV6T,HZV6T
8DUZD,8DUZD
X90SA,X90SA
CS72Y,CS72Y
733TF,733TF
EHTGG,EHTGG
Y7K7I,Y7K7I
35OVK,35OVK
OSZCY,OSZCY
XPUXU,XPUXU
9238M,9238M
7DAWC,7DAWC
CC74O,CC74O
ZTPUN,ZTPUN
2E2AF,2E2AF
OF7ZM,OF7ZM
TTUKT,TTUKT
G84WA,G84WA
2QGG0,2QGG0
JQ228,JQ228
SL4KW,SL4KW
MQ9X9,MQ9X9
XEKO5,XEKO5
FKNXW,FKNXW
8Z1Y6,8Z1Y6
93BPQ,93BPQ
5VQWP,5VQWP
4CPQO,4CPQO
1XNYF,1XNYF
0YEIN,0YEIN
BD6LR,BD6LR
Z1LJU,Z1LJU
KDJ9R,KDJ9R
5XQOB,5XQOB
BK8YV,BK8YV
31QW6,31QW6
EPDI6,EPDI6
TPSTV,TPSTV
QIX4I,QIX4I
P2MLJ,P2MLJ
KM0FD,KM0FD
NHOW3,NHOW3
3QK2Y,3QK2Y
2NR95,2NR95
XXAED,XXAED
5SRZZ,5SRZZ
HIOXK,HIOXK
G1PEO,G1PEO
LXFMG,LXFMG
90DWI,90DWI
9BBV3,9BBV3
OMFSN,OMFSN
P30B2,P30B2
IM5HX,IM5HX
GOZB9,GOZB9
H65IP,H65IP
H322X,H322X
6YA4N,6YA4N
57RU2,57RU2
CZYIU,CZYIU
7K07Y,7K07Y
DSFLT,DSFLT
PIU6Z,PIU6Z
WTUNC,WTUNC
VHCI7,VHCI7
M0ZGW,M0ZGW
AOKKI,AOKKI
R9R4G,R9R4G
KJ6C5,KJ6C5
VB32X,VB32X
PM33U,PM33U
WWM6L,WWM6L
LHBOQ,LHBOQ
RV3J8,RV3J8
0ITJ4,0ITJ4
JVH22,JVH22
P8Z4S,P8Z4S
6P1Q5,6P1Q5
SO3F6,SO3F6
SDZ0R,SDZ0R
LV62D,LV62D
XTFV6,XTFV6
ARJI5,ARJI5
FHZZ6,FHZZ6
LPCEY,LPCEY
HP2E3,HP2E3
6IIQA,6IIQA
2JHXD,2JHXD
9R0TK,9R0TK
EODJY,EODJY
BTP8D,BTP8D
R210H,R210H
RZ2GX,RZ2GX
GCOJR,GCOJR
ZJRBK,ZJRBK
RUY1T,RUY1T
CXCKZ,CXCKZ
VMLJY,VMLJY
VVVSW,VVVSW
AVD17,AVD17
JY2TP,JY2TP
9N0CV,9N0CV
CUT8V,CUT8V
J2G9D,J2G9D
6B9SQ,6B9SQ
PEB8M,PEB8M
2S0FK,2S0FK
KETMP,KETMP
QI0DX,QI0DX
EQK4G,EQK4G
PX3BI,PX3BI
8928J,8928J
H32WC,H32WC
UEER4,UEER4
IOJI8,IOJI8
QZLGO,QZLGO
ONP08,ONP08
57WZD,57WZD
JJZZA,JJZZA
GE8LK,GE8LK
GMEYL,GMEYL
8KL80,8KL80
A55AN,A55AN
TIXYO,TIXYO
7MU37,7MU37
34ZXY,34ZXY
FR71O,FR71O
RFBD7,RFBD7
IQ0J5,IQ0J5
GG4KO,GG4KO
LD81Z,LD81Z
GOXYT,GOXYT
SRCOP,SRCOP
EMZJE,EMZJE
T5KGJ,T5KGJ
WTHHW,WTHHW
7XY30,7XY30
DT57R,DT57R
GGR1Y,GGR1Y
16A76,16A76
GWMTX,GWMTX
AJWYO,AJWYO
7BUHW,7BUHW
DTFK6,DTFK6
LKYLR,LKYLR
5F169,5F169
EWU6D,EWU6D
01CWL,01CWL
ZYYH1,ZYYH1
C7YFG,C7YFG
N2036,N2036
M0T56,M0T56
HPRF0,HPRF0
MTJC7,MTJC7
OR3FX,OR3FX
4OUVS,4OUVS
OEB2I,OEB2I
9ERDM,9ERDM
PHF21,PHF21
68RLB,68RLB
3068I,3068I
OZW6S,OZW6S
501SM,501SM
4WUDO,4WUDO
DTNK3,DTNK3
WLRUK,WLRUK
E1A72,E1A72
GVSWB,GVSWB
PM2KU,PM2KU
MFTRW,MFTRW
FG9L2,FG9L2
DRBKS,DRBKS
XLNBF,XLNBF
GNJUE,GNJUE
Y59PV,Y59PV
BHUDU,BHUDU
BOZTO,BOZTO
VWR10,VWR10
TPQ3Z,TPQ3Z
AAY6P,AAY6P
39HIS,39HIS
YGNPP,YGNPP
C45DF,C45DF
ZTMZD,ZTMZD
29MOT,29MOT
HFQ9W,HFQ9W
F91X9,F91X9
6O806,6O806
1CUB4,1CUB4
5A4X6,5A4X6
XQVMP,XQVMP
8Z1JC,8Z1JC
0PI31,0PI31
2CVB4,2CVB4
H8PCO,H8PCO
AOCVI,AOCVI
97G52,97G52
1ZGOA,1ZGOA
P6D7N,P6D7N
MLLPW,MLLPW
I359S,I359S
SVJKV,SVJKV
1OIH6,1OIH6
2WE0A,2WE0A
4LRN0,4LRN0
PWS68,PWS68
CI29I,CI29I
CJK3V,CJK3V
WT1MA,WT1MA
8GEJF,8GEJF
MLT63,MLT63
SW8B7,SW8B7
TE49B,TE49B
S9F67,S9F67
WZWHC,WZWHC
I2BST,I2BST
8RFEJ,8RFEJ
R0T5D,R0T5D
4O0IH,4O0IH
NUXH9,NUXH9
CAH77,CAH77
LV51K,LV51K
MHMLP,MHMLP
WRNR9,WRNR9
YA1OM,YA1OM
R97MH,R97MH
L76DV,L76DV
5NXZB,5NXZB
LRN0X,LRN0X
3621D,3621D
9BNTU,9BNTU
TBLO4,TBLO4
OYS8H,OYS8H
32K5E,32K5E
1J3N8,1J3N8
HXQIA,HXQIA
6ORWV,6ORWV
6LJ8B,6LJ8B
VP83F,VP83F
RH38Q,RH38Q
4J9TD,4J9TD
2D19K,2D19K
KK8QD,KK8QD
43INH,43INH
HEU8K,HEU8K
EP3KT,EP3KT
ZXBZO,ZXBZO
ZKSBD,ZKSBD
CLPWK,CLPWK
FLWVV,FLWVV
UL7T8,UL7T8
DXS7M,DXS7M
QC5Y8,QC5Y8
GM4BA,GM4BA
WIM1W,WIM1W
DL90R,DL90R
VE524,VE524
K8E2F,K8E2F
SUL59,SUL59
C7WJ9,C7WJ9
NCAQC,NCAQC
13935,13935
Y1MPS,Y1MPS
5ZWQ3,5ZWQ3
U9JH5,U9JH5
4HXX3,4HXX3
8N4B6,8N4B6
GHH7P,GHH7P
I1J6F,I1J6F
FKJBG,FKJBG
5IT1C,5IT1C
QAS57,QAS57
KDANE,KDANE
646KR,646KR
H9C4L,H9C4L
GPGVI,GPGVI
8XX4E,8XX4E
GZPSP,GZPSP
CQZW7,CQZW7
NES26,NES26
1E06D,1E06D
C4AWK,C4AWK
R21PT,R21PT
5MK3T,5MK3T
XZJXP,XZJXP
MN2LZ,MN2LZ
NK1EU,NK1EU
RWLQF,RWLQF
7SZ4E,7SZ4E
QGQRN,QGQRN
E94TX,E94TX
GQ9U9,GQ9U9
PEUQ9,PEUQ9
RIKGW,RIKGW
F1LW6,F1LW6
IM1E7,IM1E7
K5YRA,K5YRA
91ZXG,91ZXG
6U8PQ,6U8PQ
FXNSV,FXNSV
5H5Y5,5H5Y5
SXH9Z,SXH9Z
38D0V,38D0V
ZBUST,ZBUST
GR0IU,GR0IU
4NWI6,4NWI6
EN4BZ,EN4BZ
DUN3A,DUN3A
9V25Y,9V25Y
0S9L9,0S9L9
VJIJM,VJIJM
HRHJP,HRHJP
IIHXD,IIHXD
18496,18496
4PXR1,4PXR1
VAXOQ,VAXOQ
4Y4W4,4Y4W4
09W32,09W32
FF8ZP,FF8ZP
VF5GG,VF5GG
8QMX1,8QMX1
U72ZP,U72ZP
ZXQ6Y,ZXQ6Y
S9NWC,S9NWC
G1EOP,G1EOP
WD27H,WD27H
IEH9P,IEH9P
O8PEM,O8PEM
3L5QF,3L5QF
AVIJZ,AVIJZ
33W5N,33W5N
1286V,1286V
MQ1RN,MQ1RN
I6JEW,I6JEW
WE0L6,WE0L6
5OGMN,5OGMN
ACH2W,ACH2W
584LR,584LR
MTMBE,MTMBE
N5614,N5614
6FYDX,6FYDX
Z3PVD,Z3PVD
IMZGU,IMZGU
YP0V8,YP0V8
EYEJS,EYEJS
BDRWF,BDRWF
XX950,XX950
GSJEB,GSJEB
27HT6,27HT6
BTKGN,BTKGN
YWVWD,YWVWD
RZZEI,RZZEI
ZBTN7,ZBTN7
P830D,P830D
4THWE,4THWE
3TRWM,3TRWM
9FLBM,9FLBM
Q3HFV,Q3HFV
VTX7T,VTX7T
2N3EL,2N3EL
IJZKB,IJZKB
WM9MC,WM9MC
XUA9K,XUA9K
4OGIR,4OGIR
SO5R7,SO5R7
O9SRS,O9SRS
3VCSE,3VCSE
A6TZL,A6TZL
RPIW4,RPIW4
5JKW1,5JKW1
6HBPD,6HBPD
WTZLU,WTZLU
QIFZW,QIFZW
G9Y3V,G9Y3V
8HV1F,8HV1F
DR56Q,DR56Q
VRKTC,VRKTC
6JZ6D,6JZ6D
WZWTX,WZWTX
24Y5V,24Y5V
CYJID,CYJID
SI3KC,SI3KC
9K951,9K951
3LSEP,3LSEP
ML36A,ML36A
MUDF0,MUDF0
4VE50,4VE50
F4R0P,F4R0P
G4A1I,G4A1I
D5JOJ,D5JOJ
BHAXO,BHAXO
1HPGZ,1HPGZ
RPZC5,RPZC5
C2WNT,C2WNT
2QSCM,2QSCM
7QWPT,7QWPT
CCJVE,CCJVE
30DHO,30DHO
QXNNB,QXNNB
7LBJE,7LBJE
TLDCM,TLDCM
YEYMA,YEYMA
1O5G1,1O5G1
I9OOC,I9OOC
0INFQ,0INFQ
PDB0P,PDB0P
F12GN,F12GN
16HW0,16HW0
2K4E1,2K4E1
9A0NO,9A0NO
0RB0T,0RB0T
10T8R,10T8R
LXIXP,LXIXP
9ND12,9ND12
85QM9,85QM9
WS9WZ,WS9WZ
C9OXC,C9OXC
ME7PE,ME7PE
MCASO,MCASO
5R0KP,5R0KP
GWYAZ,GWYAZ
L2MDZ,L2MDZ
VFBMZ,VFBMZ
U5FBY,U5FBY
MHERF,MHERF
DI827,DI827
LQ7J1,LQ7J1
FNFHB,FNFHB
H8089,H8089
U3IHI,U3IHI
I1CP7,I1CP7
NWH3H,NWH3H
6XRNT,6XRNT
E7NZO,E7NZO
KSLN3,KSLN3
TUK1E,TUK1E
X2QZ2,X2QZ2
DD69L,DD69L
8W9P9,8W9P9
E7GWW,E7GWW
DADIA,DADIA
AWTME,AWTME
HV2PZ,HV2PZ
L2O1R,L2O1R
02JSR,02JSR
YD5UU,YD5UU
7KWTE,7KWTE
8BL2B,8BL2B
Q982J,Q982J
QR368,QR368
GZBX4,GZBX4
V1Y2G,V1Y2G
7JQQS,7JQQS
5ZWTN,5ZWTN
JTXIP,JTXIP
9COD4,9COD4
PKUOF,PKUOF
V7CRS,V7CRS
C01BS,C01BS
0HKVQ,0HKVQ
MLU9T,MLU9T
8BWSF,8BWSF
EFX80,EFX80
X0U12,X0U12
AJ7SB,AJ7SB
N1Q3H,N1Q3H
EI5IF,EI5IF
MHGTQ,MHGTQ
68USI,68USI
2G9RW,2G9RW
9N375,9N375
UGAUR,UGAUR
VGOJ0,VGOJ0
HM2TX,HM2TX
WDTK1,WDTK1
6NFR4,6NFR4
AJLXG,AJLXG
RPJAB,RPJAB
KFHVZ,KFHVZ
1V608,1V608
7G3ME,7G3ME
V0O6Q,V0O6Q
3SQ8T,3SQ8T
8M403,8M403
W39GT,W39GT
KOWKR,KOWKR
YBPAJ,YBPAJ
FX95Q,FX95Q
DSYHM,DSYHM
1CXHN,1CXHN
RZWDD,RZWDD
8Z4XZ,8Z4XZ
Q8CJ4,Q8CJ4
8G4W6,8G4W6
D5S22,D5S22
9LF3B,9LF3B
1MTQZ,1MTQZ
F4HII,F4HII
B0059,B0059
SXN21,SXN21
QHOWG,QHOWG
6NKKM,6NKKM
VFJCS,VFJCS
1XHTR,1XHTR
OL6PR,OL6PR
9AIRA,9AIRA
5WP9G,5WP9G
IIDPG,IIDPG
BAE8Q,BAE8Q
GZ553,GZ553
AT5LJ,AT5LJ
GJSKD,GJSKD
ZKOYV,ZKOYV
6RGK1,6RGK1
NAEJ9,NAEJ9
99L67,99L67
L3GYU,L3GYU
QHZ44,QHZ44
T5GAV,T5GAV
TMSL0,TMSL0
JD1JG,JD1JG
BWQ2Q,BWQ2Q
PSB37,PSB37
8ST2H,8ST2H
HDYWK,HDYWK
6KRIX,6KRIX
4K5V7,4K5V7
48GQP,48GQP
EEVAG,EEVAG
1T476,1T476
53UO6,53UO6
0YEQJ,0YEQJ
C3UV6,C3UV6
RBE81,RBE81
VVPU5,VVPU5
34FY3,34FY3
C1LXY,C1LXY
8C7VL,8C7VL
1ZONT,1ZONT
NSTQV,NSTQV
ILW2B,ILW2B
DQ01T,DQ01T
0S8KC,0S8KC
369ZO,369ZO
ZF91Q,ZF91Q
QBF7U,QBF7U
Q22Z4,Q22Z4
679UT,679UT
N4ERA,N4ERA
TFHFX,TFHFX
9EFPE,9EFPE
LVNI5,LVNI5
VS87D,VS87D
TT4F9,TT4F9
RQWN7,RQWN7
19INP,19INP
OMAJW,OMAJW
06C7O,06C7O
9MD23,9MD23
5YXYY,5YXYY
Q66JN,Q66JN
TZWVI,TZWVI
UL1EP,UL1EP
WY8EO,WY8EO
CU2J2,CU2J2
TOO5P,TOO5P
JJLA6,JJLA6
5CL01,5CL01
SR6ZG,SR6ZG
TTT7A,TTT7A
PAAI4,PAAI4
KPF4J,KPF4J
GWNC9,GWNC9
2XM7Q,2XM7Q
C5BXK,C5BXK
PIGLK,PIGLK
WNYB6,WNYB6
KFJ19,KFJ19
B59AO,B59AO
PLMK2,PLMK2
ID95X,ID95X
8VZ64,8VZ64
Q7RS9,Q7RS9
5VIJV,5VIJV
QJFPG,QJFPG
EQWYF,EQWYF
EW32Z,EW32Z
0TPB8,0TPB8
NVXCD,NVXCD
0LA2O,0LA2O
CDGUN,CDGUN
VV3DR,VV3DR
6NY3T,6NY3T
0A6V5,0A6V5
8TQYO,8TQYO
L9Q2R,L9Q2R
0HN1E,0HN1E
SQG5A,SQG5A
IQ0EB,IQ0EB
4OH16,4OH16
WR9D3,WR9D3
BFE1C,BFE1C
6675C,6675C
1KWRH,1KWRH
SLL8N,SLL8N
MTLO6,MTLO6
6QHWT,6QHWT
26ARS,26ARS
H7YS4,H7YS4
OSM77,OSM77
SBPQK,SBPQK
J848X,J848X
KYUD9,KYUD9
6RDHT,6RDHT
8IU3R,8IU3R
OFSUF,OFSUF
TZ72Z,TZ72Z
ZG1FM,ZG1FM
EA0RF,EA0RF
PUB1O,PUB1O
V2G3E,V2G3E
1UDCM,1UDCM
78EPX,78EPX
4N2VU,4N2VU
1FX31,1FX31
HS5TO,HS5TO
ZQRZV,ZQRZV
76E59,76E59
UFWO5,UFWO5
1SAC7,1SAC7
GOD2C,GOD2C
EPLQ3,EPLQ3
9US4E,9US4E
DDKU4,DDKU4
SNA43,SNA43
XMUBV,XMUBV
2YB3S,2YB3S
OVSJ7,OVSJ7
0AXWM,0AXWM
GYI3H,GYI3H
T8AH2,T8AH2
J89BY,J89BY
BY031,BY031
O5JVL,O5JVL
GBGEN,GBGEN
I4NTL,I4NTL
FTPM3,FTPM3
3TM8Y,3TM8Y
UXRDU,UXRDU
Z476X,Z476X
BF0JC,BF0JC
3PD6Q,3PD6Q
LLY3Y,LLY3Y
4CRD5,4CRD5
47UTF,47UTF
VJ3YM,VJ3YM
BYKSL,BYKSL
S9R1D,S9R1D
3KOIF,3KOIF
4MO1T,4MO1T
OC2BL,OC2BL
A0M1Y,A0M1Y
XGTB7,XGTB7
DH4A3,DH4A3
GLAZ3,GLAZ3
TWQN0,TWQN0
58M7B,58M7B
OSPLS,OSPLS
HQ2OT,HQ2OT
K2DZE,K2DZE
ZKQ2Q,ZKQ2Q
T2071,T2071
8B5V1,8B5V1
GMZTU,GMZTU
A8D21,A8D21
YVLIU,YVLIU
3VE57,3VE57
Y29J4,Y29J4
W7TGN,W7TGN
0HCM4,0HCM4
301K9,301K9
C97T3,C97T3
JXZK8,JXZK8
HY2BL,HY2BL
95JUG,95JUG
PBR6T,PBR6T
FQP74,FQP74
7BLFM,7BLFM
Y8HX9,Y8HX9
QS1VK,QS1VK
HJBGT,HJBGT
JKFJL,JKFJL
K4PLU,K4PLU
R7RMM,R7RMM
3Q9GS,3Q9GS
E5RFC,E5RFC
EKUAU,EKUAU
88WOR,88WOR
WJHZO,WJHZO
CG9PF,CG9PF
SRXD3,SRXD3
4MIEP,4MIEP
AAAIY,AAAIY
H2WYI,H2WYI
WPDUB,WPDUB
S2LA4,S2LA4
H7TI7,H7TI7
RVN0Z,RVN0Z
XJIRD,XJIRD
J5U5I,J5U5I
QBO90,QBO90
YS2PP,YS2PP
A9VBX,A9VBX
QHB0N,QHB0N
KQG5X,KQG5X
G4G2P,G4G2P
TGSQC,TGSQC
WPLLH,WPLLH
UPOIR,UPOIR
I13B8,I13B8
20IJW,20IJW
M1NBA,M1NBA
FF53X,FF53X
SRVKA,SRVKA
H924X,H924X
QWK6U,QWK6U
Z5PCG,Z5PCG
1FSS6,1FSS6
UAAKN,UAAKN
8G0TJ,8G0TJ
32XYP,32XYP
R032Q,R032Q
OJ816,OJ816
1MRUG,1MRUG
KEY2B,KEY2B
UY0V4,UY0V4
TDX2I,TDX2I
HVF9A,HVF9A
UHH5V,UHH5V
3NRLA,3NRLA
TMW8G,TMW8G
UI2BF,UI2BF
WH81P,WH81P
1JRFH,1JRFH
OW8P2,OW8P2
QMFBI,QMFBI
U2DKS,U2DKS
HOCM2,HOCM2
LW9R9,LW9R9
IT5ZI,IT5ZI
27XV1,27XV1
MK5PP,MK5PP
3QVDT,3QVDT
7QBJJ,7QBJJ
ET6QT,ET6QT
026HQ,026HQ
57PWF,57PWF
C78G1,C78G1
SXYQK,SXYQK
XEYBJ,XEYBJ
GGV7J,GGV7J
2GYEH,2GYEH
8QLFX,8QLFX
RD7O9,RD7O9
HS7AO,HS7AO
Z30P5,Z30P5
KFTA3,KFTA3
FF8HG,FF8HG
E73AU,E73AU
KJ9EZ,KJ9EZ
UFRRC,UFRRC
VKJO2,VKJO2
4WNPM,4WNPM
HOAMI,HOAMI
ZZM2O,ZZM2O
ZIW40,ZIW40
LSV91,LSV91
RJRHG,RJRHG
5G3NS,5G3NS
L4291,L4291
OOR65,OOR65
7F09G,7F09G
3D2S1,3D2S1
1MZQY,1MZQY
KWOBK,KWOBK
JWWWA,JWWWA
AXP8R,AXP8R
MMXTY,MMXTY
XB536,XB536
8LDUH,8LDUH
SXXGM,SXXGM
LWW95,LWW95
4QUQM,4QUQM
99VT7,99VT7
4TG9I,4TG9I
THPJI,THPJI
2Z6ZS,2Z6ZS
U25SX,U25SX
X35QO,X35QO
Y8DR8,Y8DR8
Z7NDG,Z7NDG
UDC9Q,UDC9Q
ATOD3,ATOD3
ZDWTE,ZDWTE
N7ZET,N7ZET
FGUOD,FGUOD
8L9W8,8L9W8
DC1R4,DC1R4
P29CB,P29CB
0LCJU,0LCJU
OU7T0,OU7T0
9N2MW,9N2MW
4FTZD,4FTZD
WLV70,WLV70
Z1FC1,Z1FC1
5N1HW,5N1HW
I3Q7U,I3Q7U
09ETL,09ETL
RMRXN,RMRXN
XD16O,XD16O
COOEZ,COOEZ
1V5JW,1V5JW
L0FAG,L0FAG
2VESY,2VESY
HE3GX,HE3GX
1D3SF,1D3SF
1OM6S,1OM6S
N7QXS,N7QXS
3F5V3,3F5V3
Q3FTB,Q3FTB
QG3GQ,QG3GQ
OA9OD,OA9OD
3WRZK,3WRZK
UHNQI,UHNQI
97W3D,97W3D
JK7NB,JK7NB
854E6,854E6
Q7FRI,Q7FRI
Q3XDH,Q3XDH
C4L3E,C4L3E
LTVA3,LTVA3
MPVO8,MPVO8
K2U1B,K2U1B
UOGD4,UOGD4
Y8AOC,Y8AOC
LNLVE,LNLVE
9DCGQ,9DCGQ
CERF1,CERF1
HJ38U,HJ38U
ZV6A5,ZV6A5
PJO1P,PJO1P
E2BUL,E2BUL
6N05Q,6N05Q
KHR70,KHR70
DFAUF,DFAUF
72477,72477
HREA6,HREA6
3BC4K,3BC4K
NQIAQ,NQIAQ
3G7J5,3G7J5
GWYFJ,GWYFJ
50X3J,50X3J
27MB0,27MB0
VTB3J,VTB3J
II431,II431
NP4WI,NP4WI
JEFDD,JEFDD
BODZB,BODZB
O0IJ2,O0IJ2
2IBIG,2IBIG
CAYBX,CAYBX
G0Q55,G0Q55
IZ4PS,IZ4PS
1ORG2,1ORG2
GEY9S,GEY9S
IF041,IF041
3PSBF,3PSBF
226N8,226N8
0PCNS,0PCNS
26ENO,26ENO
MAZLV,MAZLV
3YK7R,3YK7R
H9J24,H9J24
6PH6A,6PH6A
9HBA5,9HBA5
B5RGW,B5RGW
PJE4L,PJE4L
562DF,562DF
IN6L2,IN6L2
4FTDW,4FTDW
0384C,0384C
0KLIV,0KLIV
IQ0RQ,IQ0RQ
LGDVS,LGDVS
J4OPL,J4OPL
ICEGL,ICEGL
VIRAK,VIRAK
1WR8D,1WR8D
HWUJN,HWUJN
56JYE,56JYE
60DPY,60DPY
WXQ2M,WXQ2M
TV8B5,TV8B5
7ZVOJ,7ZVOJ
3Z5I6,3Z5I6
SSKRE,SSKRE
CUHBP,CUHBP
P1VR5,P1VR5
60QRJ,60QRJ
04IXC,04IXC
ALIVW,ALIVW
IE5E1,IE5E1
KHHF6,KHHF6
FQ2B4,FQ2B4
TRSM2,TRSM2
UK4NO,UK4NO
C4GRR,C4GRR
LUKRM,LUKRM
4C6ZT,4C6ZT
GRP4I,GRP4I
ER9EF,ER9EF
LN49D,LN49D
VJ9R9,VJ9R9
O4OIS,O4OIS
3FO1D,3FO1D
HDCL9,HDCL9
M5OB9,M5OB9
Z7TD1,Z7TD1
3DT07,3DT07
EK05G,EK05G
M8HHV,M8HHV
KXTV7,KXTV7
TBXTZ,TBXTZ
C2WB2,C2WB2
NWQMD,NWQMD
AYQPN,AYQPN
TSNO3,TSNO3
EBRZ7,EBRZ7
1VIYX,1VIYX
HLFS6,HLFS6
NQ65Y,NQ65Y
841IB,841IB
FBJSB,FBJSB
G85Q4,G85Q4
ZL75T,ZL75T
8ERKM,8ERKM
EXVSB,EXVSB
4TPSE,4TPSE
OI21F,OI21F
0189H,0189H
1BRSA,1BRSA
HDYNN,HDYNN
TX3AK,TX3AK
F2RWY,F2RWY
OWLMC,OWLMC
CV9K2,CV9K2
4L7RN,4L7RN
LOMY6,LOMY6
PG04G,PG04G
LFOC7,LFOC7
UP763,UP763
KT59T,KT59T
DWP9L,DWP9L
A39ST,A39ST
R7YSN,R7YSN
C5KC6,C5KC6
KJ95P,KJ95P
6KLNV,6KLNV
WS5QF,WS5QF
OX5NF,OX5NF
6PS7J,6PS7J
BG3FX,BG3FX
XKDF6,XKDF6
7G82A,7G82A
M6XG0,M6XG0
F2DQY,F2DQY
28X6I,28X6I
AOTBZ,AOTBZ
U23O4,U23O4
GTWL6,GTWL6
N3EQU,N3EQU
ZSRO4,ZSRO4
RGK1P,RGK1P
F6CYM,F6CYM
HHUG0,HHUG0
NI4SG,NI4SG
SVX9O,SVX9O
ZL6OI,ZL6OI
RF8QR,RF8QR
J97DZ,J97DZ
0E91E,0E91E
APULO,APULO
IUD4Q,IUD4Q
F2HC6,F2HC6
LEL9R,LEL9R
UJ3HI,UJ3HI
E72TU,E72TU
E93LW,E93LW
QDQ02,QDQ02
1TJDS,1TJDS
3DRKW,3DRKW
CU4W6,CU4W6
5EBOP,5EBOP
DI9RY,DI9RY
WTTV6,WTTV6
72SCZ,72SCZ
A69WT,A69WT
AFZZ0,AFZZ0
Q1397,Q1397
CWTTK,CWTTK
1D153,1D153
3T223,3T223
L5OWU,L5OWU
QI4DJ,QI4DJ
CHHE8,CHHE8
52FGW,52FGW
IG9AK,IG9AK
48YQI,48YQI
ULNDY,ULNDY
POJ9R,POJ9R
UR7SX,UR7SX
873DM,873DM
V6WF8,V6WF8
3H84Y,3H84Y
N7VY7,N7VY7
6XV23,6XV23
E51KJ,E51KJ
8NBH9,8NBH9
5VPIL,5VPIL
INULW,INULW
WQSR3,WQSR3
TG1FL,TG1FL
PJF1W,PJF1W
F3TE9,F3TE9
EOUQZ,EOUQZ
8TA57,8TA57
T5LYL,T5LYL
ZODG1,ZODG1
2CUQB,2CUQB
0L9CK,0L9CK
A1NRN,A1NRN
C5JRZ,C5JRZ
K4BX2,K4BX2
ODNN7,ODNN7
Q16YJ,Q16YJ
9PZ30,9PZ30
AXO54,AXO54
JYUM5,JYUM5
FGA02,FGA02
J5RIQ,J5RIQ
SJIXH,SJIXH
TDHMI,TDHMI
EF80J,EF80J
2ARQP,2ARQP
JCKCQ,JCKCQ
PRMTE,PRMTE
97UKP,97UKP
F6MRM,F6MRM
T5UWZ,T5UWZ
6K8WM,6K8WM
4P42Y,4P42Y
IXOC8,IXOC8
26YCG,26YCG
C18Q3,C18Q3
0PPYH,0PPYH
9NLCL,9NLCL
N68LB,N68LB
J90ZF,J90ZF
5GH9A,5GH9A
EISVH,EISVH
6J6FR,6J6FR
NXQWH,NXQWH
2X6SU,2X6SU
EMQY8,EMQY8
06OEJ,06OEJ
DZL5D,DZL5D
F0NJ8,F0NJ8
ZDE6S,ZDE6S
06HMV,06HMV
FSJZE,FSJZE
ZSFI2,ZSFI2
0VZAN,0VZAN
24ZZZ,24ZZZ
RGIGX,RGIGX
D9YXJ,D9YXJ
SX54T,SX54T
7A3G4,7A3G4
UPUHX,UPUHX
C36WQ,C36WQ
S2OX9,S2OX9
SRRCU,SRRCU
U8ZV5,U8ZV5
0W1NT,0W1NT
7M11V,7M11V
YHQDB,YHQDB
U2RXL,U2RXL
K337F,K337F
7YCFQ,7YCFQ
NM3T5,NM3T5
5KPG1,5KPG1
8W03R,8W03R
8DVWO,8DVWO
IOS03,IOS03
PS5PX,PS5PX
IX1P9,IX1P9
UL70L,UL70L
E9XFC,E9XFC
V6M57,V6M57
U7H2D,U7H2D
7WAF3,7WAF3
B42LZ,B42LZ
E0D79,E0D79
R4THZ,R4THZ
SDN4J,SDN4J
VH3PT,VH3PT
ZFSW8,ZFSW8
ACKX6,ACKX6
RMBTP,RMBTP
T1VB4,T1VB4
5ITKY,5ITKY
KM7T9,KM7T9
AWPCP,AWPCP
447FN,447FN
8BPD5,8BPD5
RK9RW,RK9RW
XPB9W,XPB9W
2J5PY,2J5PY
YVC7M,YVC7M
OHAGJ,OHAGJ
TIR23,TIR23
QSAHQ,QSAHQ
R8SSO,R8SSO
RAZLF,RAZLF
8NYFK,8NYFK
0MJ16,0MJ16
QGHP9,QGHP9
GQ0JZ,GQ0JZ
CRN4B,CRN4B
UBUO3,UBUO3
L7L5J,L7L5J
7LWTM,7LWTM
JRH1J,JRH1J
U2JF2,U2JF2
R53QP,R53QP
MAIG2,MAIG2
LII3D,LII3D
93I4P,93I4P
FN2LX,FN2LX
3D5YT,3D5YT
P8LN6,P8LN6
48HWI,48HWI
WBMUN,WBMUN
CLZHT,CLZHT
1VX1Y,1VX1Y
J62I0,J62I0
Q13XV,Q13XV
I7086,I7086
E9J6U,E9J6U
ONY09,ONY09
HOMQP,HOMQP
JW45A,JW45A
IBTEX,IBTEX
ARCDR,ARCDR
G3HXI,G3HXI
MZPPV,MZPPV
FNMMG,FNMMG
XC9GB,XC9GB
F3L3C,F3L3C
EAF6V,EAF6V
GPOT2,GPOT2
3ZJKP,3ZJKP
8X0YT,8X0YT
QEUX2,QEUX2
KIQ6S,KIQ6S
JD1WX,JD1WX
51V5L,51V5L
OACBT,OACBT
9BBSS,9BBSS
QYQBI,QYQBI
V8A62,V8A62
N7WFF,N7WFF
O36IE,O36IE
RHW03,RHW03
Q1A3W,Q1A3W
6CJNU,6CJNU
5GNC2,5GNC2
6DXQO,6DXQO
OI2A9,OI2A9
V1H9K,V1H9K
NVJBX,NVJBX
IWWTW,IWWTW
P18EG,P18EG
89UUG,89UUG
OC8GC,OC8GC
0FKPF,0FKPF
TPQTD,TPQTD
MG1NN,MG1NN
63OC4,63OC4
GI064,GI064
EV3KN,EV3KN
P69RB,P69RB
KUDLS,KUDLS
BN2IZ,BN2IZ
ENAL4,ENAL4
9ZA1T,9ZA1T
PHI35,PHI35
NWQ3N,NWQ3N
QW9NC,QW9NC
X3BBQ,X3BBQ
KVMLF,KVMLF
RPWF9,RPWF9
ADURU,ADURU
77MT9,77MT9
ZH9PF,ZH9PF
GVB08,GVB08
G0NXJ,G0NXJ
KPB73,KPB73
Z8SW2,Z8SW2
9XZR9,9XZR9
33F7V,33F7V
9SSL5,9SSL5
4YW6F,4YW6F
XDQLF,XDQLF
L1M0R,L1M0R
KNGVT,KNGVT
IOTQ0,IOTQ0
ETIO0,ETIO0
D91HJ,D91HJ
UD4HX,UD4HX
4DFJX,4DFJX
7HA4G,7HA4G
LW4V7,LW4V7
L97CC,L97CC
LBO4J,LBO4J
JEPAA,JEPAA
MC7JU,MC7JU
LS50L,LS50L
LMICC,LMICC
ZEBY8,ZEBY8
3GUBD,3GUBD
EZKNL,EZKNL
ZEHFA,ZEHFA
XISEG,XISEG
TF2VS,TF2VS
HVIAB,HVIAB
W7X2O,W7X2O
992I6,992I6
NEO3J,NEO3J
ZI1L5,ZI1L5
YGWAP,YGWAP
U48N0,U48N0
66TSP,66TSP
TRTSG,TRTSG
K5BDV,K5BDV
S9G83,S9G83
7H5U4,7H5U4
L1I0U,L1I0U
N6XQO,N6XQO
YSJ4T,YSJ4T
W8ZRA,W8ZRA
CJAC4,CJAC4
7OSLC,7OSLC
TL0DO,TL0DO
MCWKF,MCWKF
D6OQ3,D6OQ3
33X9U,33X9U
LSQN9,LSQN9
QZZWH,QZZWH
RBXJR,RBXJR
XX376,XX376
31S3I,31S3I
ZPHLY,ZPHLY
BWNTB,BWNTB
1CRI1,1CRI1
GFHU2,GFHU2
4BDDW,4BDDW
P261M,P261M
3CBI0,3CBI0
OXHT9,OXHT9
R6GLM,R6GLM
DWD95,DWD95
PZ77K,PZ77K
U8NRX,U8NRX
VO6EQ,VO6EQ
WFMWO,WFMWO
EN5J1,EN5J1
BYOV3,BYOV3
N86LM,N86LM
TPGKF,TPGKF
41SVH,41SVH
40YCY,40YCY
GEN89,GEN89
JS210,JS210
V5EV9,V5EV9
XAXZ0,XAXZ0
K2TZZ,K2TZZ
S21SV,S21SV
N92WR,N92WR
A4XD6,A4XD6
XHSLW,XHSLW
DND0E,DND0E
ALBVR,ALBVR
Y5ZKT,Y5ZKT
A3W8X,A3W8X
XQK39,XQK39
I5WFG,I5WFG
UWKPL,UWKPL
1L8RA,1L8RA
5VT25,5VT25
EL6YS,EL6YS
0ZPQR,0ZPQR
48QU9,48QU9
JNB37,JNB37
3IEID,3IEID
RNMQ3,RNMQ3
GK69U,GK69U
V7ZJM,V7ZJM
DMG54,DMG54
NE743,NE743
ARI0P,ARI0P
XJTGB,XJTGB
WT0A5,WT0A5
U5E51,U5E51
81P8U,81P8U
ETUC4,ETUC4
9CGD8,9CGD8
VF4CC,VF4CC
TFV65,TFV65
IOANW,IOANW
6X2BY,6X2BY
GOLCP,GOLCP
17WDM,17WDM
2BI0G,2BI0G
I87E0,I87E0
G7OFP,G7OFP
PNFR4,PNFR4
JQE4M,JQE4M
6TD1Y,6TD1Y
1WE8Z,1WE8Z
HRNEV,HRNEV
AA46W,AA46W
E2TRK,E2TRK
DID66,DID66
3USL9,3USL9
IW3Z1,IW3Z1
UDX8J,UDX8J
JIZ8U,JIZ8U
PSMEA,PSMEA
9NW5A,9NW5A
28TFP,28TFP
XAU5A,XAU5A
CT45G,CT45G
HB3LP,HB3LP
MYK6N,MYK6N
XX6WU,XX6WU
62M0I,62M0I
LUFHK,LUFHK
RJRFI,RJRFI
B8W5R,B8W5R
MCAEV,MCAEV
3NANJ,3NANJ
L2IEW,L2IEW
PDKRU,PDKRU
J701M,J701M
IBHFZ,IBHFZ
DEBTH,DEBTH
OAT9K,OAT9K
CUS2C,CUS2C
AHEUF,AHEUF
J135J,J135J
E93J1,E93J1
5OXLL,5OXLL
ZCCAE,ZCCAE
HQ3VP,HQ3VP
8HZS0,8HZS0
WWPIP,WWPIP
VYBBH,VYBBH
JOLHT,JOLHT
IVWIW,IVWIW
57R45,57R45
ZMTOM,ZMTOM
432OE,432OE
VZM5B,VZM5B
T6PMO,T6PMO
AHSYT,AHSYT
0MXDK,0MXDK
EH511,EH511
I3YZM,I3YZM
WRCU9,WRCU9
RPIRO,RPIRO
30579,30579
9DM70,9DM70
M0SVS,M0SVS
HYTFD,HYTFD
ET4P8,ET4P8
MLZHP,MLZHP
4JNLP,4JNLP
AQI6D,AQI6D
EWCFK,EWCFK
WFF5E,WFF5E
QIMFY,QIMFY
1E6YM,1E6YM
I0ZFG,I0ZFG
O0UTT,O0UTT
DK7BU,DK7BU
E40L1,E40L1
5EVV6,5EVV6
PB88R,PB88R
JH958,JH958
RSCR1,RSCR1
33EBK,33EBK
6WJE0,6WJE0
I8MQN,I8MQN
B9RMQ,B9RMQ
Z242Y,Z242Y
734DF,734DF
9IWAA,9IWAA
0PSVK,0PSVK
JWNF4,JWNF4
15KPO,15KPO
IHMWY,IHMWY
RBHQC,RBHQC
RARZV,RARZV
6CMRG,6CMRG
X1W81,X1W81
K3NX9,K3NX9
0MR30,0MR30
3UAM7,3UAM7
HP62N,HP62N
AOT71,AOT71
JCT4N,JCT4N
QSGGG,QSGGG
FT4UU,FT4UU
DTOZW,DTOZW
16UXK,16UXK
1PGK6,1PGK6
E88JU,E88JU
OJD9W,OJD9W
BGARM,BGARM
D3IK0,D3IK0
X02KW,X02KW
A6JK4,A6JK4
UA6EK,UA6EK
WPPPC,WPPPC
2I7A2,2I7A2
L41ZI,L41ZI
HGRNC,HGRNC
YS4OI,YS4OI
Y8S6Q,Y8S6Q
KHZ5Q,KHZ5Q
5JNKV,5JNKV
J2JQA,J2JQA
97YUG,97YUG
BZ9OH,BZ9OH
BFBIQ,BFBIQ
MT6SY,MT6SY
B2V21,B2V21
K21CG,K21CG
KUOJU,KUOJU
DQ6XB,DQ6XB
3EEAM,3EEAM
GXCIG,GXCIG
461HW,461HW
EHDBD,EHDBD
YCA9K,YCA9K
U00S8,U00S8
HJBN9,HJBN9
UQ2RM,UQ2RM
J7D11,J7D11
KOX0O,KOX0O
WDIHT,WDIHT
HA9KB,HA9KB
GPFZD,GPFZD
6HU76,6HU76
O7LQL,O7LQL
SVB8B,SVB8B
B7WHD,B7WHD
RY29O,RY29O
XDXB4,XDXB4
THMQW,THMQW
G7U92,G7U92
OT224,OT224
TY0D7,TY0D7
8MWVX,8MWVX
SLFG7,SLFG7
1J1PM,1J1PM
2I1S6,2I1S6
OLY25,OLY25
WZV7V,WZV7V
F380E,F380E
CZJGS,CZJGS
ZR8P0,ZR8P0
T91EE,T91EE
FXZ7H,FXZ7H
H3L5P,H3L5P
TPM0F,TPM0F
E3H1M,E3H1M
0NCKS,0NCKS
BX2SE,BX2SE
K9YZG,K9YZG
EXJU4,EXJU4
YL7HI,YL7HI
92VR2,92VR2
ILYL1,ILYL1
BK9YW,BK9YW
9YSVF,9YSVF
3OG8G,3OG8G
P1OLH,P1OLH
C9H6Q,C9H6Q
MMSLT,MMSLT
7MH19,7MH19
YSG59,YSG59
A5TZA,A5TZA
54T86,54T86
7IFAP,7IFAP
0BOGE,0BOGE
JONQO,JONQO
LAS6R,LAS6R
A2RFL,A2RFL
7LEIE,7LEIE
OZJKF,OZJKF
WOT5B,WOT5B
DB4SV,DB4SV
NMPB4,NMPB4
9OVGB,9OVGB
FIVQJ,FIVQJ
CNC1E,CNC1E
RJVUE,RJVUE
O30AP,O30AP
VPAAO,VPAAO
A0370,A0370
XNFSN,XNFSN
R7G2U,R7G2U
A175W,A175W
S1L39,S1L39
OODYR,OODYR
ZY8QQ,ZY8QQ
YBK51,YBK51
BTJJC,BTJJC
N4IJE,N4IJE
6CF0B,6CF0B
3EXPG,3EXPG
H5A55,H5A55
PEQEI,PEQEI
DKFK7,DKFK7
EXRUP,EXRUP
MK00V,MK00V
EZAI5,EZAI5
J2AY1,J2AY1
KW84V,KW84V
1N7FS,1N7FS
6BGF5,6BGF5
BUAD9,BUAD9
3MIVN,3MIVN
YT8ZC,YT8ZC
5YO1N,5YO1N
2I4YJ,2I4YJ
20QFI,20QFI
01KJB,01KJB
B8XXP,B8XXP
RHZF8,RHZF8
37145,37145
11YVB,11YVB
VS1JR,VS1JR
L0VR0,L0VR0
XX08L,XX08L
O5VZ3,O5VZ3
2BI2W,2BI2W
J0URQ,J0URQ
Y4JPJ,Y4JPJ
VRNAW,VRNAW
71WGY,71WGY
WOW85,WOW85
2RHJE,2RHJE
NAQW2,NAQW2
G3VT6,G3VT6
U9SOM,U9SOM
AZ8E8,AZ8E8
P2VA6,P2VA6
WUBM1,WUBM1
0OFVI,0OFVI
QJTF0,QJTF0
YOF1O,YOF1O
VA7AV,VA7AV
6XUC2,6XUC2
4XQ57,4XQ57
3Z62Z,3Z62Z
Q3BH5,Q3BH5
WJ33O,WJ33O
9ATHM,9ATHM
HW0HM,HW0HM
7EJQB,7EJQB
VI8GJ,VI8GJ
7SNHK,7SNHK
6ZBKB,6ZBKB
FZ3K3,FZ3K3
UNLCZ,UNLCZ
YFDEV,YFDEV
CZ7NT,CZ7NT
1C7EN,1C7EN
3WI05,3WI05
N4T1A,N4T1A
WESMI,WESMI
ML24O,ML24O
38JDA,38JDA
XZ136,XZ136
GUPHL,GUPHL
CC7Z7,CC7Z7
MEA1P,MEA1P
2EQKB,2EQKB
RJGNE,RJGNE
ISLM9,ISLM9
6ZD98,6ZD98
BD1RU,BD1RU
D030K,D030K
PW1NV,PW1NV
NJX9C,NJX9C
TNX1L,TNX1L
WE7R8,WE7R8
HWJVF,HWJVF
HKW0H,HKW0H
KOADB,KOADB
PJCOY,PJCOY
GREQH,GREQH
4GA97,4GA97
55CRF,55CRF
EF0LM,EF0LM
28CDP,28CDP
G0TXC,G0TXC
SR577,SR577
YZ8Z2,YZ8Z2
TGK31,TGK31
KZMKU,KZMKU
4C2HP,4C2HP
CR4HZ,CR4HZ
CZF7Z,CZF7Z
NYV6O,NYV6O
ET7UD,ET7UD
3GCQO,3GCQO
G2AHW,G2AHW
DZN05,DZN05
F7WI6,F7WI6
4Q726,4Q726
Q8IS6,Q8IS6
X9O4O,X9O4O
EQNJ0,EQNJ0
KNQ4Z,KNQ4Z
E0ZBN,E0ZBN
PRNEQ,PRNEQ
EC6WQ,EC6WQ
5NSD2,5NSD2
JMGUB,JMGUB
W65PL,W65PL
2WXEI,2WXEI
XZD0B,XZD0B
E39TN,E39TN
OZQDU,OZQDU
TLXHO,TLXHO
B1R8J,B1R8J
5CBF1,5CBF1
KHP6H,KHP6H
TQYW2,TQYW2
MPLDC,MPLDC
NJTUA,NJTUA
XAFO9,XAFO9
46OPR,46OPR
ES860,ES860
GP83C,GP83C
UYA9D,UYA9D
PT1G7,PT1G7
6L4T5,6L4T5
0IR5O,0IR5O
7RQUZ,7RQUZ
1ON77,1ON77
HFDWY,HFDWY
40EI4,40EI4
BEO11,BEO11
MMPCV,MMPCV
295BP,295BP
RECSL,RECSL
2Q54B,2Q54B
JCQIS,JCQIS
6O06U,6O06U
CJ4W5,CJ4W5
RB42D,RB42D
7CD50,7CD50
SOCR1,SOCR1
J21GA,J21GA
AWR4G,AWR4G
VIBEI,VIBEI
4LMG4,4LMG4
JQZP7,JQZP7
K59OU,K59OU
FNZLY,FNZLY
MJKVF,MJKVF
8DSVS,8DSVS
91YLL,91YLL
DBWZM,DBWZM
6ECIT,6ECIT
VSNUT,VSNUT
EJ9U6,EJ9U6
095P0,095P0
K6I7D,K6I7D
BY2N8,BY2N8
KVUN5,KVUN5
QEU2P,QEU2P
BLNPN,BLNPN
DYTWE,DYTWE
OPM0Z,OPM0Z
3K12D,3K12D
SQWQZ,SQWQZ
4YGIT,4YGIT
6UT1R,6UT1R
ATLDZ,ATLDZ
RR7TM,RR7TM
PG1NY,PG1NY
O386N,O386N
NX6QE,NX6QE
GKWRQ,GKWRQ
N77N4,N77N4
79HP3,79HP3
WQWSO,WQWSO
4EPNZ,4EPNZ
EBA5V,EBA5V
GPWSE,GPWSE
8J7EX,8J7EX
QW14D,QW14D
GXW90,GXW90
3ICJL,3ICJL
777CJ,777CJ
DKJQW,DKJQW
UO1QR,UO1QR
XZ6XA,XZ6XA
LJYAL,LJYAL
N1RYP,N1RYP
TO85H,TO85H
UA205,UA205
8J04W,8J04W
Q3G63,Q3G63
EMV4U,EMV4U
B8WPZ,B8WPZ
NB7ON,NB7ON
M54HD,M54HD
OREPV,OREPV
1URZV,1URZV
MZHHA,MZHHA
F8QSA,F8QSA
RD320,RD320
JZJBM,JZJBM
0AUDG,0AUDG
3KNLI,3KNLI
F6KS7,F6KS7
H9EFQ,H9EFQ
SSZF8,SSZF8
JKAVV,JKAVV
8F0OQ,8F0OQ
72VW2,72VW2
UQS21,UQS21
578OX,578OX
Q0K48,Q0K48
KIG1E,KIG1E
H1AJ5,H1AJ5
DAKQD,DAKQD
1KPFC,1KPFC
Y1F6M,Y1F6M
7GT09,7GT09
YEHIX,YEHIX
JJSCI,JJSCI
NAGOX,NAGOX
SZ1MT,SZ1MT
6RX57,6RX57
Q9CDW,Q9CDW
YJ92A,YJ92A
0FXIT,0FXIT
3J1LX,3J1LX
K85JO,K85JO
OBG0X,OBG0X
9QX5P,9QX5P
SFA5O,SFA5O
XRU16,XRU16
88XUT,88XUT
XNB28,XNB28
KQFPH,KQFPH
SJG5L,SJG5L
XAKSF,XAKSF
BA67F,BA67F
J338M,J338M
0R3AJ,0R3AJ
EUJWI,EUJWI
WSLHP,WSLHP
U2FT3,U2FT3
BT4IK,BT4IK
7TDPN,7TDPN
P70W2,P70W2
TBB6D,TBB6D
CGHB8,CGHB8
R1LPW,R1LPW
ASWX1,ASWX1
E109D,E109D
ZR8FF,ZR8FF
3XGRF,3XGRF
TOJ3Q,TOJ3Q
P4K3N,P4K3N
I1C3A,I1C3A
35CS1,35CS1
0LOSG,0LOSG
NH4JL,NH4JL
21MTH,21MTH
GO4QV,GO4QV
53051,53051
VJ5MQ,VJ5MQ
60VAL,60VAL
70DC0,70DC0
131BH,131BH
FW53O,FW53O
O2U7K,O2U7K
ET4GE,ET4GE
21ZDG,21ZDG
M0DAI,M0DAI
ZNTLH,ZNTLH
SWA2G,SWA2G
E0AOU,E0AOU
FTXOF,FTXOF
MMIX0,MMIX0
SMI0P,SMI0P
CGACD,CGACD
57FPU,57FPU
C0ILL,C0ILL
KOLSP,KOLSP
BP62J,BP62J
3OK02,3OK02
KVXVS,KVXVS
ECGG4,ECGG4
JAFZ1,JAFZ1
IHVU8,IHVU8
HJTPW,HJTPW
H2GT7,H2GT7
E58C5,E58C5
06FW7,06FW7
HM6DI,HM6DI
2JZW8,2JZW8
LYI43,LYI43
ZNDGZ,ZNDGZ
K9EW2,K9EW2
ODM8Y,ODM8Y
P4X83,P4X83
2F0MH,2F0MH
YKDFJ,YKDFJ
1WL4G,1WL4G
Y388P,Y388P
RTX0V,RTX0V
Y055Z,Y055Z
GHC9P,GHC9P
OV7GQ,OV7GQ
C1ST8,C1ST8
I8CK7,I8CK7
EFP3I,EFP3I
CH2JY,CH2JY
RGKU1,RGKU1
6YYGW,6YYGW
5LN9I,5LN9I
WM89Q,WM89Q
75M1M,75M1M
1PUCS,1PUCS
S6WM1,S6WM1
X9P1L,X9P1L
W8YXE,W8YXE
ES1N3,ES1N3
FTJ6T,FTJ6T
DIGE4,DIGE4
V7VYU,V7VYU
DSJ2O,DSJ2O
0NP0R,0NP0R
R0AK1,R0AK1
2A85E,2A85E
IAH2Z,IAH2Z
J2G2J,J2G2J
00NY5,00NY5
03KAL,03KAL
HVRCL,HVRCL
UDYEJ,UDYEJ
SOOSE,SOOSE
Q4C7O,Q4C7O
VIYMK,VIYMK
KWD15,KWD15
9W0VE,9W0VE
HDEZ6,HDEZ6
9L39W,9L39W
PIYEF,PIYEF
3BUC1,3BUC1
N7D8F,N7D8F
1TAJ2,1TAJ2
04VSN,04VSN
GG8N5,GG8N5
3EXG1,3EXG1
5BQ4O,5BQ4O
OZVCQ,OZVCQ
L73T8,L73T8
0VI1I,0VI1I
STPQ6,STPQ6
JZ24K,JZ24K
6Q6HV,6Q6HV
YJUUA,YJUUA
HNZ1F,HNZ1F
V5CZZ,V5CZZ
3NGSL,3NGSL
K1F2X,K1F2X
CQVNK,CQVNK
CDFTU,CDFTU
BRTB8,BRTB8
SY5VD,SY5VD
HCQLQ,HCQLQ
PHPUK,PHPUK
Q6AFX,Q6AFX
4PRU7,4PRU7
XN9BY,XN9BY
QDL5P,QDL5P
QSKJ0,QSKJ0
KBQRT,KBQRT
KCUJ2,KCUJ2
4KPYZ,4KPYZ
0UDHW,0UDHW
MDV1G,MDV1G
BH7JC,BH7JC
3AXHI,3AXHI
V3WLL,V3WLL
02M3D,02M3D
IQ3LQ,IQ3LQ
EUXPM,EUXPM
VX7G6,VX7G6
XZUFO,XZUFO
AJIVY,AJIVY
ITS70,ITS70
F43F2,F43F2
IBBKB,IBBKB
G94TN,G94TN
63JBL,63JBL
71CPM,71CPM
HRWNK,HRWNK
LLMVJ,LLMVJ
6Y5WN,6Y5WN
4FBCC,4FBCC
CYDPP,CYDPP
B0DSW,B0DSW
3NDI8,3NDI8
U89AY,U89AY
RQ3ZL,RQ3ZL
KSFL7,KSFL7
ZIE71,ZIE71
B8F30,B8F30
W2T7G,W2T7G
HFCFM,HFCFM
YL4BO,YL4BO
14BLQ,14BLQ
CP6MS,CP6MS
3E2R0,3E2R0
8H1H6,8H1H6
1D2HE,1D2HE
DMGCV,DMGCV
DEYX2,DEYX2
CFPOC,CFPOC
3QOMN,3QOMN
7DXC9,7DXC9
NY4OH,NY4OH
DS3L1,DS3L1
7I6JN,7I6JN
IU3A9,IU3A9
YRDXT,YRDXT
56I8T,56I8T
D143A,D143A
DERTQ,DERTQ
41SDL,41SDL
SSE12,SSE12
A4ZLA,A4ZLA
E674V,E674V
JVNRE,JVNRE
8LY49,8LY49
33XL9,33XL9
TYF8I,TYF8I
N87W4,N87W4
5BFH0,5BFH0
41XI3,41XI3
4G321,4G321
OXP6B,OXP6B
C1NA0,C1NA0
L3JQ4,L3JQ4
TGQO2,TGQO2
B9I9X,B9I9X
WWUUC,WWUUC
EA7IR,EA7IR
03PM6,03PM6
XC75K,XC75K
SJQ0R,SJQ0R
GNZAD,GNZAD
DDYEL,DDYEL
IWY7B,IWY7B
WPYP1,WPYP1
XQU66,XQU66
AI7EX,AI7EX
PUPV6,PUPV6
L746G,L746G
KBVBM,KBVBM
4ESE9,4ESE9
F6LZH,F6LZH
2F44L,2F44L
VD1UC,VD1UC
RKFYK,RKFYK
LI3JY,LI3JY
YMKF0,YMKF0
HHDDR,HHDDR
LD8EP,LD8EP
O8M2V,O8M2V
BO7LB,BO7LB
33QHO,33QHO
FF6VW,FF6VW
29Z4S,29Z4S
1Y9RI,1Y9RI
D4T2G,D4T2G
96O1Z,96O1Z
O3NHV,O3NHV
H6UN1,H6UN1
FBF4R,FBF4R
GU3ER,GU3ER
8I1IG,8I1IG
HKR90,HKR90
0DJO9,0DJO9
P3HYH,P3HYH
58A6G,58A6G
7LFBP,7LFBP
ERC9L,ERC9L
FT4GN,FT4GN
UCZMY,UCZMY
940JC,940JC
W0TQQ,W0TQQ
0GZGL,0GZGL
QUA6D,QUA6D
7DJRF,7DJRF
H1HHX,H1HHX
BW7BD,BW7BD
4LPHD,4LPHD
7RMAS,7RMAS
FGQQ7,FGQQ7
KSK6J,KSK6J
1ZCMM,1ZCMM
XFZD2,XFZD2
QOH03,QOH03
CQXIN,CQXIN
CQQ9Q,CQQ9Q
XER6E,XER6E
AB4I6,AB4I6
5PFK2,5PFK2
IDX2D,IDX2D
09VCP,09VCP
PVPGR,PVPGR
BTC4G,BTC4G
EVZ6X,EVZ6X
4LPMP,4LPMP
VZVFK,VZVFK
W4GTX,W4GTX
SK1TU,SK1TU
ZP3CW,ZP3CW
9U79U,9U79U
JWFJG,JWFJG
0Z7JU,0Z7JU
7V8QB,7V8QB
VKUR0,VKUR0
UAJHN,UAJHN
NQ0KS,NQ0KS
GBBHE,GBBHE
6LXG7,6LXG7
OPUXU,OPUXU
ACC3U,ACC3U
FYQ9Q,FYQ9Q
SZSGF,SZSGF
9GJA4,9GJA4
IMFXB,IMFXB
JIUQP,JIUQP
SVYIG,SVYIG
0N382,0N382
KZCJE,KZCJE
A88UJ,A88UJ
QQ3HK,QQ3HK
979LK,979LK
BUV8J,BUV8J
2ZAL0,2ZAL0
TRM8T,TRM8T
FGZS6,FGZS6
KWAA6,KWAA6
N99E2,N99E2
4IGW7,4IGW7
TML3I,TML3I
3PTJ5,3PTJ5
73UKN,73UKN
9MH6P,9MH6P
987FG,987FG
HQGRA,HQGRA
QX4V6,QX4V6
1DJLS,1DJLS
UZGQA,UZGQA
RCCCS,RCCCS
8RKYA,8RKYA
UK5AS,UK5AS
KP49K,KP49K
F3QG0,F3QG0
QT57R,QT57R
2ZO25,2ZO25
2FJ8N,2FJ8N
7XX6F,7XX6F
MQLRI,MQLRI
NRL8T,NRL8T
5JHUV,5JHUV
QS6ZL,QS6ZL
PT2X1,PT2X1
LT39Y,LT39Y
CSDGS,CSDGS
IRVKA,IRVKA
74B06,74B06
FGMF4,FGMF4
D9GMS,D9GMS
OQQTB,OQQTB
WR6SX,WR6SX
ZBEQQ,ZBEQQ
1WEJV,1WEJV
BZLP9,BZLP9
XQ3YX,XQ3YX
ZWVE9,ZWVE9
ER9C6,ER9C6
N2MFN,N2MFN
FAHY4,FAHY4
I3C61,I3C61
IKU71,IKU71
0RQ3M,0RQ3M
0ZH1W,0ZH1W
AYYEF,AYYEF
TJA7U,TJA7U
UIJVV,UIJVV
4HAVR,4HAVR
8F4FW,8F4FW
OM0DH,OM0DH
K7YDQ,K7YDQ
JLV53,JLV53
6U9E0,6U9E0
V7MXP,V7MXP
VVFIS,VVFIS
QB7VM,QB7VM
TQUEX,TQUEX
DGVM9,DGVM9
EN8QU,EN8QU
1L2CA,1L2CA
EWDRZ,EWDRZ
4YATV,4YATV
47CQR,47CQR
A4267,A4267
OVGON,OVGON
8QVXZ,8QVXZ
UCSSI,UCSSI
LDSAI,LDSAI
XV521,XV521
D6764,D6764
5HI19,5HI19
0TY3T,0TY3T
BXMJZ,BXMJZ
TSF5W,TSF5W
UPLUO,UPLUO
BGXU0,BGXU0
MQWZ9,MQWZ9
J5DQ7,J5DQ7
A4B05,A4B05
KOYLS,KOYLS
3Q1PE,3Q1PE
G8GJT,G8GJT
BX737,BX737
UK4PO,UK4PO
MTINY,MTINY
PI7JR,PI7JR
L7F32,L7F32
5UZ1J,5UZ1J
6RT04,6RT04
I7HUY,I7HUY
XAWT9,XAWT9
3AMZE,3AMZE
J2UUC,J2UUC
GGB50,GGB50
ME2QH,ME2QH
9RIOV,9RIOV
ISWX4,ISWX4
ZNOZR,ZNOZR
SDBCT,SDBCT
KGNT7,KGNT7
R3SX1,R3SX1
GIEZM,GIEZM
TNFOA,TNFOA
XGI99,XGI99
LW3DV,LW3DV
1XGOD,1XGOD
5MQ98,5MQ98
UDMAL,UDMAL
G2IIO,G2IIO
MNMN3,MNMN3
1LH3Y,1LH3Y
OB4TT,OB4TT
RVZ2L,RVZ2L
4U3B2,4U3B2
1OUP8,1OUP8
8C2NZ,8C2NZ
GZJYR,GZJYR
USP3Q,USP3Q
L9DJH,L9DJH
TAKTO,TAKTO
5NKEJ,5NKEJ
5UPRU,5UPRU
7FR75,7FR75
0GBLV,0GBLV
7EVDM,7EVDM
YE2EE,YE2EE
M7P6Z,M7P6Z
CFKVA,CFKVA
WVYPC,WVYPC
EEB7G,EEB7G
Q54YL,Q54YL
ACQ89,ACQ89
XFSPY,XFSPY
45D85,45D85
XQM5V,XQM5V
2XI37,2XI37
ZUGQ8,ZUGQ8
35C9V,35C9V
CCY8Q,CCY8Q
7GDBA,7GDBA
6Y6T8,6Y6T8
PCVXD,PCVXD
9VBTK,9VBTK
TG7A1,TG7A1
ORGA2,ORGA2
B375B,B375B
OET6N,OET6N
R3J68,R3J68
78CQS,78CQS
U97PT,U97PT
13C45,13C45
EYRAS,EYRAS
H8MNS,H8MNS
BG042,BG042
OEYH0,OEYH0
8J3BE,8J3BE
WR63D,WR63D
81WHW,81WHW
DPPMO,DPPMO
AVKXH,AVKXH
808ZC,808ZC
NSGNS,NSGNS
QD2MC,QD2MC
BRRJH,BRRJH
P2IP8,P2IP8
0QYI7,0QYI7
CTWZN,CTWZN
L0ZI8,L0ZI8
A4Q15,A4Q15
2XCR5,2XCR5
SK84Z,SK84Z
WPZXB,WPZXB
1BXFM,1BXFM
P79N1,P79N1
AYJNS,AYJNS
HI3GW,HI3GW
5R4SP,5R4SP
93H2A,93H2A
XUPYC,XUPYC
PA9DY,PA9DY
CIL3T,CIL3T
21TJB,21TJB
0MC2B,0MC2B
JAS1S,JAS1S
YG77C,YG77C
VF5BP,VF5BP
WYDFL,WYDFL
BL2HR,BL2HR
G8HHC,G8HHC
A6BP5,A6BP5
MMOJW,MMOJW
448B4,448B4
FXUPO,FXUPO
Z4CTQ,Z4CTQ
NN4GA,NN4GA
0SZ3E,0SZ3E
K2PYF,K2PYF
2U0W1,2U0W1
9OFME,9OFME
V5GF2,V5GF2
LELVD,LELVD
ZP6EM,ZP6EM
DGRO8,DGRO8
HLOU9,HLOU9
Z7L68,Z7L68
PJV3H,PJV3H
3O31L,3O31L
TVAM1,TVAM1
LUVQR,LUVQR
BNUV0,BNUV0
RVRBQ,RVRBQ
3SIBO,3SIBO
ZULS1,ZULS1
CCO8A,CCO8A
MFDEP,MFDEP
CNFZ4,CNFZ4
47VA7,47VA7
07OQC,07OQC
VAP2A,VAP2A
QZUYH,QZUYH
P0RDE,P0RDE
MF21Q,MF21Q
EZBT8,EZBT8
HS7S5,HS7S5
NQOQC,NQOQC
5KQK4,5KQK4
LGPW8,LGPW8
TMKPN,TMKPN
XDQWX,XDQWX
TCEFM,TCEFM
0N5GG,0N5GG
L2KNM,L2KNM
PN3AJ,PN3AJ
1UHWA,1UHWA
MU5Z7,MU5Z7
W5C5C,W5C5C
6LKOQ,6LKOQ
5DU19,5DU19
1HA9Z,1HA9Z
APUIM,APUIM
YRB49,YRB49
SMY05,SMY05
AGMFV,AGMFV
JF9PJ,JF9PJ
MSETS,MSETS
R3M6Y,R3M6Y
0PRLW,0PRLW
HI84T,HI84T
B3L64,B3L64
BPVCY,BPVCY
UKVUE,UKVUE
5F8WS,5F8WS
EC7CU,EC7CU
M5NRF,M5NRF
LYLP3,LYLP3
EWK0W,EWK0W
1T5QE,1T5QE
5GOZI,5GOZI
PSOXA,PSOXA
7M0JY,7M0JY
VYA0U,VYA0U
B138I,B138I
Y2I4F,Y2I4F
LHPSL,LHPSL
LA36J,LA36J
EYZRV,EYZRV
G3KNB,G3KNB
HKNW8,HKNW8
UDC7F,UDC7F
CU6VR,CU6VR
AMUN7,AMUN7
9OYTC,9OYTC
NAU8N,NAU8N
PYJUQ,PYJUQ
JZALG,JZALG
RKKNL,RKKNL
CQTEO,CQTEO
D3SSU,D3SSU
LXKZE,LXKZE
5P3VC,5P3VC
HGHZR,HGHZR
UPCVD,UPCVD
MIAY8,MIAY8
GE3FL,GE3FL
DJ4T5,DJ4T5
P382K,P382K
357WE,357WE
IJC2W,IJC2W
NCYDN,NCYDN
FCRNP,FCRNP
ORUN1,ORUN1
43WID,43WID
OSDRU,OSDRU
KHKUD,KHKUD
VOGQL,VOGQL
RAD0W,RAD0W
DWT0V,DWT0V
U8HGO,U8HGO
JPAEZ,JPAEZ
ZQ9JO,ZQ9JO
CEHYJ,CEHYJ
DKIKC,DKIKC
EA6DJ,EA6DJ
WLED6,WLED6
0N84G,0N84G
JE7UX,JE7UX
Y61CQ,Y61CQ
76P9I,76P9I
UK3QS,UK3QS
UNXKB,UNXKB
JP0ZI,JP0ZI
AZH0E,AZH0E
Z38TU,Z38TU
F5P8J,F5P8J
AJT12,AJT12
UEEY3,UEEY3
698PJ,698PJ
FG8MA,FG8MA
6UT2C,6UT2C
VOTE1,VOTE1
KX0A7,KX0A7
K242X,K242X
JU1LH,JU1LH
R8FZL,R8FZL
XHO8Y,XHO8Y
0YCAF,0YCAF
YVL51,YVL51
HVGN1,HVGN1
Q258J,Q258J
3TIUF,3TIUF
F4E0Q,F4E0Q
CRF9V,CRF9V
2VML2,2VML2
K2UNV,K2UNV
7MK40,7MK40
NPJI8,NPJI8
UXPFT,UXPFT
UBTRW,UBTRW
PFL3Q,PFL3Q
XSFSS,XSFSS
OFTF4,OFTF4
DCSNX,DCSNX
SCIEU,SCIEU
RFIJ9,RFIJ9
4YN0S,4YN0S
QC8W9,QC8W9
9PYRI,9PYRI
HLHN5,HLHN5
OJZ1Y,OJZ1Y
4K12G,4K12G
YUYBU,YUYBU
D1AQE,D1AQE
ZE6Z7,ZE6Z7
HREKY,HREKY
30NLM,30NLM
VQJFD,VQJFD
ZLX7I,ZLX7I
UBG3O,UBG3O
U0EP6,U0EP6
2G6YE,2G6YE
D402Z,D402Z
UC83I,UC83I
CNWVC,CNWVC
FIJK0,FIJK0
VXHJB,VXHJB
GEKR0,GEKR0
I2OU8,I2OU8
8CYMK,8CYMK
FIZK9,FIZK9
5HS1C,5HS1C
A9QR1,A9QR1
0IBTE,0IBTE
O7RTX,O7RTX
9Y3UG,9Y3UG
RPOZM,RPOZM
2EYL1,2EYL1
J102Q,J102Q
NPCWQ,NPCWQ
0KPPA,0KPPA
IHTAT,IHTAT
K4KMO,K4KMO
PAAMK,PAAMK
2V36Y,2V36Y
Q92BK,Q92BK
H5H2G,H5H2G
0H12E,0H12E
BUICH,BUICH
UCGZM,UCGZM
PCCYB,PCCYB
7PKRB,7PKRB
9H6JP,9H6JP
8CWWC,8CWWC
IQ6VX,IQ6VX
6PMU6,6PMU6
D7J6U,D7J6U
J9GYT,J9GYT
DL25R,DL25R
G5XWE,G5XWE
JE9E3,JE9E3
H4OV2,H4OV2
P2WJ1,P2WJ1
Z2JZ6,Z2JZ6
NOL0V,NOL0V
TXB0W,TXB0W
6FWWE,6FWWE
FZG8F,FZG8F
BTLQI,BTLQI
WNUKI,WNUKI
P9AO9,P9AO9
W4EQ1,W4EQ1
XLQUH,XLQUH
49S1S,49S1S
WA3N5,WA3N5
GQZHQ,GQZHQ
68EP7,68EP7
GS6GK,GS6GK
0CGXO,0CGXO
FG2UY,FG2UY
4PJ0L,4PJ0L
Z91KV,Z91KV
17WDU,17WDU
R3TMO,R3TMO
Z1OUZ,Z1OUZ
XGQ00,XGQ00
J8XSM,J8XSM
VQGRS,VQGRS
70QQY,70QQY
Q6EEV,Q6EEV
XBUU6,XBUU6
OPMN9,OPMN9
7TATT,7TATT
M1DHV,M1DHV
M7I46,M7I46
R7427,R7427
ZB2QH,ZB2QH
5JVUT,5JVUT
QWYP7,QWYP7
FAR5F,FAR5F
QECHY,QECHY
IIWCK,IIWCK
FQ7G4,FQ7G4
O8IJE,O8IJE
MZAYE,MZAYE
UPMLF,UPMLF
QTS67,QTS67
OBKK3,OBKK3
YGYZ8,YGYZ8
IMBSV,IMBSV
LMIM8,LMIM8
L3ZGC,L3ZGC
YBAZ7,YBAZ7
HEOVY,HEOVY
AQM38,AQM38
6XJLA,6XJLA
NRFEE,NRFEE
IDAGY,IDAGY
EHHSV,EHHSV
7O0O5,7O0O5
SYVKF,SYVKF
Q9HOG,Q9HOG
YAHMS,YAHMS
TSLM0,TSLM0
754WG,754WG
VVZIY,VVZIY
9J8PF,9J8PF
32F9D,32F9D
9F330,9F330
JEPON,JEPON
I1CSW,I1CSW
LW74P,LW74P
SDOSC,SDOSC
PNILL,PNILL
BRJKL,BRJKL
G6ZP2,G6ZP2
644C1,644C1
A5W6Z,A5W6Z
BNDHU,BNDHU
NIUEP,NIUEP
8NC5Y,8NC5Y
L9FTU,L9FTU
8L1SK,8L1SK
CNZYP,CNZYP
QJZIT,QJZIT
A0P49,A0P49
Q99YV,Q99YV
7AVNR,7AVNR
XW1PH,XW1PH
Q4112,Q4112
JYZ90,JYZ90
R94GU,R94GU
L75JU,L75JU
7UPZQ,7UPZQ
CU1HC,CU1HC
48TFR,48TFR
5FI9E,5FI9E
72A6E,72A6E
T91K3,T91K3
J0W2J,J0W2J
PR1UG,PR1UG
K6BCY,K6BCY
AAPUY,AAPUY
2F7RN,2F7RN
ISEYG,ISEYG
U0R6W,U0R6W
MBMPD,MBMPD
CH5H9,CH5H9
3WI5Q,3WI5Q
DBIUK,DBIUK
UPUDR,UPUDR
RPEQ8,RPEQ8
6U17S,6U17S
FGL2H,FGL2H
MC8EW,MC8EW
868WF,868WF
5UIPH,5UIPH
MDMGO,MDMGO
EYEUA,EYEUA
CL9SU,CL9SU
ULNL7,ULNL7
U5SNO,U5SNO
XX32N,XX32N
L92MC,L92MC
BDOZM,BDOZM
XPQAI,XPQAI
WNN9E,WNN9E
7Y64C,7Y64C
AX3FX,AX3FX
44Q73,44Q73
3B1ZX,3B1ZX
SYQVN,SYQVN
T1XAO,T1XAO
LG70Y,LG70Y
EV4PG,EV4PG
4EXK5,4EXK5
8JJ8P,8JJ8P
VTJSI,VTJSI
36OF3,36OF3
XB0XU,XB0XU
OTA6L,OTA6L
53XY6,53XY6
8BZHZ,8BZHZ
QQJU2,QQJU2
SEMH9,SEMH9
QPMA1,QPMA1
1DEY1,1DEY1
N45BO,N45BO
MDC88,MDC88
I1UAF,I1UAF
2UDOT,2UDOT
ZS1NF,ZS1NF
GWN39,GWN39
5J138,5J138
NH3AK,NH3AK
NDIAX,NDIAX
ZYGYE,ZYGYE
GJXPA,GJXPA
P553X,P553X
532TM,532TM
YCLS7,YCLS7
55X8G,55X8G
XIPO8,XIPO8
BWYM1,BWYM1
T0R12,T0R12
ELOXB,ELOXB
E4739,E4739
RUZQV,RUZQV
XH55Y,XH55Y
KVS63,KVS63
J0UCS,J0UCS
KDEXW,KDEXW
JQTE1,JQTE1
H59BA,H59BA
P91CE,P91CE
YLDEC,YLDEC
B6FZ0,B6FZ0
IS8GQ,IS8GQ
0KXSY,0KXSY
CDV1I,CDV1I
9ONWP,9ONWP
Z0FBM,Z0FBM
YG3NC,YG3NC
YYOPQ,YYOPQ
3J13J,3J13J
PCCNI,PCCNI
W6XOV,W6XOV
E0V4Y,E0V4Y
0F4N6,0F4N6
650ML,650ML
NHSZA,NHSZA
1RH7A,1RH7A
4LU9F,4LU9F
3EO5V,3EO5V
L46CW,L46CW
0IVKG,0IVKG
38ZHB,38ZHB
QYH69,QYH69
W5X7Z,W5X7Z
GBZI8,GBZI8
S6QRK,S6QRK
VSQZ2,VSQZ2
GII6P,GII6P
IT9F2,IT9F2
0GB0K,0GB0K
R4UP4,R4UP4
AZSRZ,AZSRZ
OERDX,OERDX
UEL0B,UEL0B
PEKP8,PEKP8
YEQR1,YEQR1
CMKDO,CMKDO
7YYTT,7YYTT
FIHGV,FIHGV
PAJ1A,PAJ1A
4F9ZO,4F9ZO
XC8ZV,XC8ZV
GVBZE,GVBZE
OXTNP,OXTNP
MR9KS,MR9KS
LD1KB,LD1KB
2N0HE,2N0HE
JL1H4,JL1H4
HGJ4V,HGJ4V
MCNM5,MCNM5
1I7DO,1I7DO
RFLCR,RFLCR
KFSCK,KFSCK
LD366,LD366
G0P6Z,G0P6Z
O2GFP,O2GFP
GTJ5U,GTJ5U
BPC2F,BPC2F
DX0MP,DX0MP
ODJL6,ODJL6
5CJ1F,5CJ1F
5TAJ5,5TAJ5
35472,35472
VLQEP,VLQEP
4RKJV,4RKJV
QIC2K,QIC2K
NEDAB,NEDAB
KUIIJ,KUIIJ
IXSNG,IXSNG
V2GSH,V2GSH
PFPUS,PFPUS
LVK1U,LVK1U
XPW22,XPW22
95TMW,95TMW
X48YP,X48YP
59JBS,59JBS
83J5C,83J5C
GZ7GY,GZ7GY
D1M19,D1M19
SGHTO,SGHTO
6OH0W,6OH0W
3Q6KM,3Q6KM
FBMRJ,FBMRJ
9JQWY,9JQWY
CVXB6,CVXB6
BD8VV,BD8VV
31X4P,31X4P
4FCHD,4FCHD
B6JPG,B6JPG
UTW5H,UTW5H
947O9,947O9
1IE9X,1IE9X
GJZGE,GJZGE
2MJ5B,2MJ5B
JM8FP,JM8FP
J9G0K,J9G0K
MMMJ3,MMMJ3
FW99J,FW99J
82NC2,82NC2
WNR5S,WNR5S
1DA11,1DA11
TVNU2,TVNU2
C16YI,C16YI
KBF8C,KBF8C
92HCN,92HCN
FKXOC,FKXOC
0IJFQ,0IJFQ
1S3VO,1S3VO
25QY3,25QY3
BQX9I,BQX9I
DEJRJ,DEJRJ
N2NXV,N2NXV
ECWP1,ECWP1
5APAV,5APAV
BZKHD,BZKHD
GB9GC,GB9GC
MEIW5,MEIW5
HU4T2,HU4T2
QM42R,QM42R
WBYNG,WBYNG
N2AG0,N2AG0
CC5AC,CC5AC
M0T0Z,M0T0Z
3RV0G,3RV0G
FIFDN,FIFDN
8AGXG,8AGXG
GASZL,GASZL
FENDO,FENDO
S6CBP,S6CBP
A1EMP,A1EMP
XM2M5,XM2M5
6VH29,6VH29
0U3YG,0U3YG
RB5Q8,RB5Q8
XJTNI,XJTNI
Y28MA,Y28MA
LMMRR,LMMRR
VN222,VN222
5Q3EA,5Q3EA
FHF9B,FHF9B
BB56H,BB56H
L08V2,L08V2
H0361,H0361
BNA2C,BNA2C
2A4N4,2A4N4
H0NQJ,H0NQJ
65665,65665
U04ZP,U04ZP
NC5WR,NC5WR
BCP42,BCP42
M2V3M,M2V3M
WI8Z4,WI8Z4
1Y6T5,1Y6T5
O9BAC,O9BAC
WGHWK,WGHWK
L91EV,L91EV
CPMZ2,CPMZ2
5W91D,5W91D
4BH22,4BH22
JG9K1,JG9K1
CHF34,CHF34
2SYTL,2SYTL
GRDO0,GRDO0
HVCLW,HVCLW
4UYBN,4UYBN
49APK,49APK
X3JPI,X3JPI
RM3P0,RM3P0
8IL10,8IL10
NDGJP,NDGJP
85DIX,85DIX
KEDPE,KEDPE
FH0P2,FH0P2
CCJC6,CCJC6
I1KG8,I1KG8
EEIYW,EEIYW
U2TUT,U2TUT
DJTAT,DJTAT
RBVOG,RBVOG
SOTVR,SOTVR
3E6HS,3E6HS
76F3H,76F3H
1SSFK,1SSFK
FSE15,FSE15
OAD5M,OAD5M
6CWFR,6CWFR
HJMU6,HJMU6
4P6M2,4P6M2
N4ISV,N4ISV
PUYXC,PUYXC
U40PA,U40PA
8T2JZ,8T2JZ
H8HMY,H8HMY
6OKZL,6OKZL
90J3X,90J3X
PN9B9,PN9B9
8OTUJ,8OTUJ
H03WB,H03WB
LBMA0,LBMA0
3T5RZ,3T5RZ
USXFF,USXFF
OEN25,OEN25
QPMJL,QPMJL
1XWYB,1XWYB
3I7DE,3I7DE
AWV1U,AWV1U
QJMWF,QJMWF
R2BOE,R2BOE
T1W4W,T1W4W
NGHKM,NGHKM
T0KQW,T0KQW
MDKB1,MDKB1
XTD4I,XTD4I
01E95,01E95
6BJ1A,6BJ1A
J625A,J625A
XFPRK,XFPRK
KDRB4,KDRB4
OP1P1,OP1P1
LHB11,LHB11
1A12S,1A12S
J3Z9Q,J3Z9Q
YSL8G,YSL8G
SO3DE,SO3DE
YBVPL,YBVPL
0KTM9,0KTM9
SJP96,SJP96
PB3LD,PB3LD
9WYP6,9WYP6
ZC48I,ZC48I
TS7U8,TS7U8
P948B,P948B
CB945,CB945
5EN7M,5EN7M
DK9AF,DK9AF
TKJ2Z,TKJ2Z
S3GYR,S3GYR
MTS5X,MTS5X
R3JSE,R3JSE
FEGOU,FEGOU
QVWJ3,QVWJ3
SW7DL,SW7DL
M1FVO,M1FVO
YAQO0,YAQO0
5H3CQ,5H3CQ
900PK,900PK
A0S5P,A0S5P
BOM3G,BOM3G
AIALA,AIALA
R7O8U,R7O8U
5BBUH,5BBUH
UA3SX,UA3SX
NM5ZT,NM5ZT
J0GY1,J0GY1
5T36J,5T36J
J8CDV,J8CDV
F1X4R,F1X4R
CAPPJ,CAPPJ
220FH,220FH
I7FDU,I7FDU
227QR,227QR
H2U98,H2U98
9G7DS,9G7DS
16XKU,16XKU
HSQF6,HSQF6
Z8P3G,Z8P3G
PTIN2,PTIN2
JADIJ,JADIJ
J00AW,J00AW
W1CPX,W1CPX
YQGVW,YQGVW
0JYTG,0JYTG
8WNTZ,8WNTZ
E9AJG,E9AJG
YVZJK,YVZJK
DX5G0,DX5G0
CVG1E,CVG1E
J39F0,J39F0
92TXZ,92TXZ
HJWB0,HJWB0
9ZOFA,9ZOFA
WODYW,WODYW
KL9XZ,KL9XZ
8HLIP,8HLIP
Y84X7,Y84X7
2I671,2I671
79SQA,79SQA
ZOTJC,ZOTJC
1AA6K,1AA6K
ZSF5Q,ZSF5Q
13AB8,13AB8
2I2I4,2I2I4
E4KQV,E4KQV
VRMAN,VRMAN
5X3D1,5X3D1
V81MD,V81MD
OX8YZ,OX8YZ
205HE,205HE
QULIA,QULIA
5FNWA,5FNWA
F3UAU,F3UAU
QENYJ,QENYJ
L4YO5,L4YO5
9J0DO,9J0DO
ZJECA,ZJECA
DBTRS,DBTRS
ZHHZ9,ZHHZ9
30LV0,30LV0
7NKAB,7NKAB
UL7JY,UL7JY
1H0OE,1H0OE
C3TXP,C3TXP
WF405,WF405
6FOG9,6FOG9
2J2TS,2J2TS
5ISQU,5ISQU
H4O39,H4O39
KOGKQ,KOGKQ
5F892,5F892
ZGI40,ZGI40
6T1U5,6T1U5
1VIAM,1VIAM
9R832,9R832
OOW3G,OOW3G
RDBKV,RDBKV
Q2Z3G,Q2Z3G
YKUKE,YKUKE
D3DWA,D3DWA
TDTOC,TDTOC
R817X,R817X
8HHZP,8HHZP
VSKHV,VSKHV
YRSCM,YRSCM
ZR6XG,ZR6XG
R1X1R,R1X1R
WHY29,WHY29
I6PZ4,I6PZ4
A431U,A431U
SVF0W,SVF0W
BE1J4,BE1J4
3AGNJ,3AGNJ
5D7XM,5D7XM
6IP30,6IP30
341R4,341R4
M9EYN,M9EYN
7LR3A,7LR3A
UYFPR,UYFPR
WQI2F,WQI2F
H517G,H517G
9UEQ6,9UEQ6
JAOFB,JAOFB
U6H66,U6H66
FB9Q8,FB9Q8
SLSOK,SLSOK
EUT9E,EUT9E
MFBAB,MFBAB
NTR73,NTR73
V3HSZ,V3HSZ
BY1QY,BY1QY
G1Q5L,G1Q5L
JGSJC,JGSJC
OZB8U,OZB8U
JQACO,JQACO
8HCAB,8HCAB
BJNNR,BJNNR
HZMYN,HZMYN
RTNHH,RTNHH
ASQRF,ASQRF
WMZWB,WMZWB
RPQ6C,RPQ6C
UHG35,UHG35
HJ1FJ,HJ1FJ
OZRYS,OZRYS
E3MEF,E3MEF
9129N,9129N
TQN9B,TQN9B
JXLSI,JXLSI
8QM71,8QM71
9TH6M,9TH6M
7U66R,7U66R
787SX,787SX
4I287,4I287
32R22,32R22
TXC6C,TXC6C
Z10JU,Z10JU
2E77D,2E77D
5A9R2,5A9R2
CKX3Z,CKX3Z
F27RL,F27RL
VKE0R,VKE0R
ZLBKW,ZLBKW
94DD6,94DD6
KEP1P,KEP1P
ACV7L,ACV7L
2271D,2271D
JL424,JL424
KUBBV,KUBBV
OWKL8,OWKL8
QOCI2,QOCI2
RILDW,RILDW
8OWKG,8OWKG
7K7ZC,7K7ZC
WDZDY,WDZDY
MVOVN,MVOVN
Y8PJM,Y8PJM
NU6LP,NU6LP
6CQBN,6CQBN
KVP1A,KVP1A
ATAN5,ATAN5
JG68N,JG68N
XH0EQ,XH0EQ
AUEFK,AUEFK
2296O,2296O
BLP4Y,BLP4Y
6QFZ5,6QFZ5
QS16B,QS16B
MPN3Z,MPN3Z
4XOXY,4XOXY
D5DSR,D5DSR
4AZZ9,4AZZ9
KCS8D,KCS8D
W91DA,W91DA
41N6Y,41N6Y
Z645K,Z645K
IS4IG,IS4IG
L9TWQ,L9TWQ
Z66GL,Z66GL
X53EU,X53EU
T1E41,T1E41
8BTPH,8BTPH
2WTEH,2WTEH
FSYKU,FSYKU
N0XIT,N0XIT
3UX1J,3UX1J
RAUDA,RAUDA
XZXTV,XZXTV
MF1TC,MF1TC
H7BCK,H7BCK
CH3CU,CH3CU
NQVA3,NQVA3
R0O0N,R0O0N
9BG9T,9BG9T
YLPEC,YLPEC
WJ7DA,WJ7DA
L1U4V,L1U4V
KKPNO,KKPNO
W8BOF,W8BOF
GJHM9,GJHM9
5RW37,5RW37
364VB,364VB
YY19A,YY19A
Q6AB2,Q6AB2
CICQH,CICQH
WG5DL,WG5DL
T4JCZ,T4JCZ
JXWTZ,JXWTZ
JFAT1,JFAT1
VKLME,VKLME
LHGEY,LHGEY
L3SEH,L3SEH
WRLCU,WRLCU
AD23D,AD23D
TV9IB,TV9IB
AJGY4,AJGY4
LNHKA,LNHKA
N5O9Q,N5O9Q
FC2GN,FC2GN
YW0AU,YW0AU
3TI4N,3TI4N
VZTME,VZTME
DXNIF,DXNIF
BWHXZ,BWHXZ
X5YW0,X5YW0
30QUK,30QUK
QSV3U,QSV3U
FHGQY,FHGQY
W3USG,W3USG
UQEYX,UQEYX
UCKGL,UCKGL
MCN7Y,MCN7Y
ZNJVC,ZNJVC
X807S,X807S
V8RHV,V8RHV
ZC727,ZC727
BMG76,BMG76
68PTR,68PTR
VKXN9,VKXN9
E44QA,E44QA
EXSHP,EXSHP
C11XJ,C11XJ
53UH6,53UH6
SMGHD,SMGHD
GHCEC,GHCEC
5G2LE,5G2LE
VRL5K,VRL5K
DQWTN,DQWTN
7OSHZ,7OSHZ
OUQJH,OUQJH
WKSCV,WKSCV
ACLTE,ACLTE
K52M4,K52M4
MWE66,MWE66
KZ966,KZ966
0QMDI,0QMDI
051MM,051MM
HGL5D,HGL5D
XBLF3,XBLF3
ZV5FM,ZV5FM
OODDU,OODDU
30A1S,30A1S
TDC9A,TDC9A
OGBHJ,OGBHJ
606Q8,606Q8
ZWW0Y,ZWW0Y
E2G80,E2G80
MBJEG,MBJEG
MZPL6,MZPL6
8W8Q1,8W8Q1
80OU5,80OU5
8R3XO,8R3XO
ONEKW,ONEKW
KFNZ1,KFNZ1
2ZWPM,2ZWPM
DDS7V,DDS7V
WLX4Q,WLX4Q
2YXNK,2YXNK
L4LF5,L4LF5
IWIOK,IWIOK
UGJA6,UGJA6
GVUEN,GVUEN
V6G7M,V6G7M
0UZ1S,0UZ1S
C5OV3,C5OV3
4P2L6,4P2L6
IXJBC,IXJBC
W7SSI,W7SSI
Q2S76,Q2S76
0L4IW,0L4IW
QB57N,QB57N
6OBP7,6OBP7
ZWIUN,ZWIUN
8FHC0,8FHC0
7PXN6,7PXN6
9KUTF,9KUTF
QNQYC,QNQYC
80B7I,80B7I
44O0H,44O0H
8BCZC,8BCZC
99C8E,99C8E
TME02,TME02
4GQCQ,4GQCQ
VR0CH,VR0CH
MIG9U,MIG9U
2ENOV,2ENOV
U5H80,U5H80
T625D,T625D
QKL2V,QKL2V
ABGL9,ABGL9
CUQUJ,CUQUJ
CXGYZ,CXGYZ
4AY95,4AY95
5XOUA,5XOUA
DPAEI,DPAEI
CTA4P,CTA4P
JCNWL,JCNWL
ZE2V5,ZE2V5
VLFCY,VLFCY
0GXN4,0GXN4
ZAMPT,ZAMPT
27QMX,27QMX
HR0GK,HR0GK
0ZUAF,0ZUAF
1QHUS,1QHUS
UWP3P,UWP3P
D43IO,D43IO
25XN3,25XN3
K2ES2,K2ES2
VSNDZ,VSNDZ
I21NM,I21NM
LSOBL,LSOBL
DDI0P,DDI0P
OEJ7K,OEJ7K
LSC0F,LSC0F
YH1FJ,YH1FJ
9MP48,9MP48
MFNZP,MFNZP
C9WEI,C9WEI
XSYK3,XSYK3
HTPQ0,HTPQ0
GNXYK,GNXYK
BJ0C1,BJ0C1
OTWTE,OTWTE
RE0IV,RE0IV
M9OQ9,M9OQ9
0NS4J,0NS4J
5URSU,5URSU
QYGYA,QYGYA
1A07F,1A07F
WR94S,WR94S
750G8,750G8
DYX1Q,DYX1Q
XJ0TW,XJ0TW
EEE0F,EEE0F
TEBY2,TEBY2
P9JON,P9JON
5YZ98,5YZ98
L3MK4,L3MK4
XEXMO,XEXMO
276DJ,276DJ
NQE2Q,NQE2Q
18B8P,18B8P
ZPY6I,ZPY6I
8GVTE,8GVTE
CYXMA,CYXMA
D6PZ2,D6PZ2
PDK0J,PDK0J
6RZ5S,6RZ5S
VX3G5,VX3G5
MV7EJ,MV7EJ
SLO1W,SLO1W
21GJ9,21GJ9
AYRT1,AYRT1
QULTV,QULTV
1K4DV,1K4DV
C6S2M,C6S2M
SXC9F,SXC9F
J5U3K,J5U3K
EP9MH,EP9MH
ZPT19,ZPT19
O1JJ4,O1JJ4
2PR11,2PR11
0BUCU,0BUCU
LVZEF,LVZEF
QN4Q6,QN4Q6
EOOVT,EOOVT
I88WO,I88WO
Z2ZKY,Z2ZKY
59787,59787
OC9WG,OC9WG
D5ZHT,D5ZHT
0XM95,0XM95
ZMNSB,ZMNSB
FYZ8T,FYZ8T
L463X,L463X
TM9Y2,TM9Y2
IFH5J,IFH5J
N7KXL,N7KXL
FPOZ3,FPOZ3
1PFCQ,1PFCQ
R7OPO,R7OPO
KBRYL,KBRYL
6WAYE,6WAYE
356R6,356R6
QHKWO,QHKWO
VVEPB,VVEPB
6OVZ2,6OVZ2
UIZNQ,UIZNQ
P212V,P212V
2DFD2,2DFD2
9ONQR,9ONQR
3GPMO,3GPMO
UUWG7,UUWG7
PN4CF,PN4CF
Y7BP5,Y7BP5
IMSCR,IMSCR
ISR0B,ISR0B
TM241,TM241
JCWGB,JCWGB
I26S7,I26S7
BSMPQ,BSMPQ
UV36Q,UV36Q
0JEIY,0JEIY
S4QQV,S4QQV
RZ1QT,RZ1QT
PZ5PP,PZ5PP
875XI,875XI
9YEZL,9YEZL
FR849,FR849
V5F4V,V5F4V
YVXP7,YVXP7
2WGWL,2WGWL
YAJN9,YAJN9
98IX5,98IX5
0ZPVR,0ZPVR
L7GOR,L7GOR
IXOEE,IXOEE
GWFXK,GWFXK
JRMSF,JRMSF
UA2PP,UA2PP
AKQ67,AKQ67
UJNGA,UJNGA
2PQYV,2PQYV
XE240,XE240
XWZFF,XWZFF
8MO6J,8MO6J
0GKS2,0GKS2
AY0DZ,AY0DZ
YFMKD,YFMKD
W5V0V,W5V0V
QJ0C4,QJ0C4
BFZZN,BFZZN
89FTN,89FTN
9KS3P,9KS3P
8QH8N,8QH8N
X75WA,X75WA
8P894,8P894
49SZD,49SZD
3I76R,3I76R
4U5ZK,4U5ZK
TT14Z,TT14Z
JVFAL,JVFAL
AMXV9,AMXV9
QUSMC,QUSMC
L8UWL,L8UWL
VH86Z,VH86Z
1SNOY,1SNOY
M3BF1,M3BF1
PA90F,PA90F
49481,49481
WOOHN,WOOHN
04LUV,04LUV
RKJMT,RKJMT
WXTN5,WXTN5
PAZSY,PAZSY
A0EIN,A0EIN
88PT4,88PT4
KMB9O,KMB9O
9UD7Q,9UD7Q
B2H8D,B2H8D
G1CAI,G1CAI
XQFXY,XQFXY
HSFHG,HSFHG
C0YA4,C0YA4
YI1OJ,YI1OJ
DPX09,DPX09
56VKN,56VKN
QL6HP,QL6HP
1WVJ1,1WVJ1
25WXU,25WXU
I00HT,I00HT
NEIHJ,NEIHJ
7EYFW,7EYFW
XWDLR,XWDLR
AHXQF,AHXQF
3HDPY,3HDPY
A3GOS,A3GOS
XTIU8,XTIU8
1AHBI,1AHBI
W5K3H,W5K3H
J8WCP,J8WCP
UVX5V,UVX5V
L6FW8,L6FW8
8S2YJ,8S2YJ
L5S7D,L5S7D
C0WRM,C0WRM
R9ESJ,R9ESJ
NA9GV,NA9GV
74IM5,74IM5
G406P,G406P
4OQ41,4OQ41
50XJN,50XJN
662W5,662W5
WCRF1,WCRF1
F49FM,F49FM
E3EDA,E3EDA
ZRLTV,ZRLTV
IDMZS,IDMZS
5T8CO,5T8CO
132F5,132F5
TCS7H,TCS7H
Q1PG1,Q1PG1
NAYWJ,NAYWJ
9FM8T,9FM8T
2U4VP,2U4VP
GMJ43,GMJ43
L4A0Y,L4A0Y
JH3SN,JH3SN
A0Y6S,A0Y6S
3143,03143
SD5CP,SD5CP
YZZTO,YZZTO
LLGT0,LLGT0
7KU7N,7KU7N
7N3TG,7N3TG
W6YCN,W6YCN
8RKAQ,8RKAQ
Q6BXH,Q6BXH
U5SLB,U5SLB
VE3O6,VE3O6
HR5LT,HR5LT
QXYP2,QXYP2
ITSL6,ITSL6
Z3H8H,Z3H8H
BQNXG,BQNXG
B8JII,B8JII
B8X09,B8X09
K2GLG,K2GLG
8UMZJ,8UMZJ
9057D,9057D
EMV0K,EMV0K
NSQWK,NSQWK
R7S4B,R7S4B
TLYGX,TLYGX
1ETD5,1ETD5
2WLLS,2WLLS
WJDVI,WJDVI
TNLFY,TNLFY
6VQ6T,6VQ6T
W3IFT,W3IFT
A5T2Z,A5T2Z
HOWXO,HOWXO
R5OGN,R5OGN
D74K8,D74K8
MUFF5,MUFF5
L9DFN,L9DFN
QYSG8,QYSG8
8UPU9,8UPU9
RT1BZ,RT1BZ
DTPE7,DTPE7
4FFIU,4FFIU
8DUZA,8DUZA
C1GXK,C1GXK
CWUR2,CWUR2
43LK8,43LK8
LQ4AV,LQ4AV
W8Z2V,W8Z2V
4FQ71,4FQ71
4UR9Z,4UR9Z
AWDAT,AWDAT
K8HE7,K8HE7
EVMEW,EVMEW
QWSU9,QWSU9
E8G61,E8G61
1KLPC,1KLPC
KD4ZW,KD4ZW
59V9V,59V9V
R6I9L,R6I9L
KIX4N,KIX4N
SBGRW,SBGRW
5JIQX,5JIQX
I3YK1,I3YK1
GF1OO,GF1OO
0ZGMN,0ZGMN
UAT5T,UAT5T
MC16V,MC16V
4VV86,4VV86
CVMYU,CVMYU
ZPFNR,ZPFNR
K7O51,K7O51
K5OXD,K5OXD
CZYK6,CZYK6
T4EQF,T4EQF
ZF0F3,ZF0F3
2LZIZ,2LZIZ
9RYPJ,9RYPJ
TUEXJ,TUEXJ
FAHED,FAHED
EQ0OD,EQ0OD
YCWN8,YCWN8
POBHE,POBHE
O41YJ,O41YJ
V2QCZ,V2QCZ
FGN7F,FGN7F
3AM1K,3AM1K
1S0PS,1S0PS
2K0RH,2K0RH
NANH0,NANH0
HRI5A,HRI5A
YI2PR,YI2PR
YA8LG,YA8LG
TYZRT,TYZRT
DC219,DC219
5Q60O,5Q60O
ZNWV1,ZNWV1
RG43Y,RG43Y
KGPMC,KGPMC
Y7FAT,Y7FAT
AAL1A,AAL1A
C4TAX,C4TAX
LHO76,LHO76
XX0WR,XX0WR
A6EUX,A6EUX
806Q1,806Q1
VTC20,VTC20
VTHI9,VTHI9
XR5M6,XR5M6
VA7TV,VA7TV
HSBCR,HSBCR
7P9HQ,7P9HQ
K72X1,K72X1
6JMHD,6JMHD
0LLV4,0LLV4
RNCN1,RNCN1
J0UEI,J0UEI
AL0C6,AL0C6
AMCOG,AMCOG
8CKJX,8CKJX
KREOT,KREOT
XFUG5,XFUG5
BJBH9,BJBH9
QDI34,QDI34
X1BLP,X1BLP
10BA2,10BA2
9O91Y,9O91Y
GN8AL,GN8AL
Q31UL,Q31UL
FURCE,FURCE
6S37F,6S37F
XDEW9,XDEW9
0UYMK,0UYMK
C2AFW,C2AFW
LXFD8,LXFD8
D6L13,D6L13
A3IDQ,A3IDQ
ET27T,ET27T
G4LA2,G4LA2
F29GP,F29GP
6XFBQ,6XFBQ
RH8CY,RH8CY
JIK2C,JIK2C
2G971,2G971
93GNQ,93GNQ
NAUZT,NAUZT
8XVY9,8XVY9
VKPL4,VKPL4
OWERW,OWERW
FOTIC,FOTIC
Z4NGI,Z4NGI
X51LL,X51LL
ORB19,ORB19
BVX9L,BVX9L
NOWIM,NOWIM
1EA42,1EA42
XE267,XE267
3ALGA,3ALGA
B7KJQ,B7KJQ
PDB62,PDB62
FKP9M,FKP9M
V37ZI,V37ZI
5GJ6W,5GJ6W
KQAV7,KQAV7
RZYFJ,RZYFJ
7MFW6,7MFW6
KG4HK,KG4HK
M15F1,M15F1
JUGLP,JUGLP
HFH88,HFH88
UMH9V,UMH9V
ABYNU,ABYNU
M39A9,M39A9
JFMAF,JFMAF
KWBGQ,KWBGQ
DF2TB,DF2TB
GMSTH,GMSTH
EYCAC,EYCAC
BSIGZ,BSIGZ
4OIIM,4OIIM
E5ZKS,E5ZKS
U21QH,U21QH
K36JE,K36JE
SHM9Z,SHM9Z
LPNS9,LPNS9
YG1XW,YG1XW
7S792,7S792
ZB9K0,ZB9K0
1UP4V,1UP4V
T54BO,T54BO
UNWK9,UNWK9
LFREB,LFREB
PBWDF,PBWDF
1R1WR,1R1WR
CV3FA,CV3FA
J7FZR,J7FZR
8ROW9,8ROW9
1EAVD,1EAVD
TPK5R,TPK5R
WOKL3,WOKL3
08SEA,08SEA
ZV12A,ZV12A
X0OOJ,X0OOJ
CMWL7,CMWL7
HHEHI,HHEHI
BGZZ7,BGZZ7
VGSRH,VGSRH
ML83S,ML83S
LF4QF,LF4QF
GVVXH,GVVXH
5G69O,5G69O
7VAQB,7VAQB
UKPZJ,UKPZJ
MGBH7,MGBH7
8KQ0S,8KQ0S
GQPOL,GQPOL
DHHTW,DHHTW
QDQY5,QDQY5
HF4ZI,HF4ZI
Y523M,Y523M
QR8ME,QR8ME
WMDD8,WMDD8
EVLV5,EVLV5
AU2VN,AU2VN
S2T7S,S2T7S
IPJKM,IPJKM
BOL12,BOL12
V3M1N,V3M1N
MYL5R,MYL5R
TMSLH,TMSLH
75M5P,75M5P
0HWDI,0HWDI
N6ENU,N6ENU
0MPQK,0MPQK
X1IDM,X1IDM
EYR82,EYR82
L7UIV,L7UIV
64VEG,64VEG
LK8GU,LK8GU
GB19D,GB19D
X6DMX,X6DMX
1X4C3,1X4C3
ONB6J,ONB6J
6E7W7,6E7W7
4BVET,4BVET
CHYYT,CHYYT
45MDM,45MDM
I4L95,I4L95
KQDPB,KQDPB
M6HIP,M6HIP
CKV15,CKV15
ZGGT4,ZGGT4
B5K1W,B5K1W
WIFM8,WIFM8
XJVJB,XJVJB
2AT2Z,2AT2Z
NLL7B,NLL7B
I0E7W,I0E7W
S5WA4,S5WA4
23TAY,23TAY
OGP3A,OGP3A
RJVVR,RJVVR
XK4JH,XK4JH
F91SW,F91SW
RB6PA,RB6PA
C1G90,C1G90
E3PNV,E3PNV
46BFO,46BFO
V0CF2,V0CF2
OEIFT,OEIFT
W1OJJ,W1OJJ
FK1HW,FK1HW
QB4VM,QB4VM
RFYGA,RFYGA
O3YWR,O3YWR
AWT3A,AWT3A
UKW1T,UKW1T
JJOE4,JJOE4
LG0CG,LG0CG
77J69,77J69
OZ495,OZ495
A1J1Q,A1J1Q
VY5B9,VY5B9
MLNAC,MLNAC
DH1HH,DH1HH
J52T5,J52T5
SAIST,SAIST
X3NI0,X3NI0
VIY62,VIY62
6K71Y,6K71Y
MG88X,MG88X
K8DWY,K8DWY
GVQFL,GVQFL
91ZXU,91ZXU
153F7,153F7
YYJSS,YYJSS
NOOCT,NOOCT
RB9AU,RB9AU
NNB2P,NNB2P
8UTO5,8UTO5
THVKX,THVKX
K43XU,K43XU
VHT65,VHT65
6VWGR,6VWGR
464XE,464XE
NDE6J,NDE6J
GR3A0,GR3A0
AVE8X,AVE8X
TQLYS,TQLYS
09II1,09II1
RNKWP,RNKWP
14HZO,14HZO
SBS6J,SBS6J
JBMUS,JBMUS
DMBQP,DMBQP
BX33S,BX33S
PN19E,PN19E
BQJBB,BQJBB
AWC4L,AWC4L
V6UIT,V6UIT
BM3KG,BM3KG
O9SKP,O9SKP
EV11S,EV11S
J69VV,J69VV
KBSOQ,KBSOQ
7RKLE,7RKLE
0LR1R,0LR1R
ROFBH,ROFBH
QNMKE,QNMKE
XIOAG,XIOAG
IRSI2,IRSI2
ONJHK,ONJHK
MD28I,MD28I
X94F5,X94F5
YWRTA,YWRTA
7NUA9,7NUA9
VHB2H,VHB2H
1PIJ1,1PIJ1
TJBQT,TJBQT
8O9C5,8O9C5
J0JD6,J0JD6
5K4GL,5K4GL
KUD17,KUD17
HCHX0,HCHX0
7W4VG,7W4VG
OLM0W,OLM0W
VRK9Y,VRK9Y
H5FHN,H5FHN
YS3O9,YS3O9
L45B4,L45B4
56W1V,56W1V
Q7L1L,Q7L1L
2VXS7,2VXS7
5LLVO,5LLVO
OIDCW,OIDCW
P9ZY0,P9ZY0
XH52L,XH52L
3S8BA,3S8BA
311QA,311QA
0I6PH,0I6PH
ZNXM7,ZNXM7
BKJS8,BKJS8
W4T90,W4T90
EN94S,EN94S
G0RTX,G0RTX
AJ004,AJ004
Z3RUU,Z3RUU
CXOGL,CXOGL
OLR4Q,OLR4Q
LTP06,LTP06
VKJOB,VKJOB
2AMBH,2AMBH
S4KRA,S4KRA
U8I9D,U8I9D
WFLPL,WFLPL
96F0X,96F0X
YVYIE,YVYIE
Z7EO9,Z7EO9
96KQ1,96KQ1
YCY92,YCY92
SI8U8,SI8U8
5C0S9,5C0S9
HXB83,HXB83
32J7X,32J7X
IS8TS,IS8TS
YD235,YD235
MNXJZ,MNXJZ
AUYEY,AUYEY
3BZPA,3BZPA
EN028,EN028
MBESL,MBESL
YYQXZ,YYQXZ
W0BKR,W0BKR
657M8,657M8
T201V,T201V
993IC,993IC
73CQ7,73CQ7
GPC1X,GPC1X
7BKDR,7BKDR
LSGJO,LSGJO
YNRAM,YNRAM
6D5A9,6D5A9
KQKHL,KQKHL
PRSDY,PRSDY
XNJIM,XNJIM
T2MZV,T2MZV
9A8GX,9A8GX
O6J9K,O6J9K
XOL2M,XOL2M
JBC85,JBC85
J9QR2,J9QR2
3OGI3,3OGI3
ENSJ1,ENSJ1
GEQE2,GEQE2
06KO8,06KO8
940M7,940M7
SLCD8,SLCD8
804EQ,804EQ
ZKI59,ZKI59
71OXN,71OXN
E6B0K,E6B0K
8AMU9,8AMU9
R564P,R564P
SU12Y,SU12Y
J8M43,J8M43
SV9EM,SV9EM
VHGHX,VHGHX
T97YD,T97YD
X0H2O,X0H2O
FJ8UN,FJ8UN
BBNLX,BBNLX
2L5JD,2L5JD
SU0W2,SU0W2
Q77YL,Q77YL
BG6VU,BG6VU
64XCR,64XCR
95J1N,95J1N
GNCV5,GNCV5
0NUWK,0NUWK
E0CT3,E0CT3
L3VP8,L3VP8
1MHBD,1MHBD
41TXA,41TXA
B68GK,B68GK
UOCZ8,UOCZ8
ZSP6Q,ZSP6Q
C1C6E,C1C6E
J93K7,J93K7
R9EYC,R9EYC
V4JKY,V4JKY
8LA5I,8LA5I
U1PY2,U1PY2
WD282,WD282
DM03G,DM03G
PDI0K,PDI0K
VLO29,VLO29
25MQZ,25MQZ
X4NHW,X4NHW
9V3O8,9V3O8
P9HTI,P9HTI
5M816,5M816
9ILUJ,9ILUJ
YKQH4,YKQH4
KC7L3,KC7L3
RF538,RF538
CUD3Q,CUD3Q
XZ0NT,XZ0NT
S4HL8,S4HL8
HLDIX,HLDIX
WY8R6,WY8R6
0LNQD,0LNQD
PZ76B,PZ76B
4V8U6,4V8U6
TVONR,TVONR
WQJ64,WQJ64
L27RA,L27RA
61AKI,61AKI
LL4MM,LL4MM
5URQU,5URQU
SBRCT,SBRCT
VM3EX,VM3EX
3NAWS,3NAWS
85N9X,85N9X
ETA1H,ETA1H
1CARV,1CARV
91213,91213
YWVFC,YWVFC
1NEV4,1NEV4
D3L6Q,D3L6Q
50IQH,50IQH
QYW8D,QYW8D
UFDRO,UFDRO
SJZXT,SJZXT
NCTWR,NCTWR
2KVDN,2KVDN
H3F3Y,H3F3Y
VFU4A,VFU4A
HDFHR,HDFHR
MO178,MO178
N8D63,N8D63
MWUXS,MWUXS
IVVFE,IVVFE
AR5TZ,AR5TZ
KDGZI,KDGZI
SUTEN,SUTEN
VW4O9,VW4O9
5WE7V,5WE7V
2269B,2269B
0M165,0M165
OPPTW,OPPTW
ODOBH,ODOBH
8Q96A,8Q96A
X6T3E,X6T3E
G8RYD,G8RYD
SF1U3,SF1U3
NTAHS,NTAHS
XJIFE,XJIFE
WYDLA,WYDLA
B6D7Z,B6D7Z
7JMHV,7JMHV
3B878,3B878
P4YTW,P4YTW
OR0HJ,OR0HJ
B6BT6,B6BT6
T0OPK,T0OPK
3OWWB,3OWWB
FDODJ,FDODJ
RA8A5,RA8A5
LUFI1,LUFI1
5B26F,5B26F
XZGO5,XZGO5
QTPPK,QTPPK
9BJ5J,9BJ5J
OBEK3,OBEK3
RMWYJ,RMWYJ
JLGFB,JLGFB
DLIGG,DLIGG
567A4,567A4
LU4TS,LU4TS
Y0OJH,Y0OJH
IPA1Y,IPA1Y
HX6MX,HX6MX
0A8J1,0A8J1
88R2N,88R2N
G50PI,G50PI
DJRI7,DJRI7
UEJXH,UEJXH
XVTWV,XVTWV
HCJ5F,HCJ5F
5SJEL,5SJEL
JRIM0,JRIM0
0DTV3,0DTV3
4XWHL,4XWHL
MM6LH,MM6LH
PF5UC,PF5UC
87BPE,87BPE
0K97C,0K97C
80R5K,80R5K
5NS8C,5NS8C
YODYS,YODYS
TEVYD,TEVYD
XM3PW,XM3PW
CTP52,CTP52
TMCES,TMCES
3BF2K,3BF2K
QCGEE,QCGEE
RROD5,RROD5
4T26M,4T26M
P2NLE,P2NLE
KAKNK,KAKNK
CUB31,CUB31
ZW3BI,ZW3BI
RIMN3,RIMN3
X8DZP,X8DZP
SAARS,SAARS
HDK0Z,HDK0Z
BU2H8,BU2H8
AHO4D,AHO4D
D9J0I,D9J0I
A979C,A979C
T3QL5,T3QL5
WSJ1M,WSJ1M
SWB0W,SWB0W
QYZXA,QYZXA
84L6U,84L6U
NPDKM,NPDKM
14MUE,14MUE
B70E9,B70E9
7IOHF,7IOHF
LVMWN,LVMWN
22JO0,22JO0
E10L5,E10L5
25UIC,25UIC
E18T0,E18T0
FAAFQ,FAAFQ
PGB95,PGB95
H9J77,H9J77
ZG240,ZG240
2PXOG,2PXOG
AHQXY,AHQXY
Y8J0S,Y8J0S
WSJWL,WSJWL
5ELCJ,5ELCJ
P6YVS,P6YVS
FL13J,FL13J
W4TAC,W4TAC
9JA3V,9JA3V
2MWV2,2MWV2
SES7R,SES7R
GCPP2,GCPP2
HXFH3,HXFH3
KG872,KG872
KS3QH,KS3QH
QSHJ4,QSHJ4
KVJG1,KVJG1
